cwe_id,year,centrality,degree,raw_frequency
CWE-1,1999,-0.0,0,0
CWE-5,1999,-0.0,0,0
CWE-14,1999,-0.0,0,0
CWE-15,1999,-0.0,0,0
CWE-16,1999,0.4293247551698502,11,6
CWE-17,1999,-0.0,0,0
CWE-18,1999,2.7755575615628914e-17,0,0
CWE-19,1999,0.14073122574637917,8,1
CWE-20,1999,0.4400498001733515,9,8
CWE-21,1999,-0.0,0,0
CWE-22,1999,-3.3881317890172014e-21,0,0
CWE-23,1999,-6.352747104407253e-22,0,0
CWE-24,1999,6.948317145445432e-22,0,0
CWE-25,1999,9.65974237731723e-34,0,0
CWE-26,1999,3.7314892672502695e-34,0,0
CWE-27,1999,4.81482486096809e-35,0,0
CWE-28,1999,-0.0,0,0
CWE-29,1999,-0.0,0,0
CWE-31,1999,-0.0,0,0
CWE-32,1999,-0.0,0,0
CWE-35,1999,-0.0,0,0
CWE-36,1999,-0.0,0,0
CWE-37,1999,-0.0,0,0
CWE-38,1999,-0.0,0,0
CWE-40,1999,-0.0,0,0
CWE-41,1999,-0.0,0,0
CWE-42,1999,-0.0,0,0
CWE-43,1999,-0.0,0,0
CWE-46,1999,-0.0,0,0
CWE-50,1999,-0.0,0,0
CWE-55,1999,-0.0,0,0
CWE-57,1999,-0.0,0,0
CWE-59,1999,0.06608972658468362,4,3
CWE-61,1999,-0.0,0,0
CWE-64,1999,-0.0,0,0
CWE-65,1999,-0.0,0,0
CWE-66,1999,-0.0,0,0
CWE-67,1999,-0.0,0,0
CWE-69,1999,-0.0,0,0
CWE-73,1999,-0.0,0,0
CWE-74,1999,-0.0,0,0
CWE-75,1999,-0.0,0,0
CWE-76,1999,-0.0,0,0
CWE-77,1999,-0.0,0,0
CWE-78,1999,-0.0,0,0
CWE-79,1999,-0.0,0,0
CWE-80,1999,-0.0,0,0
CWE-81,1999,-0.0,0,0
CWE-82,1999,-0.0,0,0
CWE-83,1999,-0.0,0,0
CWE-84,1999,-0.0,0,0
CWE-85,1999,-0.0,0,0
CWE-86,1999,-0.0,0,0
CWE-87,1999,-0.0,0,0
CWE-88,1999,-0.0,0,0
CWE-89,1999,-0.0,0,0
CWE-90,1999,-0.0,0,0
CWE-91,1999,-0.0,0,0
CWE-92,1999,-0.0,0,0
CWE-93,1999,-0.0,0,0
CWE-94,1999,0.06608972658468362,4,3
CWE-95,1999,-0.0,0,0
CWE-96,1999,-0.0,0,0
CWE-97,1999,-0.0,0,0
CWE-98,1999,-0.0,0,0
CWE-99,1999,-0.0,0,0
CWE-112,1999,-0.0,0,0
CWE-113,1999,-0.0,0,0
CWE-114,1999,-0.0,0,0
CWE-115,1999,-0.0,0,0
CWE-116,1999,-0.0,0,0
CWE-117,1999,-0.0,0,0
CWE-118,1999,-0.0,0,0
CWE-119,1999,0.3611224793356482,11,5
CWE-120,1999,-0.0,0,1
CWE-121,1999,-0.0,0,0
CWE-122,1999,-0.0,0,0
CWE-123,1999,-0.0,0,0
CWE-124,1999,-0.0,0,0
CWE-125,1999,-0.0,0,0
CWE-126,1999,-0.0,0,0
CWE-127,1999,-0.0,0,0
CWE-128,1999,-0.0,0,0
CWE-129,1999,-0.0,0,0
CWE-130,1999,-0.0,0,0
CWE-131,1999,-0.0,0,0
CWE-134,1999,-0.0,0,0
CWE-138,1999,-0.0,0,0
CWE-140,1999,-0.0,0,0
CWE-141,1999,-0.0,0,0
CWE-142,1999,-0.0,0,0
CWE-143,1999,-0.0,0,0
CWE-144,1999,-0.0,0,0
CWE-145,1999,-0.0,0,0
CWE-146,1999,-0.0,0,0
CWE-147,1999,-0.0,0,0
CWE-148,1999,-0.0,0,0
CWE-149,1999,-0.0,0,0
CWE-150,1999,-0.0,0,0
CWE-153,1999,-0.0,0,0
CWE-155,1999,-0.0,0,0
CWE-156,1999,-0.0,0,0
CWE-158,1999,-0.0,0,0
CWE-159,1999,-0.0,0,0
CWE-162,1999,-0.0,0,0
CWE-164,1999,-0.0,0,0
CWE-166,1999,-0.0,0,0
CWE-167,1999,-0.0,0,0
CWE-168,1999,-0.0,0,0
CWE-170,1999,-0.0,0,0
CWE-172,1999,-0.0,0,0
CWE-173,1999,-0.0,0,0
CWE-174,1999,-0.0,0,0
CWE-176,1999,-0.0,0,0
CWE-177,1999,-0.0,0,0
CWE-178,1999,-0.0,0,0
CWE-179,1999,-0.0,0,0
CWE-180,1999,-0.0,0,0
CWE-183,1999,-0.0,0,0
CWE-184,1999,-0.0,0,0
CWE-185,1999,-0.0,0,0
CWE-186,1999,-0.0,0,0
CWE-187,1999,-0.0,0,0
CWE-188,1999,-0.0,0,0
CWE-189,1999,-0.0,0,0
CWE-190,1999,-0.0,0,0
CWE-191,1999,-0.0,0,0
CWE-192,1999,-0.0,0,0
CWE-193,1999,-0.0,0,1
CWE-194,1999,-0.0,0,0
CWE-195,1999,-0.0,0,0
CWE-196,1999,-0.0,0,0
CWE-197,1999,-0.0,0,0
CWE-198,1999,-0.0,0,0
CWE-199,1999,-0.0,0,0
CWE-200,1999,0.3611224793356482,11,7
CWE-201,1999,-0.0,0,0
CWE-202,1999,-0.0,0,0
CWE-203,1999,-0.0,0,0
CWE-204,1999,-0.0,0,0
CWE-207,1999,-0.0,0,0
CWE-208,1999,-0.0,0,0
CWE-209,1999,-0.0,0,0
CWE-212,1999,-0.0,0,0
CWE-213,1999,-0.0,0,0
CWE-214,1999,-0.0,0,0
CWE-215,1999,-0.0,0,0
CWE-216,1999,-0.0,0,0
CWE-219,1999,-0.0,0,0
CWE-221,1999,-0.0,0,0
CWE-223,1999,-0.0,0,0
CWE-226,1999,-0.0,0,0
CWE-227,1999,-0.0,0,0
CWE-228,1999,-0.0,0,0
CWE-229,1999,-0.0,0,0
CWE-230,1999,-0.0,0,0
CWE-231,1999,-0.0,0,0
CWE-232,1999,-0.0,0,0
CWE-233,1999,-0.0,0,0
CWE-235,1999,-0.0,0,0
CWE-236,1999,-0.0,0,0
CWE-237,1999,-0.0,0,0
CWE-239,1999,-0.0,0,0
CWE-240,1999,-0.0,0,0
CWE-241,1999,-0.0,0,0
CWE-242,1999,-0.0,0,0
CWE-244,1999,-0.0,0,0
CWE-248,1999,-0.0,0,0
CWE-250,1999,-0.0,0,0
CWE-252,1999,-0.0,0,0
CWE-253,1999,-0.0,0,0
CWE-254,1999,-0.0,0,0
CWE-255,1999,0.3101395564710882,8,3
CWE-256,1999,-0.0,0,0
CWE-257,1999,-0.0,0,0
CWE-258,1999,-0.0,0,0
CWE-259,1999,-0.0,0,0
CWE-260,1999,-0.0,0,0
CWE-261,1999,-0.0,0,0
CWE-262,1999,-0.0,0,0
CWE-263,1999,-0.0,0,0
CWE-264,1999,0.38960075393887633,9,6
CWE-265,1999,-0.0,0,0
CWE-266,1999,-0.0,0,0
CWE-267,1999,-0.0,0,0
CWE-268,1999,-0.0,0,0
CWE-269,1999,-0.0,0,0
CWE-270,1999,-0.0,0,0
CWE-271,1999,-0.0,0,0
CWE-272,1999,-0.0,0,0
CWE-273,1999,-0.0,0,0
CWE-274,1999,-0.0,0,0
CWE-275,1999,-0.0,0,0
CWE-276,1999,-0.0,0,1
CWE-277,1999,-0.0,0,0
CWE-278,1999,-0.0,0,0
CWE-279,1999,-0.0,0,0
CWE-280,1999,-0.0,0,0
CWE-281,1999,-0.0,0,0
CWE-282,1999,-0.0,0,0
CWE-283,1999,-0.0,0,0
CWE-284,1999,-0.0,0,0
CWE-285,1999,-0.0,0,0
CWE-286,1999,-0.0,0,0
CWE-287,1999,0.1607885764864526,8,3
CWE-288,1999,-0.0,0,0
CWE-289,1999,-0.0,0,0
CWE-290,1999,-0.0,0,0
CWE-291,1999,-0.0,0,0
CWE-292,1999,-0.0,0,0
CWE-294,1999,-0.0,0,0
CWE-295,1999,-0.0,0,0
CWE-296,1999,-0.0,0,0
CWE-297,1999,-0.0,0,0
CWE-298,1999,-0.0,0,0
CWE-299,1999,-0.0,0,0
CWE-300,1999,-0.0,0,0
CWE-302,1999,-0.0,0,0
CWE-303,1999,-0.0,0,0
CWE-304,1999,-0.0,0,0
CWE-305,1999,-0.0,0,0
CWE-306,1999,-0.0,0,0
CWE-307,1999,-0.0,0,1
CWE-308,1999,-0.0,0,0
CWE-309,1999,-0.0,0,0
CWE-310,1999,-0.0,0,0
CWE-311,1999,-0.0,0,0
CWE-312,1999,-0.0,0,0
CWE-313,1999,-0.0,0,0
CWE-315,1999,-0.0,0,0
CWE-316,1999,-0.0,0,0
CWE-317,1999,-0.0,0,0
CWE-319,1999,-0.0,0,0
CWE-320,1999,-0.0,0,0
CWE-321,1999,-0.0,0,0
CWE-322,1999,-0.0,0,0
CWE-323,1999,-0.0,0,0
CWE-324,1999,-0.0,0,0
CWE-325,1999,-0.0,0,0
CWE-326,1999,-0.0,0,0
CWE-327,1999,-0.0,0,0
CWE-328,1999,-0.0,0,0
CWE-329,1999,-0.0,0,0
CWE-330,1999,-0.0,0,0
CWE-331,1999,-0.0,0,0
CWE-332,1999,-0.0,0,0
CWE-333,1999,-0.0,0,0
CWE-334,1999,-0.0,0,0
CWE-335,1999,-0.0,0,0
CWE-336,1999,-0.0,0,0
CWE-337,1999,-0.0,0,0
CWE-338,1999,-0.0,0,0
CWE-339,1999,-0.0,0,0
CWE-340,1999,-0.0,0,0
CWE-341,1999,-0.0,0,0
CWE-342,1999,-0.0,0,0
CWE-343,1999,-0.0,0,0
CWE-344,1999,-0.0,0,0
CWE-345,1999,-0.0,0,0
CWE-346,1999,-0.0,0,1
CWE-347,1999,-0.0,0,0
CWE-348,1999,-0.0,0,0
CWE-349,1999,-0.0,0,0
CWE-350,1999,-0.0,0,0
CWE-351,1999,-0.0,0,0
CWE-352,1999,-0.0,0,0
CWE-353,1999,-0.0,0,0
CWE-354,1999,-0.0,0,0
CWE-356,1999,-0.0,0,0
CWE-357,1999,-0.0,0,0
CWE-358,1999,-0.0,0,0
CWE-359,1999,-0.0,0,0
CWE-361,1999,-0.0,0,0
CWE-362,1999,0.19759306616400715,5,1
CWE-363,1999,-0.0,0,0
CWE-364,1999,-0.0,0,0
CWE-366,1999,-0.0,0,0
CWE-367,1999,-0.0,0,0
CWE-369,1999,-0.0,0,0
CWE-371,1999,-0.0,0,0
CWE-372,1999,-0.0,0,0
CWE-377,1999,-0.0,0,0
CWE-378,1999,-0.0,0,0
CWE-379,1999,-0.0,0,0
CWE-384,1999,-0.0,0,1
CWE-385,1999,-0.0,0,0
CWE-386,1999,-0.0,0,0
CWE-388,1999,-0.0,0,0
CWE-390,1999,-0.0,0,0
CWE-391,1999,-0.0,0,0
CWE-392,1999,-0.0,0,0
CWE-393,1999,-0.0,0,0
CWE-394,1999,-0.0,0,0
CWE-395,1999,-0.0,0,0
CWE-396,1999,-0.0,0,0
CWE-399,1999,-0.0,0,0
CWE-400,1999,-0.0,0,0
CWE-401,1999,-0.0,0,0
CWE-402,1999,-0.0,0,0
CWE-403,1999,-0.0,0,0
CWE-404,1999,-0.0,0,0
CWE-405,1999,-0.0,0,0
CWE-406,1999,-0.0,0,0
CWE-407,1999,-0.0,0,0
CWE-408,1999,-0.0,0,0
CWE-409,1999,-0.0,0,0
CWE-410,1999,-0.0,0,0
CWE-412,1999,-0.0,0,0
CWE-413,1999,-0.0,0,0
CWE-414,1999,-0.0,0,0
CWE-415,1999,-0.0,0,0
CWE-416,1999,-0.0,0,0
CWE-417,1999,-0.0,0,0
CWE-419,1999,-0.0,0,0
CWE-420,1999,-0.0,0,0
CWE-421,1999,-0.0,0,0
CWE-422,1999,-0.0,0,0
CWE-424,1999,-0.0,0,0
CWE-425,1999,-0.0,0,0
CWE-426,1999,-0.0,0,0
CWE-427,1999,-0.0,0,0
CWE-428,1999,-0.0,0,0
CWE-430,1999,-0.0,0,0
CWE-431,1999,-0.0,0,0
CWE-433,1999,-0.0,0,0
CWE-434,1999,-0.0,0,0
CWE-435,1999,-0.0,0,0
CWE-436,1999,-0.0,0,0
CWE-437,1999,-0.0,0,0
CWE-440,1999,-0.0,0,0
CWE-441,1999,-0.0,0,0
CWE-444,1999,-0.0,0,0
CWE-446,1999,-0.0,0,0
CWE-447,1999,-0.0,0,0
CWE-448,1999,-0.0,0,0
CWE-449,1999,-0.0,0,0
CWE-450,1999,-0.0,0,0
CWE-451,1999,-0.0,0,0
CWE-453,1999,-0.0,0,0
CWE-454,1999,-0.0,0,0
CWE-455,1999,-0.0,0,0
CWE-456,1999,-0.0,0,0
CWE-457,1999,-0.0,0,0
CWE-459,1999,-0.0,0,0
CWE-460,1999,-0.0,0,0
CWE-462,1999,-0.0,0,0
CWE-463,1999,-0.0,0,0
CWE-465,1999,-0.0,0,0
CWE-466,1999,-0.0,0,0
CWE-467,1999,-0.0,0,0
CWE-468,1999,-0.0,0,0
CWE-469,1999,-0.0,0,0
CWE-470,1999,-0.0,0,0
CWE-471,1999,-0.0,0,0
CWE-472,1999,-0.0,0,0
CWE-473,1999,-0.0,0,0
CWE-474,1999,-0.0,0,0
CWE-475,1999,-0.0,0,0
CWE-476,1999,-0.0,0,0
CWE-477,1999,-0.0,0,0
CWE-479,1999,-0.0,0,0
CWE-480,1999,-0.0,0,0
CWE-484,1999,-0.0,0,0
CWE-488,1999,-0.0,0,0
CWE-489,1999,-0.0,0,0
CWE-491,1999,-0.0,0,0
CWE-494,1999,-0.0,0,0
CWE-495,1999,-0.0,0,0
CWE-497,1999,-0.0,0,0
CWE-501,1999,-0.0,0,0
CWE-502,1999,-0.0,0,0
CWE-506,1999,-0.0,0,0
CWE-507,1999,-0.0,0,0
CWE-514,1999,-0.0,0,0
CWE-520,1999,-0.0,0,0
CWE-521,1999,-0.0,0,0
CWE-522,1999,-0.0,0,0
CWE-523,1999,-0.0,0,0
CWE-524,1999,-0.0,0,0
CWE-525,1999,-0.0,0,0
CWE-526,1999,-0.0,0,0
CWE-527,1999,-0.0,0,0
CWE-530,1999,-0.0,0,0
CWE-531,1999,-0.0,0,0
CWE-532,1999,-0.0,0,0
CWE-533,1999,-0.0,0,0
CWE-534,1999,-0.0,0,0
CWE-538,1999,-0.0,0,0
CWE-539,1999,-0.0,0,0
CWE-540,1999,-0.0,0,0
CWE-544,1999,-0.0,0,0
CWE-547,1999,-0.0,0,0
CWE-548,1999,-0.0,0,0
CWE-549,1999,-0.0,0,0
CWE-550,1999,-0.0,0,0
CWE-551,1999,-0.0,0,0
CWE-552,1999,-0.0,0,0
CWE-553,1999,-0.0,0,0
CWE-555,1999,-0.0,0,0
CWE-556,1999,-0.0,0,0
CWE-557,1999,-0.0,0,0
CWE-561,1999,-0.0,0,0
CWE-562,1999,-0.0,0,0
CWE-563,1999,-0.0,0,0
CWE-564,1999,-0.0,0,0
CWE-565,1999,-0.0,0,0
CWE-566,1999,-0.0,0,0
CWE-567,1999,-0.0,0,0
CWE-570,1999,-0.0,0,0
CWE-571,1999,-0.0,0,0
CWE-573,1999,-0.0,0,0
CWE-590,1999,-0.0,0,0
CWE-591,1999,-0.0,0,0
CWE-592,1999,-0.0,0,0
CWE-597,1999,-0.0,0,0
CWE-598,1999,-0.0,0,0
CWE-599,1999,-0.0,0,0
CWE-600,1999,-0.0,0,0
CWE-601,1999,-0.0,0,0
CWE-602,1999,-0.0,0,0
CWE-603,1999,-0.0,0,0
CWE-605,1999,-0.0,0,0
CWE-606,1999,-0.0,0,0
CWE-610,1999,-0.0,0,0
CWE-611,1999,-0.0,0,0
CWE-612,1999,-0.0,0,0
CWE-613,1999,-0.0,0,0
CWE-614,1999,-0.0,0,0
CWE-615,1999,-0.0,0,0
CWE-616,1999,-0.0,0,0
CWE-617,1999,-0.0,0,0
CWE-618,1999,-0.0,0,0
CWE-620,1999,-0.0,0,0
CWE-622,1999,-0.0,0,0
CWE-623,1999,-0.0,0,0
CWE-624,1999,-0.0,0,0
CWE-625,1999,-0.0,0,0
CWE-626,1999,-0.0,0,0
CWE-627,1999,-0.0,0,0
CWE-628,1999,-0.0,0,0
CWE-636,1999,-0.0,0,0
CWE-639,1999,-0.0,0,0
CWE-640,1999,-0.0,0,0
CWE-641,1999,-0.0,0,0
CWE-642,1999,-0.0,0,0
CWE-643,1999,-0.0,0,0
CWE-644,1999,-0.0,0,0
CWE-645,1999,-0.0,0,0
CWE-646,1999,-0.0,0,0
CWE-647,1999,-0.0,0,0
CWE-648,1999,-0.0,0,0
CWE-649,1999,-0.0,0,0
CWE-650,1999,-0.0,0,0
CWE-653,1999,-0.0,0,0
CWE-655,1999,-0.0,0,0
CWE-656,1999,-0.0,0,0
CWE-657,1999,-0.0,0,0
CWE-662,1999,-0.0,0,0
CWE-664,1999,-0.0,0,0
CWE-665,1999,-0.0,0,1
CWE-666,1999,-0.0,0,0
CWE-667,1999,-0.0,0,0
CWE-668,1999,-0.0,0,0
CWE-669,1999,-0.0,0,0
CWE-670,1999,-0.0,0,0
CWE-671,1999,-0.0,0,0
CWE-672,1999,-0.0,0,0
CWE-673,1999,-0.0,0,0
CWE-674,1999,-0.0,0,0
CWE-675,1999,-0.0,0,0
CWE-676,1999,-0.0,0,0
CWE-680,1999,-0.0,0,0
CWE-681,1999,-0.0,0,0
CWE-682,1999,-0.0,0,0
CWE-683,1999,-0.0,0,0
CWE-684,1999,-0.0,0,0
CWE-686,1999,-0.0,0,0
CWE-688,1999,-0.0,0,0
CWE-689,1999,-0.0,0,0
CWE-690,1999,-0.0,0,0
CWE-691,1999,-0.0,0,0
CWE-692,1999,-0.0,0,0
CWE-693,1999,-0.0,0,0
CWE-694,1999,-0.0,0,0
CWE-696,1999,-0.0,0,0
CWE-697,1999,-0.0,0,0
CWE-698,1999,-0.0,0,0
CWE-701,1999,-0.0,0,0
CWE-703,1999,-0.0,0,0
CWE-704,1999,-0.0,0,0
CWE-705,1999,-0.0,0,0
CWE-706,1999,-0.0,0,0
CWE-707,1999,-0.0,0,0
CWE-708,1999,-0.0,0,0
CWE-710,1999,-0.0,0,0
CWE-732,1999,-0.0,0,0
CWE-733,1999,-0.0,0,0
CWE-749,1999,-0.0,0,0
CWE-754,1999,-0.0,0,0
CWE-755,1999,-0.0,0,0
CWE-757,1999,-0.0,0,0
CWE-758,1999,-0.0,0,0
CWE-759,1999,-0.0,0,0
CWE-760,1999,-0.0,0,0
CWE-761,1999,-0.0,0,0
CWE-762,1999,-0.0,0,0
CWE-763,1999,-0.0,0,0
CWE-767,1999,-0.0,0,0
CWE-768,1999,-0.0,0,0
CWE-769,1999,-0.0,0,0
CWE-770,1999,-0.0,0,0
CWE-771,1999,-0.0,0,0
CWE-772,1999,0.14073122574637917,8,1
CWE-774,1999,-0.0,0,0
CWE-775,1999,-0.0,0,0
CWE-776,1999,-0.0,0,0
CWE-777,1999,-0.0,0,0
CWE-778,1999,-0.0,0,0
CWE-779,1999,-0.0,0,0
CWE-780,1999,-0.0,0,0
CWE-782,1999,-0.0,0,0
CWE-783,1999,-0.0,0,0
CWE-784,1999,-0.0,0,0
CWE-786,1999,-0.0,0,0
CWE-787,1999,-0.0,0,0
CWE-788,1999,-0.0,0,0
CWE-789,1999,-0.0,0,0
CWE-790,1999,-0.0,0,0
CWE-791,1999,-0.0,0,0
CWE-792,1999,-0.0,0,0
CWE-794,1999,-0.0,0,0
CWE-798,1999,-0.0,0,0
CWE-799,1999,-0.0,0,0
CWE-804,1999,-0.0,0,0
CWE-805,1999,-0.0,0,0
CWE-807,1999,-0.0,0,0
CWE-820,1999,-0.0,0,0
CWE-821,1999,-0.0,0,0
CWE-822,1999,-0.0,0,0
CWE-823,1999,-0.0,0,0
CWE-824,1999,-0.0,0,0
CWE-825,1999,-0.0,0,0
CWE-826,1999,-0.0,0,0
CWE-828,1999,-0.0,0,0
CWE-829,1999,-0.0,0,0
CWE-830,1999,-0.0,0,0
CWE-832,1999,-0.0,0,0
CWE-833,1999,-0.0,0,0
CWE-834,1999,-0.0,0,0
CWE-835,1999,-0.0,0,0
CWE-836,1999,-0.0,0,0
CWE-837,1999,-0.0,0,0
CWE-838,1999,-0.0,0,0
CWE-839,1999,-0.0,0,0
CWE-840,1999,-0.0,0,0
CWE-841,1999,-0.0,0,0
CWE-842,1999,-0.0,0,0
CWE-843,1999,-0.0,0,0
CWE-862,1999,-0.0,0,0
CWE-863,1999,-0.0,0,0
CWE-882,1999,-0.0,0,0
CWE-908,1999,-0.0,0,0
CWE-909,1999,-0.0,0,0
CWE-910,1999,-0.0,0,0
CWE-911,1999,-0.0,0,0
CWE-912,1999,-0.0,0,0
CWE-913,1999,-0.0,0,0
CWE-914,1999,-0.0,0,0
CWE-915,1999,-0.0,0,0
CWE-916,1999,-0.0,0,0
CWE-917,1999,-0.0,0,0
CWE-918,1999,-0.0,0,0
CWE-920,1999,-0.0,0,0
CWE-921,1999,-0.0,0,0
CWE-922,1999,-0.0,0,0
CWE-923,1999,-0.0,0,0
CWE-924,1999,-0.0,0,0
CWE-925,1999,-0.0,0,0
CWE-926,1999,-0.0,0,0
CWE-927,1999,-0.0,0,0
CWE-939,1999,-0.0,0,0
CWE-940,1999,-0.0,0,0
CWE-941,1999,-0.0,0,0
CWE-942,1999,-0.0,0,0
CWE-943,1999,-0.0,0,0
CWE-1004,1999,-0.0,0,0
CWE-1007,1999,-0.0,0,0
CWE-1018,1999,-0.0,0,0
CWE-1021,1999,-0.0,0,0
CWE-1022,1999,-0.0,0,0
CWE-1023,1999,-0.0,0,0
CWE-1025,1999,-0.0,0,0
CWE-1026,1999,-0.0,0,0
CWE-1027,1999,-0.0,0,0
CWE-1032,1999,-0.0,0,0
CWE-1035,1999,-0.0,0,0
CWE-1037,1999,-0.0,0,0
CWE-1038,1999,-0.0,0,0
CWE-1039,1999,-0.0,0,0
CWE-1046,1999,-0.0,0,0
CWE-1049,1999,-0.0,0,0
CWE-1050,1999,-0.0,0,0
CWE-1059,1999,-0.0,0,0
CWE-1068,1999,-0.0,0,0
CWE-1072,1999,-0.0,0,0
CWE-1076,1999,-0.0,0,0
CWE-1077,1999,-0.0,0,0
CWE-1088,1999,-0.0,0,0
CWE-1100,1999,-0.0,0,0
CWE-1102,1999,-0.0,0,0
CWE-1103,1999,-0.0,0,0
CWE-1104,1999,-0.0,0,0
CWE-1106,1999,-0.0,0,0
CWE-1108,1999,-0.0,0,0
CWE-1112,1999,-0.0,0,0
CWE-1116,1999,-0.0,0,0
CWE-1119,1999,-0.0,0,0
CWE-1124,1999,-0.0,0,0
CWE-1125,1999,-0.0,0,0
CWE-1149,1999,-0.0,0,0
CWE-1164,1999,-0.0,0,0
CWE-1173,1999,-0.0,0,0
CWE-1174,1999,-0.0,0,0
CWE-1176,1999,-0.0,0,0
CWE-1187,1999,-0.0,0,0
CWE-1188,1999,-0.0,0,0
CWE-1189,1999,-0.0,0,0
CWE-1191,1999,-0.0,0,0
CWE-1204,1999,-0.0,0,0
CWE-1220,1999,-0.0,0,0
CWE-1223,1999,-0.0,0,0
CWE-1230,1999,-0.0,0,0
CWE-1231,1999,-0.0,0,0
CWE-1233,1999,-0.0,0,0
CWE-1234,1999,-0.0,0,0
CWE-1236,1999,-0.0,0,0
CWE-1240,1999,-0.0,0,0
CWE-1241,1999,-0.0,0,0
CWE-1242,1999,-0.0,0,0
CWE-1244,1999,-0.0,0,0
CWE-1245,1999,-0.0,0,0
CWE-1246,1999,-0.0,0,0
CWE-1247,1999,-0.0,0,0
CWE-1250,1999,-0.0,0,0
CWE-1251,1999,-0.0,0,0
CWE-1254,1999,-0.0,0,0
CWE-1255,1999,-0.0,0,0
CWE-1256,1999,-0.0,0,0
CWE-1257,1999,-0.0,0,0
CWE-1258,1999,-0.0,0,0
CWE-1259,1999,-0.0,0,0
CWE-1260,1999,-0.0,0,0
CWE-1262,1999,-0.0,0,0
CWE-1263,1999,-0.0,0,0
CWE-1264,1999,-0.0,0,0
CWE-1268,1999,-0.0,0,0
CWE-1270,1999,-0.0,0,0
CWE-1274,1999,-0.0,0,0
CWE-1275,1999,-0.0,0,0
CWE-1276,1999,-0.0,0,0
CWE-1277,1999,-0.0,0,0
CWE-1278,1999,-0.0,0,0
CWE-1280,1999,-0.0,0,0
CWE-1281,1999,-0.0,0,0
CWE-1282,1999,-0.0,0,0
CWE-1283,1999,-0.0,0,0
CWE-1284,1999,-0.0,0,0
CWE-1285,1999,-0.0,0,0
CWE-1286,1999,-0.0,0,0
CWE-1287,1999,-0.0,0,0
CWE-1288,1999,-0.0,0,0
CWE-1289,1999,-0.0,0,0
CWE-1294,1999,-0.0,0,0
CWE-1295,1999,-0.0,0,0
CWE-1298,1999,-0.0,0,0
CWE-1299,1999,-0.0,0,0
CWE-1300,1999,-0.0,0,0
CWE-1301,1999,-0.0,0,0
CWE-1303,1999,-0.0,0,0
CWE-1304,1999,-0.0,0,0
CWE-1310,1999,-0.0,0,0
CWE-1312,1999,-0.0,0,0
CWE-1313,1999,-0.0,0,0
CWE-1314,1999,-0.0,0,0
CWE-1316,1999,-0.0,0,0
CWE-1319,1999,-0.0,0,0
CWE-1320,1999,-0.0,0,0
CWE-1321,1999,-0.0,0,0
CWE-1322,1999,-0.0,0,0
CWE-1323,1999,-0.0,0,0
CWE-1325,1999,-0.0,0,0
CWE-1326,1999,-0.0,0,0
CWE-1327,1999,-0.0,0,0
CWE-1328,1999,-0.0,0,0
CWE-1329,1999,-0.0,0,0
CWE-1330,1999,-0.0,0,0
CWE-1332,1999,-0.0,0,0
CWE-1333,1999,-0.0,0,0
CWE-1334,1999,-0.0,0,0
CWE-1335,1999,-0.0,0,0
CWE-1336,1999,-0.0,0,0
CWE-1342,1999,-0.0,0,0
CWE-1357,1999,-0.0,0,0
CWE-1366,1999,-0.0,0,0
CWE-1384,1999,-0.0,0,0
CWE-1385,1999,-0.0,0,0
CWE-1386,1999,-0.0,0,0
CWE-1389,1999,-0.0,0,0
CWE-1390,1999,-0.0,0,0
CWE-1391,1999,-0.0,0,0
CWE-1392,1999,-0.0,0,0
CWE-1393,1999,-0.0,0,0
CWE-1394,1999,-0.0,0,0
CWE-1,2000,-0.0,0,0
CWE-5,2000,-0.0,0,0
CWE-14,2000,-0.0,0,0
CWE-15,2000,-0.0,0,0
CWE-16,2000,0.2827232681579043,3,1
CWE-17,2000,-0.0,0,0
CWE-18,2000,-0.0,0,0
CWE-19,2000,-0.0,0,0
CWE-20,2000,-0.0,2,3
CWE-21,2000,-0.0,0,0
CWE-22,2000,-0.0,0,0
CWE-23,2000,-0.0,0,0
CWE-24,2000,-0.0,0,0
CWE-25,2000,-0.0,0,0
CWE-26,2000,-0.0,0,0
CWE-27,2000,-0.0,0,0
CWE-28,2000,-0.0,0,0
CWE-29,2000,-0.0,0,0
CWE-31,2000,-0.0,0,0
CWE-32,2000,-0.0,0,0
CWE-35,2000,-0.0,0,0
CWE-36,2000,-0.0,0,0
CWE-37,2000,-0.0,0,0
CWE-38,2000,-0.0,0,0
CWE-40,2000,-0.0,0,0
CWE-41,2000,-0.0,0,0
CWE-42,2000,-0.0,0,0
CWE-43,2000,-0.0,0,0
CWE-46,2000,-0.0,0,0
CWE-50,2000,-0.0,0,0
CWE-55,2000,-0.0,0,0
CWE-57,2000,-0.0,0,0
CWE-59,2000,-0.0,1,3
CWE-61,2000,-0.0,0,0
CWE-64,2000,-0.0,0,0
CWE-65,2000,-0.0,0,0
CWE-66,2000,-0.0,0,0
CWE-67,2000,-0.0,0,0
CWE-69,2000,-0.0,0,0
CWE-73,2000,-0.0,0,0
CWE-74,2000,-0.0,0,0
CWE-75,2000,-0.0,0,0
CWE-76,2000,-0.0,0,0
CWE-77,2000,-0.0,0,0
CWE-78,2000,-0.0,0,0
CWE-79,2000,-0.0,0,1
CWE-80,2000,-0.0,0,0
CWE-81,2000,-0.0,0,0
CWE-82,2000,-0.0,0,0
CWE-83,2000,-0.0,0,0
CWE-84,2000,-0.0,0,0
CWE-85,2000,-0.0,0,0
CWE-86,2000,-0.0,0,0
CWE-87,2000,-0.0,0,0
CWE-88,2000,-0.0,0,0
CWE-89,2000,-0.0,0,0
CWE-90,2000,-0.0,0,0
CWE-91,2000,-0.0,0,0
CWE-92,2000,-0.0,0,0
CWE-93,2000,-0.0,0,0
CWE-94,2000,0.533035602371432,3,1
CWE-95,2000,-0.0,0,0
CWE-96,2000,-0.0,0,0
CWE-97,2000,-0.0,0,0
CWE-98,2000,-0.0,0,0
CWE-99,2000,-0.0,0,0
CWE-112,2000,-0.0,0,0
CWE-113,2000,-0.0,0,0
CWE-114,2000,-0.0,0,0
CWE-115,2000,-0.0,0,0
CWE-116,2000,-0.0,0,0
CWE-117,2000,-0.0,0,0
CWE-118,2000,-0.0,0,0
CWE-119,2000,-0.0,1,1
CWE-120,2000,-0.0,1,4
CWE-121,2000,-0.0,0,0
CWE-122,2000,-0.0,0,0
CWE-123,2000,-0.0,0,0
CWE-124,2000,-0.0,0,0
CWE-125,2000,-0.0,0,0
CWE-126,2000,-0.0,0,0
CWE-127,2000,-0.0,0,0
CWE-128,2000,-0.0,0,0
CWE-129,2000,-0.0,0,0
CWE-130,2000,-0.0,0,0
CWE-131,2000,-0.0,0,0
CWE-134,2000,-0.0,0,0
CWE-138,2000,-0.0,0,0
CWE-140,2000,-0.0,0,0
CWE-141,2000,-0.0,0,0
CWE-142,2000,-0.0,0,0
CWE-143,2000,-0.0,0,0
CWE-144,2000,-0.0,0,0
CWE-145,2000,-0.0,0,0
CWE-146,2000,-0.0,0,0
CWE-147,2000,-0.0,0,0
CWE-148,2000,-0.0,0,0
CWE-149,2000,-0.0,0,0
CWE-150,2000,-0.0,0,0
CWE-153,2000,-0.0,0,0
CWE-155,2000,-0.0,0,0
CWE-156,2000,-0.0,0,0
CWE-158,2000,-0.0,0,0
CWE-159,2000,-0.0,0,0
CWE-162,2000,-0.0,0,0
CWE-164,2000,-0.0,0,0
CWE-166,2000,-0.0,0,0
CWE-167,2000,-0.0,0,0
CWE-168,2000,-0.0,0,0
CWE-170,2000,-0.0,0,0
CWE-172,2000,-0.0,0,0
CWE-173,2000,-0.0,0,0
CWE-174,2000,-0.0,0,0
CWE-176,2000,-0.0,0,0
CWE-177,2000,-0.0,0,0
CWE-178,2000,-0.0,0,3
CWE-179,2000,-0.0,0,0
CWE-180,2000,-0.0,0,0
CWE-183,2000,-0.0,0,0
CWE-184,2000,-0.0,0,0
CWE-185,2000,-0.0,0,0
CWE-186,2000,-0.0,0,0
CWE-187,2000,-0.0,0,0
CWE-188,2000,-0.0,0,0
CWE-189,2000,-0.0,0,0
CWE-190,2000,-0.0,0,0
CWE-191,2000,-0.0,0,0
CWE-192,2000,-0.0,0,0
CWE-193,2000,-0.0,0,0
CWE-194,2000,-0.0,0,0
CWE-195,2000,-0.0,0,0
CWE-196,2000,-0.0,0,0
CWE-197,2000,-0.0,0,0
CWE-198,2000,-0.0,0,0
CWE-199,2000,-0.0,0,0
CWE-200,2000,-0.0,2,4
CWE-201,2000,-0.0,0,0
CWE-202,2000,-0.0,0,0
CWE-203,2000,-0.0,0,0
CWE-204,2000,-0.0,0,0
CWE-207,2000,-0.0,0,0
CWE-208,2000,-0.0,0,0
CWE-209,2000,-0.0,0,0
CWE-212,2000,-0.0,0,0
CWE-213,2000,-0.0,0,0
CWE-214,2000,-0.0,0,0
CWE-215,2000,-0.0,0,0
CWE-216,2000,-0.0,0,0
CWE-219,2000,-0.0,0,0
CWE-221,2000,-0.0,0,0
CWE-223,2000,-0.0,0,0
CWE-226,2000,-0.0,0,0
CWE-227,2000,-0.0,0,0
CWE-228,2000,-0.0,0,0
CWE-229,2000,-0.0,0,0
CWE-230,2000,-0.0,0,0
CWE-231,2000,-0.0,0,0
CWE-232,2000,-0.0,0,0
CWE-233,2000,-0.0,0,0
CWE-235,2000,-0.0,0,0
CWE-236,2000,-0.0,0,0
CWE-237,2000,-0.0,0,0
CWE-239,2000,-0.0,0,0
CWE-240,2000,-0.0,0,0
CWE-241,2000,-0.0,0,0
CWE-242,2000,-0.0,0,0
CWE-244,2000,-0.0,0,0
CWE-248,2000,-0.0,0,0
CWE-250,2000,-0.0,0,0
CWE-252,2000,-0.0,0,0
CWE-253,2000,-0.0,0,0
CWE-254,2000,-0.0,0,1
CWE-255,2000,-0.0,0,0
CWE-256,2000,-0.0,0,0
CWE-257,2000,-0.0,0,0
CWE-258,2000,-0.0,0,0
CWE-259,2000,-0.0,0,0
CWE-260,2000,-0.0,0,0
CWE-261,2000,-0.0,0,0
CWE-262,2000,-0.0,0,0
CWE-263,2000,-0.0,0,0
CWE-264,2000,-0.0,2,2
CWE-265,2000,-0.0,0,0
CWE-266,2000,-0.0,0,0
CWE-267,2000,-0.0,0,0
CWE-268,2000,-0.0,0,0
CWE-269,2000,-0.0,0,0
CWE-270,2000,-0.0,0,0
CWE-271,2000,-0.0,0,0
CWE-272,2000,-0.0,0,0
CWE-273,2000,-0.0,0,0
CWE-274,2000,-0.0,0,0
CWE-275,2000,-0.0,0,0
CWE-276,2000,-0.0,0,0
CWE-277,2000,-0.0,0,0
CWE-278,2000,-0.0,0,0
CWE-279,2000,-0.0,0,0
CWE-280,2000,-0.0,0,0
CWE-281,2000,-0.0,0,0
CWE-282,2000,-0.0,0,0
CWE-283,2000,-0.0,0,0
CWE-284,2000,-0.0,0,0
CWE-285,2000,-0.0,0,0
CWE-286,2000,-0.0,0,0
CWE-287,2000,-0.0,0,0
CWE-288,2000,-0.0,0,0
CWE-289,2000,-0.0,0,0
CWE-290,2000,-0.0,0,0
CWE-291,2000,-0.0,0,0
CWE-292,2000,-0.0,0,0
CWE-294,2000,-0.0,0,0
CWE-295,2000,-0.0,0,0
CWE-296,2000,-0.0,0,0
CWE-297,2000,-0.0,0,0
CWE-298,2000,-0.0,0,0
CWE-299,2000,-0.0,0,0
CWE-300,2000,-0.0,0,0
CWE-302,2000,-0.0,0,0
CWE-303,2000,-0.0,0,0
CWE-304,2000,-0.0,0,0
CWE-305,2000,-0.0,0,0
CWE-306,2000,-0.0,0,0
CWE-307,2000,-0.0,0,0
CWE-308,2000,-0.0,0,0
CWE-309,2000,-0.0,0,0
CWE-310,2000,-0.0,1,1
CWE-311,2000,-0.0,0,0
CWE-312,2000,-0.0,0,0
CWE-313,2000,-0.0,0,0
CWE-315,2000,-0.0,0,0
CWE-316,2000,-0.0,0,0
CWE-317,2000,-0.0,0,0
CWE-319,2000,-0.0,0,0
CWE-320,2000,-0.0,0,0
CWE-321,2000,-0.0,0,0
CWE-322,2000,-0.0,0,0
CWE-323,2000,-0.0,0,0
CWE-324,2000,-0.0,0,0
CWE-325,2000,-0.0,0,0
CWE-326,2000,-0.0,0,0
CWE-327,2000,-0.0,0,0
CWE-328,2000,-0.0,0,0
CWE-329,2000,-0.0,0,0
CWE-330,2000,-0.0,0,0
CWE-331,2000,-0.0,0,0
CWE-332,2000,-0.0,0,0
CWE-333,2000,-0.0,0,0
CWE-334,2000,-0.0,0,0
CWE-335,2000,-0.0,0,0
CWE-336,2000,-0.0,0,0
CWE-337,2000,-0.0,0,0
CWE-338,2000,-0.0,0,0
CWE-339,2000,-0.0,0,0
CWE-340,2000,-0.0,0,0
CWE-341,2000,-0.0,0,0
CWE-342,2000,-0.0,0,0
CWE-343,2000,-0.0,0,0
CWE-344,2000,-0.0,0,0
CWE-345,2000,-0.0,0,0
CWE-346,2000,0.533035602371432,3,1
CWE-347,2000,-0.0,0,0
CWE-348,2000,-0.0,0,0
CWE-349,2000,-0.0,0,0
CWE-350,2000,-0.0,0,0
CWE-351,2000,-0.0,0,0
CWE-352,2000,-0.0,0,0
CWE-353,2000,-0.0,0,0
CWE-354,2000,-0.0,0,0
CWE-356,2000,-0.0,0,0
CWE-357,2000,-0.0,0,0
CWE-358,2000,-0.0,0,0
CWE-359,2000,-0.0,0,0
CWE-361,2000,-0.0,0,0
CWE-362,2000,-0.0,0,1
CWE-363,2000,-0.0,0,0
CWE-364,2000,-0.0,0,0
CWE-366,2000,-0.0,0,0
CWE-367,2000,-0.0,0,0
CWE-369,2000,-0.0,0,0
CWE-371,2000,-0.0,0,0
CWE-372,2000,-0.0,0,0
CWE-377,2000,-0.0,0,0
CWE-378,2000,-0.0,0,0
CWE-379,2000,-0.0,0,0
CWE-384,2000,-0.0,0,0
CWE-385,2000,-0.0,0,0
CWE-386,2000,-0.0,0,0
CWE-388,2000,-0.0,0,0
CWE-390,2000,-0.0,0,0
CWE-391,2000,-0.0,0,0
CWE-392,2000,-0.0,0,0
CWE-393,2000,-0.0,0,0
CWE-394,2000,-0.0,0,0
CWE-395,2000,-0.0,0,0
CWE-396,2000,-0.0,0,0
CWE-399,2000,0.5931388090920733,3,1
CWE-400,2000,-0.0,0,0
CWE-401,2000,-0.0,0,0
CWE-402,2000,-0.0,0,0
CWE-403,2000,-0.0,0,0
CWE-404,2000,-0.0,0,0
CWE-405,2000,-0.0,0,0
CWE-406,2000,-0.0,0,0
CWE-407,2000,-0.0,0,0
CWE-408,2000,-0.0,0,0
CWE-409,2000,-0.0,0,0
CWE-410,2000,-0.0,0,0
CWE-412,2000,-0.0,0,0
CWE-413,2000,-0.0,0,0
CWE-414,2000,-0.0,0,0
CWE-415,2000,-0.0,0,0
CWE-416,2000,-0.0,0,0
CWE-417,2000,-0.0,0,0
CWE-419,2000,-0.0,0,0
CWE-420,2000,-0.0,0,0
CWE-421,2000,-0.0,0,0
CWE-422,2000,-0.0,0,0
CWE-424,2000,-0.0,0,0
CWE-425,2000,-0.0,0,0
CWE-426,2000,-0.0,0,0
CWE-427,2000,-0.0,0,0
CWE-428,2000,-0.0,0,0
CWE-430,2000,-0.0,0,0
CWE-431,2000,-0.0,0,0
CWE-433,2000,-0.0,0,0
CWE-434,2000,-0.0,0,0
CWE-435,2000,-0.0,0,0
CWE-436,2000,-0.0,0,0
CWE-437,2000,-0.0,0,0
CWE-440,2000,-0.0,0,0
CWE-441,2000,-0.0,0,0
CWE-444,2000,-0.0,0,0
CWE-446,2000,-0.0,0,0
CWE-447,2000,-0.0,0,0
CWE-448,2000,-0.0,0,0
CWE-449,2000,-0.0,0,0
CWE-450,2000,-0.0,0,0
CWE-451,2000,-0.0,0,0
CWE-453,2000,-0.0,0,0
CWE-454,2000,-0.0,0,0
CWE-455,2000,-0.0,0,0
CWE-456,2000,-0.0,0,0
CWE-457,2000,-0.0,0,0
CWE-459,2000,-0.0,0,1
CWE-460,2000,-0.0,0,0
CWE-462,2000,-0.0,0,0
CWE-463,2000,-0.0,0,0
CWE-465,2000,-0.0,0,0
CWE-466,2000,-0.0,0,0
CWE-467,2000,-0.0,0,0
CWE-468,2000,-0.0,0,0
CWE-469,2000,-0.0,0,0
CWE-470,2000,-0.0,0,0
CWE-471,2000,-0.0,0,0
CWE-472,2000,-0.0,0,0
CWE-473,2000,-0.0,0,0
CWE-474,2000,-0.0,0,0
CWE-475,2000,-0.0,0,0
CWE-476,2000,-0.0,0,0
CWE-477,2000,-0.0,0,0
CWE-479,2000,-0.0,0,0
CWE-480,2000,-0.0,0,0
CWE-484,2000,-0.0,0,0
CWE-488,2000,-0.0,0,0
CWE-489,2000,-0.0,0,0
CWE-491,2000,-0.0,0,0
CWE-494,2000,-0.0,0,0
CWE-495,2000,-0.0,0,0
CWE-497,2000,-0.0,0,0
CWE-501,2000,-0.0,0,0
CWE-502,2000,-0.0,0,0
CWE-506,2000,-0.0,0,0
CWE-507,2000,-0.0,0,0
CWE-514,2000,-0.0,0,0
CWE-520,2000,-0.0,0,0
CWE-521,2000,-0.0,0,0
CWE-522,2000,-0.0,0,1
CWE-523,2000,-0.0,0,0
CWE-524,2000,-0.0,0,0
CWE-525,2000,-0.0,0,0
CWE-526,2000,-0.0,0,0
CWE-527,2000,-0.0,0,0
CWE-530,2000,-0.0,0,0
CWE-531,2000,-0.0,0,0
CWE-532,2000,-0.0,0,0
CWE-533,2000,-0.0,0,0
CWE-534,2000,-0.0,0,0
CWE-538,2000,-0.0,0,0
CWE-539,2000,-0.0,0,0
CWE-540,2000,-0.0,0,0
CWE-544,2000,-0.0,0,0
CWE-547,2000,-0.0,0,0
CWE-548,2000,-0.0,0,0
CWE-549,2000,-0.0,0,0
CWE-550,2000,-0.0,0,0
CWE-551,2000,-0.0,0,0
CWE-552,2000,-0.0,0,0
CWE-553,2000,-0.0,0,0
CWE-555,2000,-0.0,0,0
CWE-556,2000,-0.0,0,0
CWE-557,2000,-0.0,0,0
CWE-561,2000,-0.0,0,0
CWE-562,2000,-0.0,0,0
CWE-563,2000,-0.0,0,0
CWE-564,2000,-0.0,0,0
CWE-565,2000,-0.0,0,0
CWE-566,2000,-0.0,0,0
CWE-567,2000,-0.0,0,0
CWE-570,2000,-0.0,0,0
CWE-571,2000,-0.0,0,0
CWE-573,2000,-0.0,0,0
CWE-590,2000,-0.0,0,0
CWE-591,2000,-0.0,0,0
CWE-592,2000,-0.0,0,0
CWE-597,2000,-0.0,0,0
CWE-598,2000,-0.0,0,0
CWE-599,2000,-0.0,0,0
CWE-600,2000,-0.0,0,0
CWE-601,2000,-0.0,0,0
CWE-602,2000,-0.0,0,0
CWE-603,2000,-0.0,0,0
CWE-605,2000,-0.0,0,0
CWE-606,2000,-0.0,0,0
CWE-610,2000,-0.0,0,0
CWE-611,2000,-0.0,0,0
CWE-612,2000,-0.0,0,0
CWE-613,2000,-0.0,0,0
CWE-614,2000,-0.0,0,0
CWE-615,2000,-0.0,0,0
CWE-616,2000,-0.0,0,0
CWE-617,2000,-0.0,0,0
CWE-618,2000,-0.0,0,0
CWE-620,2000,-0.0,0,0
CWE-622,2000,-0.0,0,0
CWE-623,2000,-0.0,0,0
CWE-624,2000,-0.0,0,0
CWE-625,2000,-0.0,0,0
CWE-626,2000,-0.0,0,0
CWE-627,2000,-0.0,0,0
CWE-628,2000,-0.0,0,0
CWE-636,2000,-0.0,0,0
CWE-639,2000,-0.0,0,0
CWE-640,2000,-0.0,0,0
CWE-641,2000,-0.0,0,0
CWE-642,2000,-0.0,0,0
CWE-643,2000,-0.0,0,0
CWE-644,2000,-0.0,0,0
CWE-645,2000,-0.0,0,0
CWE-646,2000,-0.0,0,0
CWE-647,2000,-0.0,0,0
CWE-648,2000,-0.0,0,0
CWE-649,2000,-0.0,0,0
CWE-650,2000,-0.0,0,0
CWE-653,2000,-0.0,0,0
CWE-655,2000,-0.0,0,0
CWE-656,2000,-0.0,0,0
CWE-657,2000,-0.0,0,0
CWE-662,2000,-0.0,0,0
CWE-664,2000,-0.0,0,0
CWE-665,2000,-0.0,0,0
CWE-666,2000,-0.0,0,0
CWE-667,2000,-0.0,0,1
CWE-668,2000,-0.0,0,0
CWE-669,2000,-0.0,0,0
CWE-670,2000,-0.0,0,0
CWE-671,2000,-0.0,0,0
CWE-672,2000,-0.0,0,0
CWE-673,2000,-0.0,0,0
CWE-674,2000,-0.0,0,0
CWE-675,2000,-0.0,0,0
CWE-676,2000,-0.0,0,0
CWE-680,2000,-0.0,0,0
CWE-681,2000,-0.0,0,0
CWE-682,2000,-0.0,0,0
CWE-683,2000,-0.0,0,0
CWE-684,2000,-0.0,0,0
CWE-686,2000,-0.0,0,0
CWE-688,2000,-0.0,0,0
CWE-689,2000,-0.0,0,0
CWE-690,2000,-0.0,0,0
CWE-691,2000,-0.0,0,0
CWE-692,2000,-0.0,0,0
CWE-693,2000,-0.0,0,0
CWE-694,2000,-0.0,0,0
CWE-696,2000,-0.0,0,0
CWE-697,2000,-0.0,0,0
CWE-698,2000,-0.0,0,0
CWE-701,2000,-0.0,0,0
CWE-703,2000,-0.0,0,0
CWE-704,2000,-0.0,0,0
CWE-705,2000,-0.0,0,0
CWE-706,2000,-0.0,0,0
CWE-707,2000,-0.0,0,0
CWE-708,2000,-0.0,0,0
CWE-710,2000,-0.0,0,0
CWE-732,2000,-0.0,0,0
CWE-733,2000,-0.0,0,0
CWE-749,2000,-0.0,0,0
CWE-754,2000,-0.0,0,0
CWE-755,2000,-0.0,0,0
CWE-757,2000,-0.0,0,0
CWE-758,2000,-0.0,0,0
CWE-759,2000,-0.0,0,0
CWE-760,2000,-0.0,0,0
CWE-761,2000,-0.0,0,0
CWE-762,2000,-0.0,0,0
CWE-763,2000,-0.0,0,0
CWE-767,2000,-0.0,0,0
CWE-768,2000,-0.0,0,0
CWE-769,2000,-0.0,0,0
CWE-770,2000,-0.0,0,0
CWE-771,2000,-0.0,0,0
CWE-772,2000,-0.0,0,0
CWE-774,2000,-0.0,0,0
CWE-775,2000,-0.0,0,0
CWE-776,2000,-0.0,0,0
CWE-777,2000,-0.0,0,0
CWE-778,2000,-0.0,0,0
CWE-779,2000,-0.0,0,0
CWE-780,2000,-0.0,0,0
CWE-782,2000,-0.0,0,0
CWE-783,2000,-0.0,0,0
CWE-784,2000,-0.0,0,0
CWE-786,2000,-0.0,0,0
CWE-787,2000,-0.0,0,0
CWE-788,2000,-0.0,0,0
CWE-789,2000,-0.0,0,0
CWE-790,2000,-0.0,0,0
CWE-791,2000,-0.0,0,0
CWE-792,2000,-0.0,0,0
CWE-794,2000,-0.0,0,0
CWE-798,2000,-0.0,0,0
CWE-799,2000,-0.0,0,0
CWE-804,2000,-0.0,0,0
CWE-805,2000,-0.0,0,0
CWE-807,2000,-0.0,0,0
CWE-820,2000,-0.0,0,0
CWE-821,2000,-0.0,0,0
CWE-822,2000,-0.0,0,0
CWE-823,2000,-0.0,0,0
CWE-824,2000,-0.0,0,0
CWE-825,2000,-0.0,0,0
CWE-826,2000,-0.0,0,0
CWE-828,2000,-0.0,0,0
CWE-829,2000,-0.0,0,0
CWE-830,2000,-0.0,0,0
CWE-832,2000,-0.0,0,0
CWE-833,2000,-0.0,0,0
CWE-834,2000,-0.0,0,0
CWE-835,2000,-0.0,0,0
CWE-836,2000,-0.0,0,0
CWE-837,2000,-0.0,0,0
CWE-838,2000,-0.0,0,0
CWE-839,2000,-0.0,0,0
CWE-840,2000,-0.0,0,0
CWE-841,2000,-0.0,0,0
CWE-842,2000,-0.0,0,0
CWE-843,2000,-0.0,0,0
CWE-862,2000,-0.0,0,0
CWE-863,2000,-0.0,0,0
CWE-882,2000,-0.0,0,0
CWE-908,2000,-0.0,0,0
CWE-909,2000,-0.0,0,0
CWE-910,2000,-0.0,0,0
CWE-911,2000,-0.0,0,0
CWE-912,2000,-0.0,0,0
CWE-913,2000,-0.0,0,0
CWE-914,2000,-0.0,0,0
CWE-915,2000,-0.0,0,0
CWE-916,2000,-0.0,0,0
CWE-917,2000,-0.0,0,0
CWE-918,2000,-0.0,0,0
CWE-920,2000,-0.0,0,0
CWE-921,2000,-0.0,0,0
CWE-922,2000,-0.0,0,0
CWE-923,2000,-0.0,0,0
CWE-924,2000,-0.0,0,0
CWE-925,2000,-0.0,0,0
CWE-926,2000,-0.0,0,0
CWE-927,2000,-0.0,0,0
CWE-939,2000,-0.0,0,0
CWE-940,2000,-0.0,0,0
CWE-941,2000,-0.0,0,0
CWE-942,2000,-0.0,0,0
CWE-943,2000,-0.0,0,0
CWE-1004,2000,-0.0,0,0
CWE-1007,2000,-0.0,0,0
CWE-1018,2000,-0.0,0,0
CWE-1021,2000,-0.0,0,0
CWE-1022,2000,-0.0,0,0
CWE-1023,2000,-0.0,0,0
CWE-1025,2000,-0.0,0,0
CWE-1026,2000,-0.0,0,0
CWE-1027,2000,-0.0,0,0
CWE-1032,2000,-0.0,0,0
CWE-1035,2000,-0.0,0,0
CWE-1037,2000,-0.0,0,0
CWE-1038,2000,-0.0,0,0
CWE-1039,2000,-0.0,0,0
CWE-1046,2000,-0.0,0,0
CWE-1049,2000,-0.0,0,0
CWE-1050,2000,-0.0,0,0
CWE-1059,2000,-0.0,0,0
CWE-1068,2000,-0.0,0,0
CWE-1072,2000,-0.0,0,0
CWE-1076,2000,-0.0,0,0
CWE-1077,2000,-0.0,0,0
CWE-1088,2000,-0.0,0,0
CWE-1100,2000,-0.0,0,0
CWE-1102,2000,-0.0,0,0
CWE-1103,2000,-0.0,0,0
CWE-1104,2000,-0.0,0,0
CWE-1106,2000,-0.0,0,0
CWE-1108,2000,-0.0,0,0
CWE-1112,2000,-0.0,0,0
CWE-1116,2000,-0.0,0,0
CWE-1119,2000,-0.0,0,0
CWE-1124,2000,-0.0,0,0
CWE-1125,2000,-0.0,0,0
CWE-1149,2000,-0.0,0,0
CWE-1164,2000,-0.0,0,0
CWE-1173,2000,-0.0,0,0
CWE-1174,2000,-0.0,0,0
CWE-1176,2000,-0.0,0,0
CWE-1187,2000,-0.0,0,0
CWE-1188,2000,-0.0,0,0
CWE-1189,2000,-0.0,0,0
CWE-1191,2000,-0.0,0,0
CWE-1204,2000,-0.0,0,0
CWE-1220,2000,-0.0,0,0
CWE-1223,2000,-0.0,0,0
CWE-1230,2000,-0.0,0,0
CWE-1231,2000,-0.0,0,0
CWE-1233,2000,-0.0,0,0
CWE-1234,2000,-0.0,0,0
CWE-1236,2000,-0.0,0,0
CWE-1240,2000,-0.0,0,0
CWE-1241,2000,-0.0,0,0
CWE-1242,2000,-0.0,0,0
CWE-1244,2000,-0.0,0,0
CWE-1245,2000,-0.0,0,0
CWE-1246,2000,-0.0,0,0
CWE-1247,2000,-0.0,0,0
CWE-1250,2000,-0.0,0,0
CWE-1251,2000,-0.0,0,0
CWE-1254,2000,-0.0,0,0
CWE-1255,2000,-0.0,0,0
CWE-1256,2000,-0.0,0,0
CWE-1257,2000,-0.0,0,0
CWE-1258,2000,-0.0,0,0
CWE-1259,2000,-0.0,0,0
CWE-1260,2000,-0.0,0,0
CWE-1262,2000,-0.0,0,0
CWE-1263,2000,-0.0,0,0
CWE-1264,2000,-0.0,0,0
CWE-1268,2000,-0.0,0,0
CWE-1270,2000,-0.0,0,0
CWE-1274,2000,-0.0,0,0
CWE-1275,2000,-0.0,0,0
CWE-1276,2000,-0.0,0,0
CWE-1277,2000,-0.0,0,0
CWE-1278,2000,-0.0,0,0
CWE-1280,2000,-0.0,0,0
CWE-1281,2000,-0.0,0,0
CWE-1282,2000,-0.0,0,0
CWE-1283,2000,-0.0,0,0
CWE-1284,2000,-0.0,0,0
CWE-1285,2000,-0.0,0,0
CWE-1286,2000,-0.0,0,0
CWE-1287,2000,-0.0,0,0
CWE-1288,2000,-0.0,0,0
CWE-1289,2000,-0.0,0,0
CWE-1294,2000,-0.0,0,0
CWE-1295,2000,-0.0,0,0
CWE-1298,2000,-0.0,0,0
CWE-1299,2000,-0.0,0,0
CWE-1300,2000,-0.0,0,0
CWE-1301,2000,-0.0,0,0
CWE-1303,2000,-0.0,0,0
CWE-1304,2000,-0.0,0,0
CWE-1310,2000,-0.0,0,0
CWE-1312,2000,-0.0,0,0
CWE-1313,2000,-0.0,0,0
CWE-1314,2000,-0.0,0,0
CWE-1316,2000,-0.0,0,0
CWE-1319,2000,-0.0,0,0
CWE-1320,2000,-0.0,0,0
CWE-1321,2000,-0.0,0,0
CWE-1322,2000,-0.0,0,0
CWE-1323,2000,-0.0,0,0
CWE-1325,2000,-0.0,0,0
CWE-1326,2000,-0.0,0,0
CWE-1327,2000,-0.0,0,0
CWE-1328,2000,-0.0,0,0
CWE-1329,2000,-0.0,0,0
CWE-1330,2000,-0.0,0,0
CWE-1332,2000,-0.0,0,0
CWE-1333,2000,-0.0,0,0
CWE-1334,2000,-0.0,0,0
CWE-1335,2000,-0.0,0,0
CWE-1336,2000,-0.0,0,0
CWE-1342,2000,-0.0,0,0
CWE-1357,2000,-0.0,0,0
CWE-1366,2000,-0.0,0,0
CWE-1384,2000,-0.0,0,0
CWE-1385,2000,-0.0,0,0
CWE-1386,2000,-0.0,0,0
CWE-1389,2000,-0.0,0,0
CWE-1390,2000,-0.0,0,0
CWE-1391,2000,-0.0,0,0
CWE-1392,2000,-0.0,0,0
CWE-1393,2000,-0.0,0,0
CWE-1394,2000,-0.0,0,0
CWE-1,2001,0.0,0,0
CWE-5,2001,0.0,0,0
CWE-14,2001,0.0,0,0
CWE-15,2001,0.0,0,0
CWE-16,2001,0.0,0,0
CWE-17,2001,0.0,0,0
CWE-18,2001,0.0,0,0
CWE-19,2001,0.0,0,0
CWE-20,2001,0.3863687335089197,9,5
CWE-21,2001,0.0,0,0
CWE-22,2001,0.22695576635228926,8,5
CWE-23,2001,0.0,0,0
CWE-24,2001,0.0,0,0
CWE-25,2001,0.0,0,0
CWE-26,2001,0.0,0,0
CWE-27,2001,0.0,0,0
CWE-28,2001,-6.776263578034403e-21,0,0
CWE-29,2001,0.0,0,0
CWE-31,2001,0.0,0,0
CWE-32,2001,0.0,0,0
CWE-35,2001,0.0,0,0
CWE-36,2001,0.0,0,0
CWE-37,2001,0.0,0,0
CWE-38,2001,-8.077935669463161e-28,0,0
CWE-40,2001,9.087677628146056e-28,0,0
CWE-41,2001,1.735493991486226e-29,0,0
CWE-42,2001,1.6112483989139166e-28,0,0
CWE-43,2001,0.0,0,0
CWE-46,2001,1.4349296274686127e-42,0,0
CWE-50,2001,0.0,0,0
CWE-55,2001,0.0,0,0
CWE-57,2001,0.0,0,0
CWE-59,2001,0.2443749374758199,9,7
CWE-61,2001,0.0,0,0
CWE-64,2001,0.0,0,0
CWE-65,2001,0.0,0,0
CWE-66,2001,0.0,0,0
CWE-67,2001,0.0,0,0
CWE-69,2001,0.0,0,0
CWE-73,2001,0.0,0,0
CWE-74,2001,0.0,0,0
CWE-75,2001,0.0,0,0
CWE-76,2001,0.0,0,0
CWE-77,2001,0.0,0,0
CWE-78,2001,0.059372661150744944,2,1
CWE-79,2001,0.0,0,0
CWE-80,2001,0.0,0,0
CWE-81,2001,0.0,0,0
CWE-82,2001,0.0,0,0
CWE-83,2001,0.0,0,0
CWE-84,2001,0.0,0,0
CWE-85,2001,0.0,0,0
CWE-86,2001,0.0,0,0
CWE-87,2001,0.0,0,0
CWE-88,2001,0.024048477941918125,2,3
CWE-89,2001,0.0,0,0
CWE-90,2001,0.0,0,0
CWE-91,2001,0.0,0,0
CWE-92,2001,0.0,0,0
CWE-93,2001,0.0,0,0
CWE-94,2001,0.0,0,2
CWE-95,2001,0.0,0,0
CWE-96,2001,0.0,0,0
CWE-97,2001,0.0,0,0
CWE-98,2001,0.0,0,0
CWE-99,2001,0.0,0,0
CWE-112,2001,0.0,0,0
CWE-113,2001,0.0,0,0
CWE-114,2001,0.0,0,0
CWE-115,2001,0.0,0,0
CWE-116,2001,0.0,0,0
CWE-117,2001,0.0,0,0
CWE-118,2001,0.0,0,0
CWE-119,2001,0.1699289420887275,6,9
CWE-120,2001,0.3688623822693422,13,5
CWE-121,2001,0.0,0,0
CWE-122,2001,0.0,0,0
CWE-123,2001,0.0,0,0
CWE-124,2001,0.0,0,0
CWE-125,2001,0.0,0,0
CWE-126,2001,0.0,0,0
CWE-127,2001,0.0,0,0
CWE-128,2001,0.0,0,0
CWE-129,2001,0.0,0,0
CWE-130,2001,0.0,0,0
CWE-131,2001,0.059372661150744944,2,3
CWE-134,2001,0.0,0,0
CWE-138,2001,0.0,0,0
CWE-140,2001,0.0,0,0
CWE-141,2001,0.0,0,0
CWE-142,2001,0.0,0,0
CWE-143,2001,0.0,0,0
CWE-144,2001,0.0,0,0
CWE-145,2001,0.0,0,0
CWE-146,2001,0.0,0,0
CWE-147,2001,0.0,0,0
CWE-148,2001,0.0,0,0
CWE-149,2001,0.0,0,0
CWE-150,2001,0.0,0,0
CWE-153,2001,0.0,0,0
CWE-155,2001,0.0,0,0
CWE-156,2001,0.0,0,0
CWE-158,2001,0.0,0,0
CWE-159,2001,0.0,0,0
CWE-162,2001,0.0,0,0
CWE-164,2001,0.0,0,0
CWE-166,2001,0.0,0,0
CWE-167,2001,0.0,0,0
CWE-168,2001,0.0,0,0
CWE-170,2001,0.0,0,0
CWE-172,2001,0.0,0,0
CWE-173,2001,0.0,0,0
CWE-174,2001,0.0,0,0
CWE-176,2001,0.0,0,0
CWE-177,2001,0.0,0,0
CWE-178,2001,0.2279666767465361,8,3
CWE-179,2001,0.0,0,0
CWE-180,2001,0.0,0,0
CWE-183,2001,0.0,0,0
CWE-184,2001,0.0,0,0
CWE-185,2001,0.0,0,0
CWE-186,2001,0.0,0,0
CWE-187,2001,0.0,0,0
CWE-188,2001,0.0,0,0
CWE-189,2001,0.0,0,0
CWE-190,2001,0.0,0,0
CWE-191,2001,0.0,0,0
CWE-192,2001,0.0,0,0
CWE-193,2001,0.0,1,3
CWE-194,2001,0.0,0,0
CWE-195,2001,0.0,0,0
CWE-196,2001,0.0,0,0
CWE-197,2001,0.0,0,0
CWE-198,2001,0.0,0,0
CWE-199,2001,0.0,0,0
CWE-200,2001,0.00031125518379958474,1,1
CWE-201,2001,0.0,0,0
CWE-202,2001,0.0,0,0
CWE-203,2001,0.0,1,4
CWE-204,2001,0.0,0,0
CWE-207,2001,0.0,0,0
CWE-208,2001,0.0,0,0
CWE-209,2001,0.0,0,1
CWE-212,2001,0.0,0,0
CWE-213,2001,0.0,0,0
CWE-214,2001,0.0,0,0
CWE-215,2001,0.0,0,0
CWE-216,2001,0.0,0,0
CWE-219,2001,0.0,0,0
CWE-221,2001,0.0,0,0
CWE-223,2001,0.0,0,0
CWE-226,2001,0.0,0,0
CWE-227,2001,0.0,0,0
CWE-228,2001,0.0,0,0
CWE-229,2001,0.0,0,0
CWE-230,2001,0.0,0,0
CWE-231,2001,0.0,0,0
CWE-232,2001,0.0,0,0
CWE-233,2001,0.0,0,0
CWE-235,2001,0.0,0,0
CWE-236,2001,0.0,0,0
CWE-237,2001,0.0,0,0
CWE-239,2001,0.0,0,0
CWE-240,2001,0.0,0,0
CWE-241,2001,0.0,0,0
CWE-242,2001,0.0,0,0
CWE-244,2001,0.0,0,0
CWE-248,2001,0.0,0,0
CWE-250,2001,0.0,0,0
CWE-252,2001,0.0,0,0
CWE-253,2001,0.0,0,0
CWE-254,2001,0.0,0,0
CWE-255,2001,0.0,0,0
CWE-256,2001,0.0,0,0
CWE-257,2001,0.0,0,0
CWE-258,2001,0.0,0,0
CWE-259,2001,0.0,0,0
CWE-260,2001,0.0,0,0
CWE-261,2001,0.0,0,0
CWE-262,2001,0.0,0,0
CWE-263,2001,0.0,0,0
CWE-264,2001,0.04830468645327542,3,3
CWE-265,2001,0.0,0,0
CWE-266,2001,0.0,0,0
CWE-267,2001,0.0,0,0
CWE-268,2001,0.0,0,0
CWE-269,2001,0.0,0,0
CWE-270,2001,0.0,0,0
CWE-271,2001,0.0,0,0
CWE-272,2001,0.0,0,0
CWE-273,2001,0.0,0,0
CWE-274,2001,0.0,0,0
CWE-275,2001,0.0,0,0
CWE-276,2001,0.0,0,1
CWE-277,2001,0.0,0,0
CWE-278,2001,0.0,0,0
CWE-279,2001,0.0,0,0
CWE-280,2001,0.0,0,0
CWE-281,2001,0.29506962074215276,7,2
CWE-282,2001,0.0,0,0
CWE-283,2001,0.0,0,0
CWE-284,2001,0.0,0,1
CWE-285,2001,0.0,0,0
CWE-286,2001,0.0,0,0
CWE-287,2001,0.002824559139549702,2,2
CWE-288,2001,0.0,0,0
CWE-289,2001,0.0,0,0
CWE-290,2001,0.0,0,0
CWE-291,2001,0.0,0,0
CWE-292,2001,0.0,0,0
CWE-294,2001,0.0,0,0
CWE-295,2001,0.0,0,0
CWE-296,2001,0.0,0,0
CWE-297,2001,0.0,0,0
CWE-298,2001,0.0,0,0
CWE-299,2001,0.0,0,0
CWE-300,2001,0.0,0,0
CWE-302,2001,0.0,0,0
CWE-303,2001,0.0,0,0
CWE-304,2001,0.0,0,0
CWE-305,2001,0.0,0,0
CWE-306,2001,0.0,0,0
CWE-307,2001,0.0,0,3
CWE-308,2001,0.0,0,0
CWE-309,2001,0.0,0,0
CWE-310,2001,0.02532087802413892,2,4
CWE-311,2001,0.0,0,0
CWE-312,2001,0.0,0,3
CWE-313,2001,0.0,0,0
CWE-315,2001,0.0,0,0
CWE-316,2001,0.0,0,0
CWE-317,2001,0.0,0,0
CWE-319,2001,0.0,0,0
CWE-320,2001,0.0,0,0
CWE-321,2001,0.0,0,0
CWE-322,2001,0.0,0,0
CWE-323,2001,0.0,0,0
CWE-324,2001,0.0,0,0
CWE-325,2001,0.0,0,0
CWE-326,2001,0.0,0,1
CWE-327,2001,0.0,0,0
CWE-328,2001,0.0,0,0
CWE-329,2001,0.0,0,0
CWE-330,2001,0.0,0,0
CWE-331,2001,0.0,0,1
CWE-332,2001,0.0,0,0
CWE-333,2001,0.0,0,0
CWE-334,2001,0.0,0,0
CWE-335,2001,0.0,0,0
CWE-336,2001,0.0,0,0
CWE-337,2001,0.0,0,0
CWE-338,2001,0.0,0,0
CWE-339,2001,0.0,0,0
CWE-340,2001,0.0,0,0
CWE-341,2001,0.0,0,0
CWE-342,2001,0.0,0,0
CWE-343,2001,0.0,0,0
CWE-344,2001,0.0,0,0
CWE-345,2001,0.0,0,0
CWE-346,2001,0.26237412128425597,5,1
CWE-347,2001,0.0,0,0
CWE-348,2001,0.0,0,0
CWE-349,2001,0.0,0,0
CWE-350,2001,0.0,0,0
CWE-351,2001,0.0,0,0
CWE-352,2001,0.0,0,0
CWE-353,2001,0.0,0,0
CWE-354,2001,0.0,0,0
CWE-356,2001,0.0,0,0
CWE-357,2001,0.0,0,0
CWE-358,2001,0.0,0,0
CWE-359,2001,0.0,0,0
CWE-361,2001,0.0,0,0
CWE-362,2001,0.0,0,0
CWE-363,2001,0.0,0,0
CWE-364,2001,0.0,0,0
CWE-366,2001,0.0,0,0
CWE-367,2001,0.0,0,0
CWE-369,2001,0.0,0,0
CWE-371,2001,0.0,0,0
CWE-372,2001,0.0,0,0
CWE-377,2001,0.0,0,0
CWE-378,2001,0.0,0,0
CWE-379,2001,0.0,0,0
CWE-384,2001,0.08660310832018435,4,1
CWE-385,2001,0.0,0,0
CWE-386,2001,0.0,0,0
CWE-388,2001,0.0,0,0
CWE-390,2001,0.0,0,0
CWE-391,2001,0.0,0,0
CWE-392,2001,0.0,0,0
CWE-393,2001,0.0,0,0
CWE-394,2001,0.0,0,0
CWE-395,2001,0.0,0,0
CWE-396,2001,0.0,0,0
CWE-399,2001,0.0,0,1
CWE-400,2001,0.17465234275356747,5,1
CWE-401,2001,0.48038839161063956,11,2
CWE-402,2001,0.0,0,0
CWE-403,2001,0.0,0,0
CWE-404,2001,0.0,0,0
CWE-405,2001,0.0,0,0
CWE-406,2001,0.0,0,0
CWE-407,2001,0.0,0,0
CWE-408,2001,0.0,0,0
CWE-409,2001,0.0,0,0
CWE-410,2001,0.0,0,0
CWE-412,2001,0.0,0,0
CWE-413,2001,0.0,0,0
CWE-414,2001,0.0,0,0
CWE-415,2001,0.0,0,0
CWE-416,2001,0.0,0,0
CWE-417,2001,0.0,0,0
CWE-419,2001,0.0,0,0
CWE-420,2001,0.0,0,0
CWE-421,2001,0.0,0,0
CWE-422,2001,0.0,0,0
CWE-424,2001,0.0,0,0
CWE-425,2001,0.0,0,0
CWE-426,2001,0.0,0,0
CWE-427,2001,0.0,0,0
CWE-428,2001,0.0,0,0
CWE-430,2001,0.0,0,0
CWE-431,2001,0.0,0,0
CWE-433,2001,0.0,0,0
CWE-434,2001,0.17465234275356747,5,3
CWE-435,2001,0.0,0,0
CWE-436,2001,0.0,0,0
CWE-437,2001,0.0,0,0
CWE-440,2001,0.0,0,0
CWE-441,2001,0.0,0,0
CWE-444,2001,0.0,0,0
CWE-446,2001,0.0,0,0
CWE-447,2001,0.0,0,0
CWE-448,2001,0.0,0,0
CWE-449,2001,0.0,0,0
CWE-450,2001,0.0,0,0
CWE-451,2001,0.0,0,0
CWE-453,2001,0.0,0,0
CWE-454,2001,0.0,0,0
CWE-455,2001,0.0,0,0
CWE-456,2001,0.0,0,0
CWE-457,2001,0.0,0,0
CWE-459,2001,0.0,0,0
CWE-460,2001,0.0,0,0
CWE-462,2001,0.0,0,0
CWE-463,2001,0.0,0,0
CWE-465,2001,0.0,0,0
CWE-466,2001,0.0,0,0
CWE-467,2001,0.0,0,0
CWE-468,2001,0.0,0,0
CWE-469,2001,0.0,0,0
CWE-470,2001,0.0,0,0
CWE-471,2001,0.0,0,0
CWE-472,2001,0.0,0,0
CWE-473,2001,0.0,0,0
CWE-474,2001,0.0,0,0
CWE-475,2001,0.0,0,0
CWE-476,2001,0.040647167546409284,1,1
CWE-477,2001,0.0,0,0
CWE-479,2001,0.0,0,0
CWE-480,2001,0.0,0,0
CWE-484,2001,0.0,0,0
CWE-488,2001,0.0,0,0
CWE-489,2001,0.0,0,0
CWE-491,2001,0.0,0,0
CWE-494,2001,0.0,0,1
CWE-495,2001,0.0,0,0
CWE-497,2001,0.0,0,0
CWE-501,2001,0.0,0,0
CWE-502,2001,0.0,0,0
CWE-506,2001,0.0,0,0
CWE-507,2001,0.0,0,0
CWE-514,2001,0.0,0,0
CWE-520,2001,0.0,0,0
CWE-521,2001,0.0,0,0
CWE-522,2001,0.0,0,0
CWE-523,2001,0.0,0,0
CWE-524,2001,0.0,0,0
CWE-525,2001,0.0,0,0
CWE-526,2001,0.0,0,0
CWE-527,2001,0.0,0,0
CWE-530,2001,0.0,0,0
CWE-531,2001,0.0,0,0
CWE-532,2001,0.08660310832018435,4,1
CWE-533,2001,0.0,0,0
CWE-534,2001,0.0,0,0
CWE-538,2001,0.0,0,0
CWE-539,2001,0.0,0,0
CWE-540,2001,0.0,0,0
CWE-544,2001,0.0,0,0
CWE-547,2001,0.0,0,0
CWE-548,2001,0.0,0,0
CWE-549,2001,0.0,0,0
CWE-550,2001,0.0,0,0
CWE-551,2001,0.0,0,0
CWE-552,2001,0.0,0,0
CWE-553,2001,0.0,0,0
CWE-555,2001,0.0,0,0
CWE-556,2001,0.0,0,0
CWE-557,2001,0.0,0,0
CWE-561,2001,0.0,0,0
CWE-562,2001,0.0,0,0
CWE-563,2001,0.0,0,0
CWE-564,2001,0.0,0,0
CWE-565,2001,0.0,0,0
CWE-566,2001,0.0,0,0
CWE-567,2001,0.0,0,0
CWE-570,2001,0.0,0,0
CWE-571,2001,0.0,0,0
CWE-573,2001,0.0,0,0
CWE-590,2001,0.0,0,0
CWE-591,2001,0.0,0,0
CWE-592,2001,0.0,0,0
CWE-597,2001,0.0,0,0
CWE-598,2001,0.0,0,0
CWE-599,2001,0.0,0,0
CWE-600,2001,0.0,0,0
CWE-601,2001,0.0,0,0
CWE-602,2001,0.0,0,0
CWE-603,2001,0.0,0,0
CWE-605,2001,0.0,0,0
CWE-606,2001,0.0,0,0
CWE-610,2001,0.0,0,0
CWE-611,2001,0.0,0,0
CWE-612,2001,0.0,0,0
CWE-613,2001,0.0,0,0
CWE-614,2001,0.0,0,0
CWE-615,2001,0.0,0,0
CWE-616,2001,0.0,0,0
CWE-617,2001,0.0,0,0
CWE-618,2001,0.0,0,0
CWE-620,2001,0.0,0,0
CWE-622,2001,0.0,0,0
CWE-623,2001,0.0,0,0
CWE-624,2001,0.0,0,0
CWE-625,2001,0.0,0,0
CWE-626,2001,0.0,0,0
CWE-627,2001,0.0,0,0
CWE-628,2001,0.0,0,0
CWE-636,2001,0.0,0,0
CWE-639,2001,0.0,0,0
CWE-640,2001,0.0,0,0
CWE-641,2001,0.0,0,0
CWE-642,2001,0.0,0,0
CWE-643,2001,0.0,0,0
CWE-644,2001,0.0,0,0
CWE-645,2001,0.0,0,0
CWE-646,2001,0.0,0,0
CWE-647,2001,0.0,0,0
CWE-648,2001,0.0,0,0
CWE-649,2001,0.0,0,0
CWE-650,2001,0.0,0,0
CWE-653,2001,0.0,0,0
CWE-655,2001,0.0,0,0
CWE-656,2001,0.0,0,0
CWE-657,2001,0.0,0,0
CWE-662,2001,0.0,0,0
CWE-664,2001,0.0,0,0
CWE-665,2001,0.0,0,1
CWE-666,2001,0.0,0,0
CWE-667,2001,0.0,0,2
CWE-668,2001,0.0,1,2
CWE-669,2001,0.0,0,0
CWE-670,2001,0.0,0,0
CWE-671,2001,0.0,0,0
CWE-672,2001,0.0,0,0
CWE-673,2001,0.0,0,0
CWE-674,2001,0.0,0,0
CWE-675,2001,0.0,0,0
CWE-676,2001,0.0,0,0
CWE-680,2001,0.0,0,0
CWE-681,2001,0.0,0,0
CWE-682,2001,0.0,0,0
CWE-683,2001,0.0,0,0
CWE-684,2001,0.0,0,0
CWE-686,2001,0.0,0,0
CWE-688,2001,0.0,0,0
CWE-689,2001,0.0,0,0
CWE-690,2001,0.0,0,0
CWE-691,2001,0.0,0,0
CWE-692,2001,0.0,0,0
CWE-693,2001,0.0,0,0
CWE-694,2001,0.0,0,0
CWE-696,2001,0.0,0,0
CWE-697,2001,0.0,0,0
CWE-698,2001,0.0,0,0
CWE-701,2001,0.0,0,0
CWE-703,2001,0.0,0,0
CWE-704,2001,0.0,0,0
CWE-705,2001,0.0,0,0
CWE-706,2001,0.0,0,0
CWE-707,2001,0.0,0,0
CWE-708,2001,0.0,0,0
CWE-710,2001,0.0,0,0
CWE-732,2001,0.12442577275594503,3,1
CWE-733,2001,0.0,0,0
CWE-749,2001,0.0,0,0
CWE-754,2001,0.0,0,0
CWE-755,2001,0.0,0,0
CWE-757,2001,0.0,0,0
CWE-758,2001,0.0,0,0
CWE-759,2001,0.0,0,0
CWE-760,2001,0.0,0,0
CWE-761,2001,0.0,0,0
CWE-762,2001,0.0,0,0
CWE-763,2001,0.0,0,0
CWE-767,2001,0.0,0,0
CWE-768,2001,0.0,0,0
CWE-769,2001,0.0,0,0
CWE-770,2001,0.0,1,1
CWE-771,2001,0.0,0,0
CWE-772,2001,0.0,0,1
CWE-774,2001,0.0,0,0
CWE-775,2001,0.0,0,0
CWE-776,2001,0.0,0,0
CWE-777,2001,0.0,0,0
CWE-778,2001,0.0,0,0
CWE-779,2001,0.0,0,0
CWE-780,2001,0.0,0,0
CWE-782,2001,0.0,0,0
CWE-783,2001,0.0,0,0
CWE-784,2001,0.0,0,0
CWE-786,2001,0.0,0,0
CWE-787,2001,0.0,0,0
CWE-788,2001,0.0,0,0
CWE-789,2001,0.0,0,0
CWE-790,2001,0.0,0,0
CWE-791,2001,0.0,0,0
CWE-792,2001,0.0,0,0
CWE-794,2001,0.0,0,0
CWE-798,2001,0.17465234275356747,5,1
CWE-799,2001,0.0,0,0
CWE-804,2001,0.0,0,0
CWE-805,2001,0.0,0,0
CWE-807,2001,0.0,0,0
CWE-820,2001,0.0,0,0
CWE-821,2001,0.0,0,0
CWE-822,2001,0.0,0,0
CWE-823,2001,0.0,0,0
CWE-824,2001,0.0,0,0
CWE-825,2001,0.0,0,0
CWE-826,2001,0.0,0,0
CWE-828,2001,0.0,0,0
CWE-829,2001,0.0,0,0
CWE-830,2001,0.0,0,0
CWE-832,2001,0.0,0,0
CWE-833,2001,0.0,0,0
CWE-834,2001,0.0,0,0
CWE-835,2001,0.0,0,0
CWE-836,2001,0.0,0,0
CWE-837,2001,0.0,0,0
CWE-838,2001,0.0,0,0
CWE-839,2001,0.0,0,0
CWE-840,2001,0.0,0,0
CWE-841,2001,0.0,0,0
CWE-842,2001,0.0,0,0
CWE-843,2001,0.0,0,0
CWE-862,2001,0.0,0,0
CWE-863,2001,0.040647167546409284,1,1
CWE-882,2001,0.0,0,0
CWE-908,2001,0.0,0,0
CWE-909,2001,0.0,0,0
CWE-910,2001,0.0,0,0
CWE-911,2001,0.0,0,0
CWE-912,2001,0.0,0,0
CWE-913,2001,0.0,0,0
CWE-914,2001,0.0,0,0
CWE-915,2001,0.0,0,0
CWE-916,2001,0.0,0,1
CWE-917,2001,0.0,0,0
CWE-918,2001,0.0,0,0
CWE-920,2001,0.0,0,0
CWE-921,2001,0.0,0,0
CWE-922,2001,0.0,0,0
CWE-923,2001,0.0,0,0
CWE-924,2001,0.0,0,0
CWE-925,2001,0.0,0,0
CWE-926,2001,0.0,0,0
CWE-927,2001,0.0,0,0
CWE-939,2001,0.0,0,0
CWE-940,2001,0.0,0,0
CWE-941,2001,0.0,0,0
CWE-942,2001,0.0,0,0
CWE-943,2001,0.0,0,0
CWE-1004,2001,0.0,0,0
CWE-1007,2001,0.0,0,0
CWE-1018,2001,0.0,0,0
CWE-1021,2001,0.0,0,0
CWE-1022,2001,0.0,0,0
CWE-1023,2001,0.0,0,0
CWE-1025,2001,0.0,0,0
CWE-1026,2001,0.0,0,0
CWE-1027,2001,0.0,0,0
CWE-1032,2001,0.0,0,0
CWE-1035,2001,0.0,0,0
CWE-1037,2001,0.0,0,0
CWE-1038,2001,0.0,0,0
CWE-1039,2001,0.0,0,0
CWE-1046,2001,0.0,0,0
CWE-1049,2001,0.0,0,0
CWE-1050,2001,0.0,0,0
CWE-1059,2001,0.0,0,0
CWE-1068,2001,0.0,0,0
CWE-1072,2001,0.0,0,0
CWE-1076,2001,0.0,0,0
CWE-1077,2001,0.0,0,0
CWE-1088,2001,0.0,0,0
CWE-1100,2001,0.0,0,0
CWE-1102,2001,0.0,0,0
CWE-1103,2001,0.0,0,0
CWE-1104,2001,0.0,0,0
CWE-1106,2001,0.0,0,0
CWE-1108,2001,0.0,0,0
CWE-1112,2001,0.0,0,0
CWE-1116,2001,0.0,0,0
CWE-1119,2001,0.0,0,0
CWE-1124,2001,0.0,0,0
CWE-1125,2001,0.0,0,0
CWE-1149,2001,0.0,0,0
CWE-1164,2001,0.0,0,0
CWE-1173,2001,0.0,0,0
CWE-1174,2001,0.0,0,0
CWE-1176,2001,0.0,0,0
CWE-1187,2001,0.0,0,0
CWE-1188,2001,0.0,0,0
CWE-1189,2001,0.0,0,0
CWE-1191,2001,0.0,0,0
CWE-1204,2001,0.0,0,0
CWE-1220,2001,0.0,0,0
CWE-1223,2001,0.0,0,0
CWE-1230,2001,0.0,0,0
CWE-1231,2001,0.0,0,0
CWE-1233,2001,0.0,0,0
CWE-1234,2001,0.0,0,0
CWE-1236,2001,0.0,0,0
CWE-1240,2001,0.0,0,0
CWE-1241,2001,0.0,0,0
CWE-1242,2001,0.0,0,0
CWE-1244,2001,0.0,0,0
CWE-1245,2001,0.0,0,0
CWE-1246,2001,0.0,0,0
CWE-1247,2001,0.0,0,0
CWE-1250,2001,0.0,0,0
CWE-1251,2001,0.0,0,0
CWE-1254,2001,0.0,0,0
CWE-1255,2001,0.0,0,0
CWE-1256,2001,0.0,0,0
CWE-1257,2001,0.0,0,0
CWE-1258,2001,0.0,0,0
CWE-1259,2001,0.0,0,0
CWE-1260,2001,0.0,0,0
CWE-1262,2001,0.0,0,0
CWE-1263,2001,0.0,0,0
CWE-1264,2001,0.0,0,0
CWE-1268,2001,0.0,0,0
CWE-1270,2001,0.0,0,0
CWE-1274,2001,0.0,0,0
CWE-1275,2001,0.0,0,0
CWE-1276,2001,0.0,0,0
CWE-1277,2001,0.0,0,0
CWE-1278,2001,0.0,0,0
CWE-1280,2001,0.0,0,0
CWE-1281,2001,0.0,0,0
CWE-1282,2001,0.0,0,0
CWE-1283,2001,0.0,0,0
CWE-1284,2001,0.0,0,0
CWE-1285,2001,0.0,0,0
CWE-1286,2001,0.0,0,0
CWE-1287,2001,0.0,0,0
CWE-1288,2001,0.0,0,0
CWE-1289,2001,0.0,0,0
CWE-1294,2001,0.0,0,0
CWE-1295,2001,0.0,0,0
CWE-1298,2001,0.0,0,0
CWE-1299,2001,0.0,0,0
CWE-1300,2001,0.0,0,0
CWE-1301,2001,0.0,0,0
CWE-1303,2001,0.0,0,0
CWE-1304,2001,0.0,0,0
CWE-1310,2001,0.0,0,0
CWE-1312,2001,0.0,0,0
CWE-1313,2001,0.0,0,0
CWE-1314,2001,0.0,0,0
CWE-1316,2001,0.0,0,0
CWE-1319,2001,0.0,0,0
CWE-1320,2001,0.0,0,0
CWE-1321,2001,0.0,0,0
CWE-1322,2001,0.0,0,0
CWE-1323,2001,0.0,0,0
CWE-1325,2001,0.0,0,0
CWE-1326,2001,0.0,0,0
CWE-1327,2001,0.0,0,0
CWE-1328,2001,0.0,0,0
CWE-1329,2001,0.0,0,0
CWE-1330,2001,0.0,0,0
CWE-1332,2001,0.0,0,0
CWE-1333,2001,0.0,0,0
CWE-1334,2001,0.0,0,0
CWE-1335,2001,0.0,0,0
CWE-1336,2001,0.0,0,0
CWE-1342,2001,0.0,0,0
CWE-1357,2001,0.0,0,0
CWE-1366,2001,0.0,0,0
CWE-1384,2001,0.0,0,0
CWE-1385,2001,0.0,0,0
CWE-1386,2001,0.0,0,0
CWE-1389,2001,0.0,0,0
CWE-1390,2001,0.0,0,0
CWE-1391,2001,0.0,0,0
CWE-1392,2001,0.0,0,0
CWE-1393,2001,0.0,0,0
CWE-1394,2001,0.0,0,0
CWE-1,2002,-0.0,0,0
CWE-5,2002,-0.0,0,0
CWE-14,2002,-0.0,0,0
CWE-15,2002,-0.0,0,0
CWE-16,2002,0.02867494283361096,5,9
CWE-17,2002,-5.551115123125783e-17,0,0
CWE-18,2002,4.440892098500626e-16,0,0
CWE-19,2002,-0.0,0,0
CWE-20,2002,0.3778990929914204,16,27
CWE-21,2002,-0.0,0,0
CWE-22,2002,0.05918118116291458,4,14
CWE-23,2002,-0.0,0,0
CWE-24,2002,-0.0,0,0
CWE-25,2002,-0.0,0,0
CWE-26,2002,-0.0,0,0
CWE-27,2002,-0.0,0,0
CWE-28,2002,-0.0,0,0
CWE-29,2002,-0.0,0,0
CWE-31,2002,-0.0,0,0
CWE-32,2002,-0.0,0,0
CWE-35,2002,-0.0,0,0
CWE-36,2002,-0.0,0,0
CWE-37,2002,-0.0,0,0
CWE-38,2002,-0.0,0,0
CWE-40,2002,-0.0,0,0
CWE-41,2002,-0.0,0,0
CWE-42,2002,-0.0,0,0
CWE-43,2002,-0.0,0,0
CWE-46,2002,-0.0,0,0
CWE-50,2002,-0.0,0,0
CWE-55,2002,-0.0,0,0
CWE-57,2002,-0.0,0,0
CWE-59,2002,0.19980553214756544,10,6
CWE-61,2002,-0.0,0,0
CWE-64,2002,-0.0,0,0
CWE-65,2002,-0.0,0,0
CWE-66,2002,-0.0,0,0
CWE-67,2002,-0.0,0,0
CWE-69,2002,-0.0,0,0
CWE-73,2002,-0.0,0,0
CWE-74,2002,-0.0,0,0
CWE-75,2002,-0.0,0,0
CWE-76,2002,-0.0,0,0
CWE-77,2002,-0.0,0,0
CWE-78,2002,0.02949861250041471,3,3
CWE-79,2002,0.2363769105875379,17,34
CWE-80,2002,-0.0,0,0
CWE-81,2002,-0.0,0,0
CWE-82,2002,-0.0,0,0
CWE-83,2002,-0.0,0,0
CWE-84,2002,-0.0,0,0
CWE-85,2002,-0.0,0,0
CWE-86,2002,-0.0,0,0
CWE-87,2002,-0.0,0,0
CWE-88,2002,0.004949613265692824,2,1
CWE-89,2002,0.02140836482827914,2,7
CWE-90,2002,-0.0,0,0
CWE-91,2002,-0.0,0,0
CWE-92,2002,-0.0,0,0
CWE-93,2002,-0.0,0,0
CWE-94,2002,0.017884378936423303,2,12
CWE-95,2002,-0.0,0,0
CWE-96,2002,-0.0,0,0
CWE-97,2002,-0.0,0,0
CWE-98,2002,-0.0,0,0
CWE-99,2002,-0.0,0,0
CWE-112,2002,-0.0,0,0
CWE-113,2002,-0.0,0,0
CWE-114,2002,-0.0,0,0
CWE-115,2002,-0.0,0,0
CWE-116,2002,-0.0,0,0
CWE-117,2002,-0.0,0,0
CWE-118,2002,-0.0,0,0
CWE-119,2002,0.4769900327197834,18,41
CWE-120,2002,0.06636550100604167,12,3
CWE-121,2002,-0.0,0,0
CWE-122,2002,-0.0,0,0
CWE-123,2002,-0.0,0,0
CWE-124,2002,-0.0,0,0
CWE-125,2002,-0.0,0,0
CWE-126,2002,-0.0,0,0
CWE-127,2002,-0.0,0,0
CWE-128,2002,-0.0,0,0
CWE-129,2002,-0.0,0,0
CWE-130,2002,-0.0,0,0
CWE-131,2002,0.004156069128679718,4,2
CWE-134,2002,-0.0,0,1
CWE-138,2002,-0.0,0,0
CWE-140,2002,-0.0,0,0
CWE-141,2002,-0.0,0,0
CWE-142,2002,-0.0,0,0
CWE-143,2002,-0.0,0,0
CWE-144,2002,-0.0,0,0
CWE-145,2002,-0.0,0,0
CWE-146,2002,-0.0,0,0
CWE-147,2002,-0.0,0,0
CWE-148,2002,-0.0,0,0
CWE-149,2002,-0.0,0,0
CWE-150,2002,-0.0,0,0
CWE-153,2002,-0.0,0,0
CWE-155,2002,-0.0,0,0
CWE-156,2002,-0.0,0,0
CWE-158,2002,-0.0,0,0
CWE-159,2002,-0.0,0,0
CWE-162,2002,-0.0,0,0
CWE-164,2002,-0.0,0,0
CWE-166,2002,-0.0,0,0
CWE-167,2002,-0.0,0,0
CWE-168,2002,-0.0,0,0
CWE-170,2002,-0.0,0,0
CWE-172,2002,-0.0,0,0
CWE-173,2002,-0.0,0,0
CWE-174,2002,-0.0,0,0
CWE-176,2002,-0.0,0,0
CWE-177,2002,-0.0,0,0
CWE-178,2002,-0.0,0,3
CWE-179,2002,-0.0,0,0
CWE-180,2002,-0.0,0,0
CWE-183,2002,-0.0,0,0
CWE-184,2002,-0.0,0,0
CWE-185,2002,-0.0,0,0
CWE-186,2002,-0.0,0,0
CWE-187,2002,-0.0,0,0
CWE-188,2002,-0.0,0,0
CWE-189,2002,0.01777627324450268,2,4
CWE-190,2002,0.30864736984014124,15,2
CWE-191,2002,-0.0,0,0
CWE-192,2002,-0.0,0,0
CWE-193,2002,0.04302906519594329,7,6
CWE-194,2002,-0.0,0,0
CWE-195,2002,-0.0,0,0
CWE-196,2002,-0.0,0,0
CWE-197,2002,-0.0,0,0
CWE-198,2002,-0.0,0,0
CWE-199,2002,-0.0,0,0
CWE-200,2002,0.0762966441200392,4,17
CWE-201,2002,-0.0,0,0
CWE-202,2002,-0.0,0,0
CWE-203,2002,0.02262874699133102,3,4
CWE-204,2002,-0.0,0,0
CWE-207,2002,-0.0,0,0
CWE-208,2002,-0.0,0,0
CWE-209,2002,-0.0,0,0
CWE-212,2002,0.016950252558745126,1,1
CWE-213,2002,-0.0,0,0
CWE-214,2002,-0.0,0,0
CWE-215,2002,-0.0,0,0
CWE-216,2002,-0.0,0,0
CWE-219,2002,-0.0,0,0
CWE-221,2002,-0.0,0,0
CWE-223,2002,-0.0,0,0
CWE-226,2002,-0.0,0,0
CWE-227,2002,-0.0,0,0
CWE-228,2002,-0.0,0,0
CWE-229,2002,-0.0,0,0
CWE-230,2002,-0.0,0,0
CWE-231,2002,-0.0,0,0
CWE-232,2002,-0.0,0,0
CWE-233,2002,-0.0,0,0
CWE-235,2002,-0.0,0,0
CWE-236,2002,-0.0,0,0
CWE-237,2002,-0.0,0,0
CWE-239,2002,-0.0,0,0
CWE-240,2002,-0.0,0,0
CWE-241,2002,-0.0,0,0
CWE-242,2002,-0.0,0,0
CWE-244,2002,-0.0,0,0
CWE-248,2002,-0.0,0,0
CWE-250,2002,-0.0,0,0
CWE-252,2002,0.004156069128679719,4,1
CWE-253,2002,-0.0,0,0
CWE-254,2002,0.020812844653345895,1,1
CWE-255,2002,0.08543209672288875,6,8
CWE-256,2002,-0.0,0,0
CWE-257,2002,-0.0,0,0
CWE-258,2002,-0.0,0,0
CWE-259,2002,-0.0,0,0
CWE-260,2002,-0.0,0,0
CWE-261,2002,-0.0,0,0
CWE-262,2002,-0.0,0,0
CWE-263,2002,-0.0,0,0
CWE-264,2002,0.38846691345023054,15,31
CWE-265,2002,-0.0,0,0
CWE-266,2002,-0.0,0,0
CWE-267,2002,-0.0,0,0
CWE-268,2002,-0.0,0,0
CWE-269,2002,0.22526366139050372,14,3
CWE-270,2002,-0.0,0,0
CWE-271,2002,-0.0,0,0
CWE-272,2002,-0.0,0,0
CWE-273,2002,-0.0,0,0
CWE-274,2002,-0.0,0,0
CWE-275,2002,-0.0,0,0
CWE-276,2002,0.001877517742656826,1,2
CWE-277,2002,-0.0,0,0
CWE-278,2002,-0.0,0,0
CWE-279,2002,-0.0,0,0
CWE-280,2002,-0.0,0,0
CWE-281,2002,-0.0,0,0
CWE-282,2002,-0.0,0,0
CWE-283,2002,-0.0,0,0
CWE-284,2002,-0.0,0,0
CWE-285,2002,-0.0,0,0
CWE-286,2002,-0.0,0,0
CWE-287,2002,0.06106315439006888,8,5
CWE-288,2002,-0.0,0,0
CWE-289,2002,-0.0,0,0
CWE-290,2002,-0.0,0,0
CWE-291,2002,-0.0,0,0
CWE-292,2002,-0.0,0,0
CWE-294,2002,0.1533220586648506,13,1
CWE-295,2002,0.30934079405530046,10,1
CWE-296,2002,-0.0,0,0
CWE-297,2002,-0.0,0,0
CWE-298,2002,-0.0,0,0
CWE-299,2002,-0.0,0,0
CWE-300,2002,-0.0,0,0
CWE-302,2002,-0.0,0,0
CWE-303,2002,-0.0,0,0
CWE-304,2002,-0.0,0,0
CWE-305,2002,-0.0,0,0
CWE-306,2002,-0.0,0,1
CWE-307,2002,-0.0,0,0
CWE-308,2002,-0.0,0,0
CWE-309,2002,-0.0,0,0
CWE-310,2002,0.017312941987077855,3,3
CWE-311,2002,-0.0,0,0
CWE-312,2002,-0.0,1,2
CWE-313,2002,-0.0,0,0
CWE-315,2002,-0.0,0,0
CWE-316,2002,-0.0,0,0
CWE-317,2002,-0.0,0,0
CWE-319,2002,-0.0,0,1
CWE-320,2002,-0.0,0,0
CWE-321,2002,-0.0,0,0
CWE-322,2002,-0.0,0,0
CWE-323,2002,-0.0,0,0
CWE-324,2002,-0.0,0,0
CWE-325,2002,-0.0,0,0
CWE-326,2002,0.020812844653345895,1,7
CWE-327,2002,-0.0,0,1
CWE-328,2002,-0.0,0,0
CWE-329,2002,-0.0,0,0
CWE-330,2002,-0.0,0,0
CWE-331,2002,-0.0,0,0
CWE-332,2002,-0.0,0,0
CWE-333,2002,-0.0,0,0
CWE-334,2002,-0.0,0,0
CWE-335,2002,-0.0,0,0
CWE-336,2002,-0.0,0,0
CWE-337,2002,-0.0,0,0
CWE-338,2002,-0.0,0,0
CWE-339,2002,-0.0,0,0
CWE-340,2002,-0.0,0,0
CWE-341,2002,-0.0,0,0
CWE-342,2002,-0.0,0,0
CWE-343,2002,-0.0,0,0
CWE-344,2002,-0.0,0,0
CWE-345,2002,-0.0,0,0
CWE-346,2002,-0.0,0,0
CWE-347,2002,0.040374079524271154,3,2
CWE-348,2002,-0.0,0,0
CWE-349,2002,-0.0,0,0
CWE-350,2002,-0.0,0,0
CWE-351,2002,-0.0,0,0
CWE-352,2002,-0.0,0,1
CWE-353,2002,-0.0,0,0
CWE-354,2002,-0.0,0,0
CWE-356,2002,-0.0,0,0
CWE-357,2002,-0.0,0,0
CWE-358,2002,-0.0,0,0
CWE-359,2002,-0.0,0,0
CWE-361,2002,-0.0,0,0
CWE-362,2002,-0.0,0,1
CWE-363,2002,-0.0,0,0
CWE-364,2002,-0.0,0,0
CWE-366,2002,-0.0,0,0
CWE-367,2002,-0.0,0,0
CWE-369,2002,-0.0,0,0
CWE-371,2002,-0.0,0,0
CWE-372,2002,-0.0,0,0
CWE-377,2002,-0.0,0,0
CWE-378,2002,-0.0,0,0
CWE-379,2002,-0.0,0,0
CWE-384,2002,-0.0,0,0
CWE-385,2002,-0.0,0,0
CWE-386,2002,-0.0,0,0
CWE-388,2002,-0.0,0,0
CWE-390,2002,-0.0,0,0
CWE-391,2002,-0.0,0,0
CWE-392,2002,-0.0,0,0
CWE-393,2002,-0.0,0,0
CWE-394,2002,-0.0,0,0
CWE-395,2002,-0.0,0,0
CWE-396,2002,-0.0,0,0
CWE-399,2002,0.0704064710258465,5,5
CWE-400,2002,0.031366937128706425,5,3
CWE-401,2002,0.02427332586789121,3,1
CWE-402,2002,-0.0,0,0
CWE-403,2002,-0.0,0,0
CWE-404,2002,-0.0,0,0
CWE-405,2002,-0.0,0,0
CWE-406,2002,-0.0,0,0
CWE-407,2002,-0.0,0,0
CWE-408,2002,-0.0,0,0
CWE-409,2002,-0.0,0,0
CWE-410,2002,-0.0,0,0
CWE-412,2002,-0.0,0,0
CWE-413,2002,-0.0,0,0
CWE-414,2002,-0.0,0,0
CWE-415,2002,-0.0,0,1
CWE-416,2002,-0.0,0,0
CWE-417,2002,-0.0,0,0
CWE-419,2002,-0.0,0,0
CWE-420,2002,-0.0,0,0
CWE-421,2002,-0.0,0,0
CWE-422,2002,-0.0,0,0
CWE-424,2002,-0.0,0,0
CWE-425,2002,-0.0,0,1
CWE-426,2002,-0.0,0,0
CWE-427,2002,-0.0,0,0
CWE-428,2002,-0.0,0,0
CWE-430,2002,-0.0,0,0
CWE-431,2002,-0.0,0,0
CWE-433,2002,-0.0,0,0
CWE-434,2002,-0.0,0,1
CWE-435,2002,-0.0,0,0
CWE-436,2002,-0.0,0,0
CWE-437,2002,-0.0,0,0
CWE-440,2002,-0.0,0,0
CWE-441,2002,-0.0,0,0
CWE-444,2002,-0.0,0,0
CWE-446,2002,-0.0,0,0
CWE-447,2002,-0.0,0,0
CWE-448,2002,-0.0,0,0
CWE-449,2002,-0.0,0,0
CWE-450,2002,-0.0,0,0
CWE-451,2002,-0.0,0,0
CWE-453,2002,-0.0,0,0
CWE-454,2002,-0.0,0,0
CWE-455,2002,-0.0,0,0
CWE-456,2002,-0.0,0,0
CWE-457,2002,-0.0,0,0
CWE-459,2002,-0.0,1,6
CWE-460,2002,-0.0,0,0
CWE-462,2002,-0.0,0,0
CWE-463,2002,-0.0,0,0
CWE-465,2002,-0.0,0,0
CWE-466,2002,-0.0,0,0
CWE-467,2002,-0.0,0,0
CWE-468,2002,-0.0,0,0
CWE-469,2002,-0.0,0,0
CWE-470,2002,-0.0,0,0
CWE-471,2002,-0.0,0,0
CWE-472,2002,-0.0,0,0
CWE-473,2002,-0.0,0,0
CWE-474,2002,-0.0,0,0
CWE-475,2002,-0.0,0,0
CWE-476,2002,0.0032584624383144222,3,2
CWE-477,2002,-0.0,0,0
CWE-479,2002,-0.0,0,0
CWE-480,2002,-0.0,0,0
CWE-484,2002,-0.0,0,0
CWE-488,2002,-0.0,0,0
CWE-489,2002,-0.0,0,0
CWE-491,2002,-0.0,0,0
CWE-494,2002,-0.0,0,1
CWE-495,2002,-0.0,0,0
CWE-497,2002,-0.0,0,0
CWE-501,2002,-0.0,0,0
CWE-502,2002,-0.0,0,0
CWE-506,2002,-0.0,0,0
CWE-507,2002,-0.0,0,0
CWE-514,2002,-0.0,0,0
CWE-520,2002,-0.0,0,0
CWE-521,2002,-0.0,0,0
CWE-522,2002,-0.0,0,0
CWE-523,2002,-0.0,0,0
CWE-524,2002,-0.0,0,0
CWE-525,2002,-0.0,0,0
CWE-526,2002,-0.0,0,0
CWE-527,2002,-0.0,0,0
CWE-530,2002,-0.0,0,0
CWE-531,2002,-0.0,0,0
CWE-532,2002,-0.0,0,0
CWE-533,2002,-0.0,0,0
CWE-534,2002,-0.0,0,0
CWE-538,2002,-0.0,0,0
CWE-539,2002,-0.0,0,0
CWE-540,2002,-0.0,0,0
CWE-544,2002,-0.0,0,0
CWE-547,2002,-0.0,0,0
CWE-548,2002,-0.0,0,0
CWE-549,2002,-0.0,0,0
CWE-550,2002,-0.0,0,0
CWE-551,2002,-0.0,0,0
CWE-552,2002,-0.0,0,0
CWE-553,2002,-0.0,0,0
CWE-555,2002,-0.0,0,0
CWE-556,2002,-0.0,0,0
CWE-557,2002,-0.0,0,0
CWE-561,2002,-0.0,0,0
CWE-562,2002,-0.0,0,0
CWE-563,2002,-0.0,0,0
CWE-564,2002,-0.0,0,0
CWE-565,2002,-0.0,0,0
CWE-566,2002,-0.0,0,0
CWE-567,2002,-0.0,0,0
CWE-570,2002,-0.0,0,0
CWE-571,2002,-0.0,0,0
CWE-573,2002,-0.0,0,0
CWE-590,2002,-0.0,0,0
CWE-591,2002,-0.0,0,0
CWE-592,2002,-0.0,0,0
CWE-597,2002,-0.0,0,0
CWE-598,2002,-0.0,0,0
CWE-599,2002,-0.0,0,0
CWE-600,2002,-0.0,0,0
CWE-601,2002,-0.0,0,0
CWE-602,2002,-0.0,0,0
CWE-603,2002,-0.0,0,0
CWE-605,2002,-0.0,0,0
CWE-606,2002,-0.0,0,0
CWE-610,2002,-0.0,0,0
CWE-611,2002,-0.0,0,0
CWE-612,2002,-0.0,0,0
CWE-613,2002,-0.0,0,0
CWE-614,2002,-0.0,0,0
CWE-615,2002,-0.0,0,0
CWE-616,2002,-0.0,0,0
CWE-617,2002,-0.0,0,0
CWE-618,2002,-0.0,0,0
CWE-620,2002,-0.0,0,0
CWE-622,2002,-0.0,0,0
CWE-623,2002,-0.0,0,0
CWE-624,2002,-0.0,0,0
CWE-625,2002,-0.0,0,0
CWE-626,2002,-0.0,0,0
CWE-627,2002,-0.0,0,0
CWE-628,2002,-0.0,0,0
CWE-636,2002,-0.0,0,0
CWE-639,2002,-0.0,0,0
CWE-640,2002,-0.0,0,0
CWE-641,2002,-0.0,0,0
CWE-642,2002,-0.0,0,0
CWE-643,2002,-0.0,0,0
CWE-644,2002,-0.0,0,0
CWE-645,2002,-0.0,0,0
CWE-646,2002,-0.0,0,0
CWE-647,2002,-0.0,0,0
CWE-648,2002,-0.0,0,0
CWE-649,2002,-0.0,0,0
CWE-650,2002,-0.0,0,0
CWE-653,2002,-0.0,0,0
CWE-655,2002,-0.0,0,0
CWE-656,2002,-0.0,0,0
CWE-657,2002,-0.0,0,0
CWE-662,2002,-0.0,0,0
CWE-664,2002,-0.0,0,0
CWE-665,2002,-0.0,0,0
CWE-666,2002,-0.0,0,0
CWE-667,2002,0.18128467967063572,15,5
CWE-668,2002,-0.0,0,0
CWE-669,2002,0.21285498702829453,13,1
CWE-670,2002,-0.0,0,0
CWE-671,2002,-0.0,0,0
CWE-672,2002,-0.0,0,0
CWE-673,2002,-0.0,0,0
CWE-674,2002,-0.0,0,0
CWE-675,2002,-0.0,0,0
CWE-676,2002,-0.0,0,0
CWE-680,2002,-0.0,0,0
CWE-681,2002,-0.0,0,0
CWE-682,2002,-0.0,0,0
CWE-683,2002,-0.0,0,0
CWE-684,2002,-0.0,0,0
CWE-686,2002,-0.0,0,0
CWE-688,2002,-0.0,0,0
CWE-689,2002,-0.0,0,0
CWE-690,2002,-0.0,0,0
CWE-691,2002,-0.0,0,0
CWE-692,2002,-0.0,0,0
CWE-693,2002,-0.0,0,0
CWE-694,2002,-0.0,0,0
CWE-696,2002,-0.0,0,0
CWE-697,2002,-0.0,0,0
CWE-698,2002,-0.0,0,0
CWE-701,2002,-0.0,0,0
CWE-703,2002,-0.0,0,0
CWE-704,2002,-0.0,0,0
CWE-705,2002,-0.0,0,0
CWE-706,2002,-0.0,0,0
CWE-707,2002,-0.0,0,0
CWE-708,2002,-0.0,0,0
CWE-710,2002,-0.0,0,0
CWE-732,2002,-0.0,0,0
CWE-733,2002,-0.0,0,0
CWE-749,2002,-0.0,0,0
CWE-754,2002,-0.0,0,0
CWE-755,2002,-0.0,0,0
CWE-757,2002,-0.0,0,0
CWE-758,2002,-0.0,0,0
CWE-759,2002,-0.0,0,0
CWE-760,2002,-0.0,0,0
CWE-761,2002,-0.0,0,0
CWE-762,2002,-0.0,0,0
CWE-763,2002,-0.0,0,0
CWE-767,2002,-0.0,0,0
CWE-768,2002,-0.0,0,0
CWE-769,2002,-0.0,0,0
CWE-770,2002,-0.0,0,0
CWE-771,2002,-0.0,0,0
CWE-772,2002,-0.0,0,0
CWE-774,2002,-0.0,0,0
CWE-775,2002,-0.0,0,0
CWE-776,2002,-0.0,0,0
CWE-777,2002,-0.0,0,0
CWE-778,2002,-0.0,0,0
CWE-779,2002,-0.0,0,0
CWE-780,2002,-0.0,0,0
CWE-782,2002,-0.0,0,0
CWE-783,2002,-0.0,0,0
CWE-784,2002,-0.0,0,0
CWE-786,2002,-0.0,0,0
CWE-787,2002,-0.0,0,1
CWE-788,2002,-0.0,0,0
CWE-789,2002,-0.0,0,0
CWE-790,2002,-0.0,0,0
CWE-791,2002,-0.0,0,0
CWE-792,2002,-0.0,0,0
CWE-794,2002,-0.0,0,0
CWE-798,2002,-0.0,0,0
CWE-799,2002,-0.0,0,0
CWE-804,2002,-0.0,0,0
CWE-805,2002,-0.0,0,0
CWE-807,2002,-0.0,0,0
CWE-820,2002,-0.0,0,0
CWE-821,2002,-0.0,0,0
CWE-822,2002,-0.0,0,0
CWE-823,2002,-0.0,0,0
CWE-824,2002,-0.0,0,0
CWE-825,2002,-0.0,0,0
CWE-826,2002,-0.0,0,0
CWE-828,2002,-0.0,0,0
CWE-829,2002,-0.0,0,0
CWE-830,2002,-0.0,0,0
CWE-832,2002,-0.0,0,0
CWE-833,2002,-0.0,0,0
CWE-834,2002,-0.0,0,0
CWE-835,2002,-0.0,0,0
CWE-836,2002,-0.0,0,0
CWE-837,2002,-0.0,0,0
CWE-838,2002,-0.0,0,0
CWE-839,2002,-0.0,0,0
CWE-840,2002,-0.0,0,0
CWE-841,2002,-0.0,0,0
CWE-842,2002,-0.0,0,0
CWE-843,2002,-0.0,0,0
CWE-862,2002,-0.0,0,0
CWE-863,2002,-0.0,0,0
CWE-882,2002,-0.0,0,0
CWE-908,2002,-0.0,0,0
CWE-909,2002,-0.0,0,0
CWE-910,2002,-0.0,0,0
CWE-911,2002,-0.0,0,0
CWE-912,2002,-0.0,0,0
CWE-913,2002,-0.0,0,0
CWE-914,2002,-0.0,0,0
CWE-915,2002,-0.0,0,0
CWE-916,2002,-0.0,0,1
CWE-917,2002,-0.0,0,0
CWE-918,2002,-0.0,0,0
CWE-920,2002,-0.0,0,0
CWE-921,2002,-0.0,0,0
CWE-922,2002,-0.0,0,0
CWE-923,2002,-0.0,0,0
CWE-924,2002,-0.0,0,0
CWE-925,2002,-0.0,0,0
CWE-926,2002,-0.0,0,0
CWE-927,2002,-0.0,0,0
CWE-939,2002,-0.0,0,0
CWE-940,2002,-0.0,0,0
CWE-941,2002,-0.0,0,0
CWE-942,2002,-0.0,0,0
CWE-943,2002,-0.0,0,0
CWE-1004,2002,-0.0,0,0
CWE-1007,2002,-0.0,0,0
CWE-1018,2002,-0.0,0,0
CWE-1021,2002,-0.0,0,0
CWE-1022,2002,-0.0,0,0
CWE-1023,2002,-0.0,0,0
CWE-1025,2002,-0.0,0,0
CWE-1026,2002,-0.0,0,0
CWE-1027,2002,-0.0,0,0
CWE-1032,2002,-0.0,0,0
CWE-1035,2002,-0.0,0,0
CWE-1037,2002,-0.0,0,0
CWE-1038,2002,-0.0,0,0
CWE-1039,2002,-0.0,0,0
CWE-1046,2002,-0.0,0,0
CWE-1049,2002,-0.0,0,0
CWE-1050,2002,-0.0,0,0
CWE-1059,2002,-0.0,0,0
CWE-1068,2002,-0.0,0,0
CWE-1072,2002,-0.0,0,0
CWE-1076,2002,-0.0,0,0
CWE-1077,2002,-0.0,0,0
CWE-1088,2002,-0.0,0,0
CWE-1100,2002,-0.0,0,0
CWE-1102,2002,-0.0,0,0
CWE-1103,2002,-0.0,0,0
CWE-1104,2002,-0.0,0,0
CWE-1106,2002,-0.0,0,0
CWE-1108,2002,-0.0,0,0
CWE-1112,2002,-0.0,0,0
CWE-1116,2002,-0.0,0,0
CWE-1119,2002,-0.0,0,0
CWE-1124,2002,-0.0,0,0
CWE-1125,2002,-0.0,0,0
CWE-1149,2002,-0.0,0,0
CWE-1164,2002,-0.0,0,0
CWE-1173,2002,-0.0,0,0
CWE-1174,2002,-0.0,0,0
CWE-1176,2002,-0.0,0,0
CWE-1187,2002,-0.0,0,0
CWE-1188,2002,-0.0,0,0
CWE-1189,2002,-0.0,0,0
CWE-1191,2002,-0.0,0,0
CWE-1204,2002,-0.0,0,0
CWE-1220,2002,-0.0,0,0
CWE-1223,2002,-0.0,0,0
CWE-1230,2002,-0.0,0,0
CWE-1231,2002,-0.0,0,0
CWE-1233,2002,-0.0,0,0
CWE-1234,2002,-0.0,0,0
CWE-1236,2002,-0.0,0,0
CWE-1240,2002,-0.0,0,0
CWE-1241,2002,-0.0,0,0
CWE-1242,2002,-0.0,0,0
CWE-1244,2002,-0.0,0,0
CWE-1245,2002,-0.0,0,0
CWE-1246,2002,-0.0,0,0
CWE-1247,2002,-0.0,0,0
CWE-1250,2002,-0.0,0,0
CWE-1251,2002,-0.0,0,0
CWE-1254,2002,-0.0,0,0
CWE-1255,2002,-0.0,0,0
CWE-1256,2002,-0.0,0,0
CWE-1257,2002,-0.0,0,0
CWE-1258,2002,-0.0,0,0
CWE-1259,2002,-0.0,0,0
CWE-1260,2002,-0.0,0,0
CWE-1262,2002,-0.0,0,0
CWE-1263,2002,-0.0,0,0
CWE-1264,2002,-0.0,0,0
CWE-1268,2002,-0.0,0,0
CWE-1270,2002,-0.0,0,0
CWE-1274,2002,-0.0,0,0
CWE-1275,2002,-0.0,0,0
CWE-1276,2002,-0.0,0,0
CWE-1277,2002,-0.0,0,0
CWE-1278,2002,-0.0,0,0
CWE-1280,2002,-0.0,0,0
CWE-1281,2002,-0.0,0,0
CWE-1282,2002,-0.0,0,0
CWE-1283,2002,-0.0,0,0
CWE-1284,2002,-0.0,0,0
CWE-1285,2002,-0.0,0,0
CWE-1286,2002,-0.0,0,0
CWE-1287,2002,-0.0,0,0
CWE-1288,2002,-0.0,0,0
CWE-1289,2002,-0.0,0,0
CWE-1294,2002,-0.0,0,0
CWE-1295,2002,-0.0,0,0
CWE-1298,2002,-0.0,0,0
CWE-1299,2002,-0.0,0,0
CWE-1300,2002,-0.0,0,0
CWE-1301,2002,-0.0,0,0
CWE-1303,2002,-0.0,0,0
CWE-1304,2002,-0.0,0,0
CWE-1310,2002,-0.0,0,0
CWE-1312,2002,-0.0,0,0
CWE-1313,2002,-0.0,0,0
CWE-1314,2002,-0.0,0,0
CWE-1316,2002,-0.0,0,0
CWE-1319,2002,-0.0,0,0
CWE-1320,2002,-0.0,0,0
CWE-1321,2002,-0.0,0,0
CWE-1322,2002,-0.0,0,0
CWE-1323,2002,-0.0,0,0
CWE-1325,2002,-0.0,0,0
CWE-1326,2002,-0.0,0,0
CWE-1327,2002,-0.0,0,0
CWE-1328,2002,-0.0,0,0
CWE-1329,2002,-0.0,0,0
CWE-1330,2002,-0.0,0,0
CWE-1332,2002,-0.0,0,0
CWE-1333,2002,-0.0,0,0
CWE-1334,2002,-0.0,0,0
CWE-1335,2002,-0.0,0,0
CWE-1336,2002,-0.0,0,0
CWE-1342,2002,-0.0,0,0
CWE-1357,2002,-0.0,0,0
CWE-1366,2002,-0.0,0,0
CWE-1384,2002,-0.0,0,0
CWE-1385,2002,-0.0,0,0
CWE-1386,2002,-0.0,0,0
CWE-1389,2002,-0.0,0,0
CWE-1390,2002,-0.0,0,0
CWE-1391,2002,-0.0,0,0
CWE-1392,2002,-0.0,0,0
CWE-1393,2002,-0.0,0,0
CWE-1394,2002,-0.0,0,0
CWE-1,2003,-0.0,0,0
CWE-5,2003,-0.0,0,0
CWE-14,2003,-0.0,0,0
CWE-15,2003,-0.0,0,0
CWE-16,2003,0.030622474117370752,1,11
CWE-17,2003,1.1102230246251565e-16,0,0
CWE-18,2003,1.1102230246251565e-16,0,0
CWE-19,2003,-0.0,0,0
CWE-20,2003,0.3805448755690397,9,26
CWE-21,2003,-0.0,0,0
CWE-22,2003,0.22076369557734732,7,17
CWE-23,2003,-0.0,0,0
CWE-24,2003,-0.0,0,0
CWE-25,2003,-0.0,0,0
CWE-26,2003,-0.0,0,0
CWE-27,2003,-0.0,0,0
CWE-28,2003,-0.0,0,0
CWE-29,2003,-0.0,0,0
CWE-31,2003,-0.0,0,0
CWE-32,2003,-0.0,0,0
CWE-35,2003,-0.0,0,0
CWE-36,2003,-0.0,0,0
CWE-37,2003,-0.0,0,0
CWE-38,2003,-0.0,0,0
CWE-40,2003,-0.0,0,0
CWE-41,2003,-0.0,0,0
CWE-42,2003,-0.0,0,0
CWE-43,2003,-0.0,0,0
CWE-46,2003,-0.0,0,0
CWE-50,2003,-0.0,0,0
CWE-55,2003,-0.0,0,0
CWE-57,2003,-0.0,0,0
CWE-59,2003,0.07591215060965942,2,6
CWE-61,2003,-0.0,0,0
CWE-64,2003,-0.0,0,0
CWE-65,2003,-0.0,0,0
CWE-66,2003,-0.0,0,0
CWE-67,2003,-0.0,0,0
CWE-69,2003,-0.0,0,0
CWE-73,2003,-0.0,0,0
CWE-74,2003,-0.0,0,0
CWE-75,2003,-0.0,0,0
CWE-76,2003,-0.0,0,0
CWE-77,2003,-0.0,0,0
CWE-78,2003,-0.0,0,1
CWE-79,2003,0.4052851414021176,9,34
CWE-80,2003,-0.0,0,0
CWE-81,2003,-0.0,0,0
CWE-82,2003,-0.0,0,0
CWE-83,2003,-0.0,0,0
CWE-84,2003,-0.0,0,0
CWE-85,2003,-0.0,0,0
CWE-86,2003,-0.0,0,0
CWE-87,2003,-0.0,0,0
CWE-88,2003,-0.0,0,0
CWE-89,2003,0.10791794139415534,4,13
CWE-90,2003,-0.0,0,0
CWE-91,2003,-0.0,0,0
CWE-92,2003,-0.0,0,0
CWE-93,2003,-0.0,0,0
CWE-94,2003,0.0761156814061536,5,14
CWE-95,2003,-0.0,0,0
CWE-96,2003,-0.0,0,0
CWE-97,2003,-0.0,0,0
CWE-98,2003,-0.0,0,0
CWE-99,2003,-0.0,0,0
CWE-112,2003,-0.0,0,0
CWE-113,2003,-0.0,0,0
CWE-114,2003,-0.0,0,0
CWE-115,2003,-0.0,0,0
CWE-116,2003,-0.0,0,0
CWE-117,2003,-0.0,0,0
CWE-118,2003,-0.0,0,0
CWE-119,2003,0.3711612064662979,13,52
CWE-120,2003,0.20329579377437118,7,7
CWE-121,2003,-0.0,0,0
CWE-122,2003,-0.0,0,0
CWE-123,2003,-0.0,0,0
CWE-124,2003,-0.0,0,0
CWE-125,2003,-0.0,0,0
CWE-126,2003,-0.0,0,0
CWE-127,2003,-0.0,0,0
CWE-128,2003,-0.0,0,0
CWE-129,2003,-0.0,0,1
CWE-130,2003,-0.0,0,0
CWE-131,2003,-0.0,0,1
CWE-134,2003,-0.0,0,2
CWE-138,2003,-0.0,0,0
CWE-140,2003,-0.0,0,0
CWE-141,2003,-0.0,0,0
CWE-142,2003,-0.0,0,0
CWE-143,2003,-0.0,0,0
CWE-144,2003,-0.0,0,0
CWE-145,2003,-0.0,0,0
CWE-146,2003,-0.0,0,0
CWE-147,2003,-0.0,0,0
CWE-148,2003,-0.0,0,0
CWE-149,2003,-0.0,0,0
CWE-150,2003,-0.0,0,0
CWE-153,2003,-0.0,0,0
CWE-155,2003,-0.0,0,0
CWE-156,2003,-0.0,0,0
CWE-158,2003,-0.0,0,0
CWE-159,2003,-0.0,0,0
CWE-162,2003,-0.0,0,0
CWE-164,2003,-0.0,0,0
CWE-166,2003,-0.0,0,0
CWE-167,2003,-0.0,0,0
CWE-168,2003,-0.0,0,0
CWE-170,2003,-0.0,0,0
CWE-172,2003,-0.0,0,0
CWE-173,2003,-0.0,0,0
CWE-174,2003,-0.0,0,0
CWE-176,2003,-0.0,0,0
CWE-177,2003,-0.0,0,0
CWE-178,2003,-0.0,0,1
CWE-179,2003,-0.0,0,0
CWE-180,2003,-0.0,0,0
CWE-183,2003,-0.0,0,0
CWE-184,2003,-0.0,0,0
CWE-185,2003,-0.0,0,0
CWE-186,2003,-0.0,0,0
CWE-187,2003,-0.0,0,0
CWE-188,2003,-0.0,0,0
CWE-189,2003,0.029867369574719894,1,1
CWE-190,2003,-0.0,0,0
CWE-191,2003,-0.0,0,0
CWE-192,2003,-0.0,0,0
CWE-193,2003,0.1878065260316311,5,4
CWE-194,2003,-0.0,0,0
CWE-195,2003,-0.0,0,0
CWE-196,2003,-0.0,0,0
CWE-197,2003,-0.0,0,0
CWE-198,2003,-0.0,0,0
CWE-199,2003,-0.0,0,0
CWE-200,2003,0.5628139071736056,14,25
CWE-201,2003,-0.0,0,0
CWE-202,2003,-0.0,0,0
CWE-203,2003,0.1376058303094605,4,3
CWE-204,2003,-0.0,0,0
CWE-207,2003,-0.0,0,0
CWE-208,2003,-0.0,0,0
CWE-209,2003,-0.0,0,0
CWE-212,2003,-0.0,0,0
CWE-213,2003,-0.0,0,0
CWE-214,2003,-0.0,0,0
CWE-215,2003,-0.0,0,0
CWE-216,2003,-0.0,0,0
CWE-219,2003,-0.0,0,0
CWE-221,2003,-0.0,0,0
CWE-223,2003,-0.0,0,0
CWE-226,2003,-0.0,0,0
CWE-227,2003,-0.0,0,0
CWE-228,2003,-0.0,0,0
CWE-229,2003,-0.0,0,0
CWE-230,2003,-0.0,0,0
CWE-231,2003,-0.0,0,0
CWE-232,2003,-0.0,0,0
CWE-233,2003,-0.0,0,0
CWE-235,2003,-0.0,0,0
CWE-236,2003,-0.0,0,0
CWE-237,2003,-0.0,0,0
CWE-239,2003,-0.0,0,0
CWE-240,2003,-0.0,0,0
CWE-241,2003,-0.0,0,0
CWE-242,2003,-0.0,0,0
CWE-244,2003,-0.0,0,0
CWE-248,2003,-0.0,0,0
CWE-250,2003,-0.0,0,0
CWE-252,2003,-0.0,0,0
CWE-253,2003,-0.0,0,0
CWE-254,2003,-0.0,0,0
CWE-255,2003,0.006789259797143963,1,8
CWE-256,2003,-0.0,0,0
CWE-257,2003,-0.0,0,0
CWE-258,2003,-0.0,0,0
CWE-259,2003,-0.0,0,0
CWE-260,2003,-0.0,0,0
CWE-261,2003,-0.0,0,0
CWE-262,2003,-0.0,0,0
CWE-263,2003,-0.0,0,0
CWE-264,2003,0.08436999619323633,5,18
CWE-265,2003,-0.0,0,0
CWE-266,2003,-0.0,0,0
CWE-267,2003,-0.0,0,0
CWE-268,2003,-0.0,0,0
CWE-269,2003,-0.0,0,0
CWE-270,2003,-0.0,0,0
CWE-271,2003,-0.0,0,0
CWE-272,2003,-0.0,0,0
CWE-273,2003,-0.0,0,0
CWE-274,2003,-0.0,0,0
CWE-275,2003,-0.0,0,0
CWE-276,2003,-0.0,0,0
CWE-277,2003,-0.0,0,0
CWE-278,2003,-0.0,0,0
CWE-279,2003,-0.0,0,0
CWE-280,2003,-0.0,0,0
CWE-281,2003,-0.0,0,0
CWE-282,2003,-0.0,0,0
CWE-283,2003,-0.0,0,0
CWE-284,2003,-0.0,0,0
CWE-285,2003,-0.0,0,0
CWE-286,2003,-0.0,0,0
CWE-287,2003,0.053757274869237884,3,7
CWE-288,2003,-0.0,0,0
CWE-289,2003,-0.0,0,0
CWE-290,2003,-0.0,0,0
CWE-291,2003,-0.0,0,0
CWE-292,2003,-0.0,0,0
CWE-294,2003,-0.0,0,0
CWE-295,2003,-0.0,0,1
CWE-296,2003,-0.0,0,0
CWE-297,2003,-0.0,0,0
CWE-298,2003,-0.0,0,0
CWE-299,2003,-0.0,0,0
CWE-300,2003,-0.0,0,0
CWE-302,2003,-0.0,0,0
CWE-303,2003,-0.0,0,0
CWE-304,2003,-0.0,0,0
CWE-305,2003,-0.0,0,0
CWE-306,2003,-0.0,0,0
CWE-307,2003,-0.0,0,1
CWE-308,2003,-0.0,0,0
CWE-309,2003,-0.0,0,0
CWE-310,2003,0.08572293711650487,3,8
CWE-311,2003,-0.0,0,0
CWE-312,2003,-0.0,0,0
CWE-313,2003,-0.0,0,0
CWE-315,2003,-0.0,0,0
CWE-316,2003,-0.0,0,0
CWE-317,2003,-0.0,0,0
CWE-319,2003,-0.0,0,0
CWE-320,2003,-0.0,0,0
CWE-321,2003,-0.0,0,0
CWE-322,2003,-0.0,0,0
CWE-323,2003,-0.0,0,0
CWE-324,2003,-0.0,0,0
CWE-325,2003,-0.0,0,0
CWE-326,2003,-0.0,0,0
CWE-327,2003,-0.0,0,0
CWE-328,2003,-0.0,0,0
CWE-329,2003,-0.0,0,0
CWE-330,2003,-0.0,0,0
CWE-331,2003,-0.0,0,0
CWE-332,2003,-0.0,0,0
CWE-333,2003,-0.0,0,0
CWE-334,2003,-0.0,0,0
CWE-335,2003,-0.0,0,0
CWE-336,2003,-0.0,0,0
CWE-337,2003,-0.0,0,0
CWE-338,2003,-0.0,0,0
CWE-339,2003,-0.0,0,0
CWE-340,2003,-0.0,0,0
CWE-341,2003,-0.0,0,0
CWE-342,2003,-0.0,0,0
CWE-343,2003,-0.0,0,0
CWE-344,2003,-0.0,0,0
CWE-345,2003,-0.0,0,0
CWE-346,2003,-0.0,0,1
CWE-347,2003,-0.0,0,0
CWE-348,2003,-0.0,0,0
CWE-349,2003,-0.0,0,0
CWE-350,2003,-0.0,0,0
CWE-351,2003,-0.0,0,0
CWE-352,2003,-0.0,0,0
CWE-353,2003,-0.0,0,0
CWE-354,2003,-0.0,0,0
CWE-356,2003,-0.0,0,0
CWE-357,2003,-0.0,0,0
CWE-358,2003,-0.0,0,0
CWE-359,2003,-0.0,0,0
CWE-361,2003,-0.0,0,0
CWE-362,2003,0.04368647641078524,2,2
CWE-363,2003,-0.0,0,0
CWE-364,2003,-0.0,0,0
CWE-366,2003,-0.0,0,0
CWE-367,2003,0.11483520214857398,3,1
CWE-369,2003,-0.0,0,0
CWE-371,2003,-0.0,0,0
CWE-372,2003,-0.0,0,0
CWE-377,2003,-0.0,0,0
CWE-378,2003,-0.0,0,0
CWE-379,2003,-0.0,0,0
CWE-384,2003,-0.0,0,0
CWE-385,2003,-0.0,0,0
CWE-386,2003,-0.0,0,0
CWE-388,2003,-0.0,0,0
CWE-390,2003,-0.0,0,0
CWE-391,2003,-0.0,0,0
CWE-392,2003,-0.0,0,0
CWE-393,2003,-0.0,0,0
CWE-394,2003,-0.0,0,0
CWE-395,2003,-0.0,0,0
CWE-396,2003,-0.0,0,0
CWE-399,2003,0.1219184483974824,5,6
CWE-400,2003,0.03261332512803649,1,1
CWE-401,2003,-0.0,0,0
CWE-402,2003,-0.0,0,0
CWE-403,2003,-0.0,0,0
CWE-404,2003,-0.0,0,0
CWE-405,2003,-0.0,0,0
CWE-406,2003,-0.0,0,0
CWE-407,2003,-0.0,0,0
CWE-408,2003,-0.0,0,0
CWE-409,2003,-0.0,0,0
CWE-410,2003,-0.0,0,0
CWE-412,2003,-0.0,0,0
CWE-413,2003,-0.0,0,0
CWE-414,2003,-0.0,0,0
CWE-415,2003,0.08254878401640554,3,2
CWE-416,2003,-0.0,0,0
CWE-417,2003,-0.0,0,0
CWE-419,2003,-0.0,0,0
CWE-420,2003,-0.0,0,0
CWE-421,2003,-0.0,0,0
CWE-422,2003,-0.0,0,0
CWE-424,2003,-0.0,0,0
CWE-425,2003,-0.0,0,0
CWE-426,2003,-0.0,0,0
CWE-427,2003,-0.0,0,0
CWE-428,2003,-0.0,0,0
CWE-430,2003,-0.0,0,0
CWE-431,2003,-0.0,0,0
CWE-433,2003,-0.0,0,0
CWE-434,2003,-0.0,0,0
CWE-435,2003,-0.0,0,0
CWE-436,2003,-0.0,0,0
CWE-437,2003,-0.0,0,0
CWE-440,2003,-0.0,0,0
CWE-441,2003,-0.0,0,0
CWE-444,2003,-0.0,0,0
CWE-446,2003,-0.0,0,0
CWE-447,2003,-0.0,0,0
CWE-448,2003,-0.0,0,0
CWE-449,2003,-0.0,0,0
CWE-450,2003,-0.0,0,0
CWE-451,2003,-0.0,0,0
CWE-453,2003,-0.0,0,0
CWE-454,2003,-0.0,0,0
CWE-455,2003,-0.0,0,0
CWE-456,2003,-0.0,0,0
CWE-457,2003,-0.0,0,0
CWE-459,2003,-0.0,0,0
CWE-460,2003,-0.0,0,0
CWE-462,2003,-0.0,0,0
CWE-463,2003,-0.0,0,0
CWE-465,2003,-0.0,0,0
CWE-466,2003,-0.0,0,0
CWE-467,2003,-0.0,0,0
CWE-468,2003,-0.0,0,0
CWE-469,2003,-0.0,0,0
CWE-470,2003,-0.0,0,0
CWE-471,2003,-0.0,0,0
CWE-472,2003,-0.0,0,0
CWE-473,2003,-0.0,0,0
CWE-474,2003,-0.0,0,0
CWE-475,2003,-0.0,0,0
CWE-476,2003,-0.0,0,0
CWE-477,2003,-0.0,0,0
CWE-479,2003,-0.0,0,0
CWE-480,2003,-0.0,0,0
CWE-484,2003,-0.0,0,0
CWE-488,2003,-0.0,0,0
CWE-489,2003,-0.0,0,0
CWE-491,2003,-0.0,0,0
CWE-494,2003,-0.0,0,0
CWE-495,2003,-0.0,0,0
CWE-497,2003,-0.0,0,0
CWE-501,2003,-0.0,0,0
CWE-502,2003,-0.0,0,1
CWE-506,2003,-0.0,0,0
CWE-507,2003,-0.0,0,0
CWE-514,2003,-0.0,0,0
CWE-520,2003,-0.0,0,0
CWE-521,2003,-0.0,0,0
CWE-522,2003,-0.0,0,0
CWE-523,2003,-0.0,0,0
CWE-524,2003,-0.0,0,0
CWE-525,2003,-0.0,0,0
CWE-526,2003,-0.0,0,0
CWE-527,2003,-0.0,0,0
CWE-530,2003,-0.0,0,0
CWE-531,2003,-0.0,0,0
CWE-532,2003,-0.0,0,0
CWE-533,2003,-0.0,0,0
CWE-534,2003,-0.0,0,0
CWE-538,2003,-0.0,0,0
CWE-539,2003,-0.0,0,0
CWE-540,2003,-0.0,0,0
CWE-544,2003,-0.0,0,0
CWE-547,2003,-0.0,0,0
CWE-548,2003,-0.0,0,0
CWE-549,2003,-0.0,0,0
CWE-550,2003,-0.0,0,0
CWE-551,2003,-0.0,0,0
CWE-552,2003,-0.0,0,0
CWE-553,2003,-0.0,0,0
CWE-555,2003,-0.0,0,0
CWE-556,2003,-0.0,0,0
CWE-557,2003,-0.0,0,0
CWE-561,2003,-0.0,0,0
CWE-562,2003,-0.0,0,0
CWE-563,2003,-0.0,0,0
CWE-564,2003,-0.0,0,0
CWE-565,2003,-0.0,0,0
CWE-566,2003,-0.0,0,0
CWE-567,2003,-0.0,0,0
CWE-570,2003,-0.0,0,0
CWE-571,2003,-0.0,0,0
CWE-573,2003,-0.0,0,0
CWE-590,2003,-0.0,0,0
CWE-591,2003,-0.0,0,0
CWE-592,2003,-0.0,0,0
CWE-597,2003,-0.0,0,0
CWE-598,2003,-0.0,0,0
CWE-599,2003,-0.0,0,0
CWE-600,2003,-0.0,0,0
CWE-601,2003,-0.0,0,0
CWE-602,2003,-0.0,0,0
CWE-603,2003,-0.0,0,0
CWE-605,2003,-0.0,0,0
CWE-606,2003,-0.0,0,0
CWE-610,2003,-0.0,0,0
CWE-611,2003,-0.0,0,0
CWE-612,2003,-0.0,0,0
CWE-613,2003,-0.0,0,0
CWE-614,2003,-0.0,0,0
CWE-615,2003,-0.0,0,0
CWE-616,2003,-0.0,0,0
CWE-617,2003,-0.0,0,0
CWE-618,2003,-0.0,0,0
CWE-620,2003,-0.0,0,0
CWE-622,2003,-0.0,0,0
CWE-623,2003,-0.0,0,0
CWE-624,2003,-0.0,0,0
CWE-625,2003,-0.0,0,0
CWE-626,2003,-0.0,0,0
CWE-627,2003,-0.0,0,0
CWE-628,2003,-0.0,0,0
CWE-636,2003,-0.0,0,0
CWE-639,2003,-0.0,0,0
CWE-640,2003,-0.0,0,0
CWE-641,2003,-0.0,0,0
CWE-642,2003,-0.0,0,0
CWE-643,2003,-0.0,0,0
CWE-644,2003,-0.0,0,0
CWE-645,2003,-0.0,0,0
CWE-646,2003,-0.0,0,0
CWE-647,2003,-0.0,0,0
CWE-648,2003,-0.0,0,0
CWE-649,2003,-0.0,0,0
CWE-650,2003,-0.0,0,0
CWE-653,2003,-0.0,0,0
CWE-655,2003,-0.0,0,0
CWE-656,2003,-0.0,0,0
CWE-657,2003,-0.0,0,0
CWE-662,2003,-0.0,0,0
CWE-664,2003,-0.0,0,0
CWE-665,2003,-0.0,0,0
CWE-666,2003,-0.0,0,0
CWE-667,2003,-0.0,0,0
CWE-668,2003,-0.0,0,0
CWE-669,2003,-0.0,0,0
CWE-670,2003,-0.0,0,0
CWE-671,2003,-0.0,0,0
CWE-672,2003,-0.0,0,0
CWE-673,2003,-0.0,0,0
CWE-674,2003,-0.0,0,0
CWE-675,2003,-0.0,0,0
CWE-676,2003,-0.0,0,0
CWE-680,2003,-0.0,0,0
CWE-681,2003,-0.0,0,0
CWE-682,2003,-0.0,0,0
CWE-683,2003,-0.0,0,0
CWE-684,2003,-0.0,0,0
CWE-686,2003,-0.0,0,0
CWE-688,2003,-0.0,0,0
CWE-689,2003,-0.0,0,0
CWE-690,2003,-0.0,0,0
CWE-691,2003,-0.0,0,0
CWE-692,2003,-0.0,0,0
CWE-693,2003,-0.0,0,0
CWE-694,2003,-0.0,0,0
CWE-696,2003,-0.0,0,0
CWE-697,2003,-0.0,0,0
CWE-698,2003,-0.0,0,0
CWE-701,2003,-0.0,0,0
CWE-703,2003,-0.0,0,0
CWE-704,2003,-0.0,0,0
CWE-705,2003,-0.0,0,0
CWE-706,2003,-0.0,0,0
CWE-707,2003,-0.0,0,0
CWE-708,2003,-0.0,0,0
CWE-710,2003,-0.0,0,0
CWE-732,2003,-0.0,0,0
CWE-733,2003,-0.0,0,0
CWE-749,2003,-0.0,0,0
CWE-754,2003,-0.0,0,0
CWE-755,2003,-0.0,0,0
CWE-757,2003,-0.0,0,0
CWE-758,2003,-0.0,0,0
CWE-759,2003,-0.0,0,0
CWE-760,2003,-0.0,0,0
CWE-761,2003,-0.0,0,0
CWE-762,2003,-0.0,0,0
CWE-763,2003,-0.0,0,0
CWE-767,2003,-0.0,0,0
CWE-768,2003,-0.0,0,0
CWE-769,2003,-0.0,0,0
CWE-770,2003,-0.0,0,0
CWE-771,2003,-0.0,0,0
CWE-772,2003,0.07515704606700867,2,1
CWE-774,2003,-0.0,0,0
CWE-775,2003,-0.0,0,0
CWE-776,2003,-0.0,0,1
CWE-777,2003,-0.0,0,0
CWE-778,2003,-0.0,0,0
CWE-779,2003,-0.0,0,0
CWE-780,2003,-0.0,0,0
CWE-782,2003,-0.0,0,0
CWE-783,2003,-0.0,0,0
CWE-784,2003,-0.0,0,0
CWE-786,2003,-0.0,0,0
CWE-787,2003,0.07883992217551368,3,2
CWE-788,2003,-0.0,0,0
CWE-789,2003,-0.0,0,0
CWE-790,2003,-0.0,0,0
CWE-791,2003,-0.0,0,0
CWE-792,2003,-0.0,0,0
CWE-794,2003,-0.0,0,0
CWE-798,2003,-0.0,0,0
CWE-799,2003,-0.0,0,0
CWE-804,2003,-0.0,0,0
CWE-805,2003,-0.0,0,0
CWE-807,2003,-0.0,0,0
CWE-820,2003,-0.0,0,0
CWE-821,2003,-0.0,0,0
CWE-822,2003,-0.0,0,0
CWE-823,2003,-0.0,0,0
CWE-824,2003,-0.0,0,1
CWE-825,2003,-0.0,0,0
CWE-826,2003,-0.0,0,0
CWE-828,2003,-0.0,0,0
CWE-829,2003,-0.0,0,0
CWE-830,2003,-0.0,0,0
CWE-832,2003,-0.0,0,0
CWE-833,2003,-0.0,0,0
CWE-834,2003,-0.0,0,0
CWE-835,2003,-0.0,0,0
CWE-836,2003,-0.0,0,0
CWE-837,2003,-0.0,0,0
CWE-838,2003,-0.0,0,0
CWE-839,2003,-0.0,0,0
CWE-840,2003,-0.0,0,0
CWE-841,2003,-0.0,0,0
CWE-842,2003,-0.0,0,0
CWE-843,2003,-0.0,0,0
CWE-862,2003,-0.0,0,0
CWE-863,2003,-0.0,0,0
CWE-882,2003,-0.0,0,0
CWE-908,2003,-0.0,0,0
CWE-909,2003,-0.0,0,0
CWE-910,2003,-0.0,0,0
CWE-911,2003,-0.0,0,0
CWE-912,2003,-0.0,0,0
CWE-913,2003,-0.0,0,0
CWE-914,2003,-0.0,0,0
CWE-915,2003,-0.0,0,0
CWE-916,2003,-0.0,0,0
CWE-917,2003,-0.0,0,0
CWE-918,2003,-0.0,0,1
CWE-920,2003,-0.0,0,0
CWE-921,2003,-0.0,0,0
CWE-922,2003,-0.0,0,0
CWE-923,2003,-0.0,0,0
CWE-924,2003,-0.0,0,0
CWE-925,2003,-0.0,0,0
CWE-926,2003,-0.0,0,0
CWE-927,2003,-0.0,0,0
CWE-939,2003,-0.0,0,0
CWE-940,2003,-0.0,0,0
CWE-941,2003,-0.0,0,0
CWE-942,2003,-0.0,0,0
CWE-943,2003,-0.0,0,0
CWE-1004,2003,-0.0,0,0
CWE-1007,2003,-0.0,0,0
CWE-1018,2003,-0.0,0,0
CWE-1021,2003,-0.0,0,0
CWE-1022,2003,-0.0,0,0
CWE-1023,2003,-0.0,0,0
CWE-1025,2003,-0.0,0,0
CWE-1026,2003,-0.0,0,0
CWE-1027,2003,-0.0,0,0
CWE-1032,2003,-0.0,0,0
CWE-1035,2003,-0.0,0,0
CWE-1037,2003,-0.0,0,0
CWE-1038,2003,-0.0,0,0
CWE-1039,2003,-0.0,0,0
CWE-1046,2003,-0.0,0,0
CWE-1049,2003,-0.0,0,0
CWE-1050,2003,-0.0,0,0
CWE-1059,2003,-0.0,0,0
CWE-1068,2003,-0.0,0,0
CWE-1072,2003,-0.0,0,0
CWE-1076,2003,-0.0,0,0
CWE-1077,2003,-0.0,0,0
CWE-1088,2003,-0.0,0,0
CWE-1100,2003,-0.0,0,0
CWE-1102,2003,-0.0,0,0
CWE-1103,2003,-0.0,0,0
CWE-1104,2003,-0.0,0,0
CWE-1106,2003,-0.0,0,0
CWE-1108,2003,-0.0,0,0
CWE-1112,2003,-0.0,0,0
CWE-1116,2003,-0.0,0,0
CWE-1119,2003,-0.0,0,0
CWE-1124,2003,-0.0,0,0
CWE-1125,2003,-0.0,0,0
CWE-1149,2003,-0.0,0,0
CWE-1164,2003,-0.0,0,0
CWE-1173,2003,-0.0,0,0
CWE-1174,2003,-0.0,0,0
CWE-1176,2003,-0.0,0,0
CWE-1187,2003,-0.0,0,0
CWE-1188,2003,-0.0,0,0
CWE-1189,2003,-0.0,0,0
CWE-1191,2003,-0.0,0,0
CWE-1204,2003,-0.0,0,0
CWE-1220,2003,-0.0,0,0
CWE-1223,2003,-0.0,0,0
CWE-1230,2003,-0.0,0,0
CWE-1231,2003,-0.0,0,0
CWE-1233,2003,-0.0,0,0
CWE-1234,2003,-0.0,0,0
CWE-1236,2003,-0.0,0,0
CWE-1240,2003,-0.0,0,0
CWE-1241,2003,-0.0,0,0
CWE-1242,2003,-0.0,0,0
CWE-1244,2003,-0.0,0,0
CWE-1245,2003,-0.0,0,0
CWE-1246,2003,-0.0,0,0
CWE-1247,2003,-0.0,0,0
CWE-1250,2003,-0.0,0,0
CWE-1251,2003,-0.0,0,0
CWE-1254,2003,-0.0,0,0
CWE-1255,2003,-0.0,0,0
CWE-1256,2003,-0.0,0,0
CWE-1257,2003,-0.0,0,0
CWE-1258,2003,-0.0,0,0
CWE-1259,2003,-0.0,0,0
CWE-1260,2003,-0.0,0,0
CWE-1262,2003,-0.0,0,0
CWE-1263,2003,-0.0,0,0
CWE-1264,2003,-0.0,0,0
CWE-1268,2003,-0.0,0,0
CWE-1270,2003,-0.0,0,0
CWE-1274,2003,-0.0,0,0
CWE-1275,2003,-0.0,0,0
CWE-1276,2003,-0.0,0,0
CWE-1277,2003,-0.0,0,0
CWE-1278,2003,-0.0,0,0
CWE-1280,2003,-0.0,0,0
CWE-1281,2003,-0.0,0,0
CWE-1282,2003,-0.0,0,0
CWE-1283,2003,-0.0,0,0
CWE-1284,2003,-0.0,0,0
CWE-1285,2003,-0.0,0,0
CWE-1286,2003,-0.0,0,0
CWE-1287,2003,-0.0,0,0
CWE-1288,2003,-0.0,0,0
CWE-1289,2003,-0.0,0,0
CWE-1294,2003,-0.0,0,0
CWE-1295,2003,-0.0,0,0
CWE-1298,2003,-0.0,0,0
CWE-1299,2003,-0.0,0,0
CWE-1300,2003,-0.0,0,0
CWE-1301,2003,-0.0,0,0
CWE-1303,2003,-0.0,0,0
CWE-1304,2003,-0.0,0,0
CWE-1310,2003,-0.0,0,0
CWE-1312,2003,-0.0,0,0
CWE-1313,2003,-0.0,0,0
CWE-1314,2003,-0.0,0,0
CWE-1316,2003,-0.0,0,0
CWE-1319,2003,-0.0,0,0
CWE-1320,2003,-0.0,0,0
CWE-1321,2003,-0.0,0,0
CWE-1322,2003,-0.0,0,0
CWE-1323,2003,-0.0,0,0
CWE-1325,2003,-0.0,0,0
CWE-1326,2003,-0.0,0,0
CWE-1327,2003,-0.0,0,0
CWE-1328,2003,-0.0,0,0
CWE-1329,2003,-0.0,0,0
CWE-1330,2003,-0.0,0,0
CWE-1332,2003,-0.0,0,0
CWE-1333,2003,-0.0,0,0
CWE-1334,2003,-0.0,0,0
CWE-1335,2003,-0.0,0,0
CWE-1336,2003,-0.0,0,0
CWE-1342,2003,-0.0,0,0
CWE-1357,2003,-0.0,0,0
CWE-1366,2003,-0.0,0,0
CWE-1384,2003,-0.0,0,0
CWE-1385,2003,-0.0,0,0
CWE-1386,2003,-0.0,0,0
CWE-1389,2003,-0.0,0,0
CWE-1390,2003,-0.0,0,0
CWE-1391,2003,-0.0,0,0
CWE-1392,2003,-0.0,0,0
CWE-1393,2003,-0.0,0,0
CWE-1394,2003,-0.0,0,0
CWE-1,2004,0.0,0,0
CWE-5,2004,0.0,0,0
CWE-14,2004,0.0,0,0
CWE-15,2004,0.0,0,0
CWE-16,2004,0.0007163457370822817,1,4
CWE-17,2004,0.0,0,0
CWE-18,2004,0.0,0,0
CWE-19,2004,-1.1102230246251565e-16,0,0
CWE-20,2004,0.1255219177373691,16,17
CWE-21,2004,0.0,0,0
CWE-22,2004,0.047543245063107024,17,15
CWE-23,2004,0.0,0,0
CWE-24,2004,0.0,0,0
CWE-25,2004,0.0,0,0
CWE-26,2004,0.0,0,0
CWE-27,2004,0.0,0,0
CWE-28,2004,0.0,0,0
CWE-29,2004,0.0,0,0
CWE-31,2004,0.0,0,0
CWE-32,2004,0.0,0,0
CWE-35,2004,0.0,0,0
CWE-36,2004,0.0,0,0
CWE-37,2004,0.0,0,0
CWE-38,2004,0.0,0,0
CWE-40,2004,0.0,0,0
CWE-41,2004,0.0,0,0
CWE-42,2004,0.0,0,0
CWE-43,2004,0.0,0,0
CWE-46,2004,3.6734198463196485e-40,0,0
CWE-50,2004,0.0,0,0
CWE-55,2004,-4.484155085839415e-44,0,0
CWE-57,2004,-4.484155085839415e-44,0,0
CWE-59,2004,0.020169627846960518,9,5
CWE-61,2004,-9.108440018111311e-45,0,0
CWE-64,2004,1.1210387714598537e-44,0,0
CWE-65,2004,0.0,0,0
CWE-66,2004,0.0,0,0
CWE-67,2004,0.0,0,0
CWE-69,2004,0.0,0,0
CWE-73,2004,0.0,0,0
CWE-74,2004,0.0016933289219646394,6,1
CWE-75,2004,0.0,0,0
CWE-76,2004,0.0,0,0
CWE-77,2004,0.0,0,0
CWE-78,2004,0.0,0,1
CWE-79,2004,0.014162821933625228,10,24
CWE-80,2004,0.0,0,0
CWE-81,2004,0.0,0,0
CWE-82,2004,0.0,0,0
CWE-83,2004,0.0,0,0
CWE-84,2004,0.0,0,0
CWE-85,2004,0.0,0,0
CWE-86,2004,0.0,0,0
CWE-87,2004,0.0,0,0
CWE-88,2004,0.0554688782193394,15,6
CWE-89,2004,0.015023743466984416,10,10
CWE-90,2004,0.0,0,0
CWE-91,2004,0.0,0,0
CWE-92,2004,0.0,0,0
CWE-93,2004,0.0,0,0
CWE-94,2004,0.019593750719565088,9,6
CWE-95,2004,0.0,0,0
CWE-96,2004,0.0,0,0
CWE-97,2004,0.0,0,0
CWE-98,2004,0.0,0,0
CWE-99,2004,0.0,0,0
CWE-112,2004,0.0,0,0
CWE-113,2004,0.0,0,0
CWE-114,2004,0.0,0,0
CWE-115,2004,0.0,0,0
CWE-116,2004,0.0,0,0
CWE-117,2004,0.0,0,0
CWE-118,2004,0.0,0,0
CWE-119,2004,0.1449064541433164,21,23
CWE-120,2004,0.03955194839390156,10,3
CWE-121,2004,0.0,0,0
CWE-122,2004,0.0,0,0
CWE-123,2004,0.0,0,0
CWE-124,2004,0.0,0,0
CWE-125,2004,0.6728170844366532,12,6
CWE-126,2004,0.0,0,0
CWE-127,2004,0.0,0,0
CWE-128,2004,0.0,0,0
CWE-129,2004,0.0,0,0
CWE-130,2004,0.0,0,0
CWE-131,2004,0.04878156333603366,15,3
CWE-134,2004,0.01873989533044937,8,5
CWE-138,2004,0.0,0,0
CWE-140,2004,0.0,0,0
CWE-141,2004,0.0,0,0
CWE-142,2004,0.0,0,0
CWE-143,2004,0.0,0,0
CWE-144,2004,0.0,0,0
CWE-145,2004,0.0,0,0
CWE-146,2004,0.0,0,0
CWE-147,2004,0.0,0,0
CWE-148,2004,0.0,0,0
CWE-149,2004,0.0,0,0
CWE-150,2004,0.0,0,0
CWE-153,2004,0.0,0,0
CWE-155,2004,0.0,0,0
CWE-156,2004,0.0,0,0
CWE-158,2004,0.0,0,0
CWE-159,2004,0.0,0,0
CWE-162,2004,0.0,0,0
CWE-164,2004,0.0,0,0
CWE-166,2004,0.0,0,0
CWE-167,2004,0.0,0,0
CWE-168,2004,0.0,0,0
CWE-170,2004,0.0,0,0
CWE-172,2004,0.0,0,0
CWE-173,2004,0.0,0,0
CWE-174,2004,0.0,0,0
CWE-176,2004,0.0,0,0
CWE-177,2004,0.0,0,0
CWE-178,2004,0.04169468970255875,3,3
CWE-179,2004,0.0,0,0
CWE-180,2004,0.0,0,0
CWE-183,2004,0.0,0,0
CWE-184,2004,0.0,0,0
CWE-185,2004,0.0,0,0
CWE-186,2004,0.0,0,0
CWE-187,2004,0.0,0,0
CWE-188,2004,0.0,0,0
CWE-189,2004,0.0003826612347098592,3,1
CWE-190,2004,0.0023544226013885914,5,3
CWE-191,2004,0.0003826612347098592,3,1
CWE-192,2004,0.0,0,0
CWE-193,2004,3.387915527214927e-05,1,3
CWE-194,2004,0.0,0,0
CWE-195,2004,0.0,0,0
CWE-196,2004,0.0,0,0
CWE-197,2004,0.0,0,0
CWE-198,2004,0.0,0,0
CWE-199,2004,0.0,0,0
CWE-200,2004,0.061222694923040784,13,5
CWE-201,2004,0.0,0,0
CWE-202,2004,0.0,0,0
CWE-203,2004,0.0022485301415980895,3,7
CWE-204,2004,0.0,0,0
CWE-207,2004,0.0,0,0
CWE-208,2004,0.0,0,0
CWE-209,2004,0.0,0,0
CWE-212,2004,0.0,0,0
CWE-213,2004,0.0,0,0
CWE-214,2004,0.0,0,0
CWE-215,2004,0.0,0,0
CWE-216,2004,0.0,0,0
CWE-219,2004,0.0,0,0
CWE-221,2004,0.0,0,0
CWE-223,2004,0.0,0,0
CWE-226,2004,0.0,0,0
CWE-227,2004,0.0,0,0
CWE-228,2004,0.0,0,0
CWE-229,2004,0.0,0,0
CWE-230,2004,0.0,0,0
CWE-231,2004,0.0,0,0
CWE-232,2004,0.0,0,0
CWE-233,2004,0.0,0,0
CWE-235,2004,0.0,0,0
CWE-236,2004,0.0,0,0
CWE-237,2004,0.0,0,0
CWE-239,2004,0.0,0,0
CWE-240,2004,0.0,0,0
CWE-241,2004,0.0,0,0
CWE-242,2004,0.0,0,0
CWE-244,2004,0.0,0,0
CWE-248,2004,0.0,0,0
CWE-250,2004,0.0,0,0
CWE-252,2004,0.0,0,0
CWE-253,2004,0.0,0,0
CWE-254,2004,0.0,0,0
CWE-255,2004,0.0493103041477543,8,6
CWE-256,2004,0.0,0,0
CWE-257,2004,0.0,0,0
CWE-258,2004,0.0,0,0
CWE-259,2004,0.0,0,0
CWE-260,2004,0.0,0,0
CWE-261,2004,0.0,0,0
CWE-262,2004,0.0,0,0
CWE-263,2004,0.0,0,0
CWE-264,2004,0.040650493517276974,15,19
CWE-265,2004,0.0,0,0
CWE-266,2004,0.0,0,0
CWE-267,2004,0.0,0,0
CWE-268,2004,0.0,0,0
CWE-269,2004,0.0,0,1
CWE-270,2004,0.0,0,0
CWE-271,2004,0.0,0,0
CWE-272,2004,0.0,0,0
CWE-273,2004,0.0,0,0
CWE-274,2004,0.0,0,0
CWE-275,2004,0.0,0,0
CWE-276,2004,0.0,0,1
CWE-277,2004,0.0,0,0
CWE-278,2004,0.0,0,0
CWE-279,2004,0.0,0,0
CWE-280,2004,0.0,0,0
CWE-281,2004,0.0,0,0
CWE-282,2004,0.0,0,0
CWE-283,2004,0.0,0,0
CWE-284,2004,0.0,0,0
CWE-285,2004,0.0,0,0
CWE-286,2004,0.0,0,0
CWE-287,2004,0.02914637478753682,6,6
CWE-288,2004,0.0,0,0
CWE-289,2004,0.0,0,0
CWE-290,2004,0.0,0,0
CWE-291,2004,0.0,0,0
CWE-292,2004,0.0,0,0
CWE-294,2004,0.0,0,0
CWE-295,2004,0.0,0,0
CWE-296,2004,0.0,0,0
CWE-297,2004,0.0,0,0
CWE-298,2004,0.0,0,0
CWE-299,2004,0.0,0,0
CWE-300,2004,0.0,0,0
CWE-302,2004,0.0,0,0
CWE-303,2004,0.0,0,0
CWE-304,2004,0.0,0,0
CWE-305,2004,0.0,0,0
CWE-306,2004,0.01590797387310638,5,1
CWE-307,2004,0.0,0,0
CWE-308,2004,0.0,0,0
CWE-309,2004,0.0,0,0
CWE-310,2004,0.0,0,2
CWE-311,2004,0.0,0,0
CWE-312,2004,0.0,0,1
CWE-313,2004,0.0,0,0
CWE-315,2004,0.0,0,0
CWE-316,2004,0.0,0,0
CWE-317,2004,0.0,0,0
CWE-319,2004,0.0,0,1
CWE-320,2004,0.0,0,0
CWE-321,2004,0.0,0,0
CWE-322,2004,0.0,0,0
CWE-323,2004,0.0,0,0
CWE-324,2004,0.0,0,0
CWE-325,2004,0.0,0,0
CWE-326,2004,0.0,0,1
CWE-327,2004,0.0,0,0
CWE-328,2004,0.0,0,0
CWE-329,2004,0.0,0,0
CWE-330,2004,0.0,0,0
CWE-331,2004,0.0,0,0
CWE-332,2004,0.0,0,0
CWE-333,2004,0.0,0,0
CWE-334,2004,0.0,0,0
CWE-335,2004,0.0,0,0
CWE-336,2004,0.0,0,0
CWE-337,2004,0.0,0,0
CWE-338,2004,0.0,0,0
CWE-339,2004,0.0,0,0
CWE-340,2004,0.0,0,0
CWE-341,2004,0.0,0,0
CWE-342,2004,0.0,0,0
CWE-343,2004,0.0,0,0
CWE-344,2004,0.0,0,0
CWE-345,2004,0.0,0,0
CWE-346,2004,0.0,0,1
CWE-347,2004,0.0,0,0
CWE-348,2004,0.0,0,0
CWE-349,2004,0.0,0,0
CWE-350,2004,0.0,0,0
CWE-351,2004,0.0,0,0
CWE-352,2004,0.0,0,4
CWE-353,2004,0.0,0,0
CWE-354,2004,0.0,0,0
CWE-356,2004,0.0,0,0
CWE-357,2004,0.0,0,0
CWE-358,2004,0.0,0,0
CWE-359,2004,0.0,0,0
CWE-361,2004,0.0,0,0
CWE-362,2004,0.004292661357317688,9,4
CWE-363,2004,0.0,0,0
CWE-364,2004,0.0,0,0
CWE-366,2004,0.0,0,0
CWE-367,2004,0.08226632304486362,10,1
CWE-369,2004,0.0,0,1
CWE-371,2004,0.0,0,0
CWE-372,2004,0.0,0,0
CWE-377,2004,0.0,0,0
CWE-378,2004,0.0,0,0
CWE-379,2004,0.0,0,0
CWE-384,2004,0.0,0,0
CWE-385,2004,0.0,0,0
CWE-386,2004,0.0,0,0
CWE-388,2004,0.0,0,0
CWE-390,2004,0.0,0,0
CWE-391,2004,0.0,0,0
CWE-392,2004,0.0,0,0
CWE-393,2004,0.0,0,0
CWE-394,2004,0.0,0,0
CWE-395,2004,0.0,0,0
CWE-396,2004,0.0,0,0
CWE-399,2004,0.027959786684106504,4,3
CWE-400,2004,0.022320732781825475,3,1
CWE-401,2004,0.022659810311778984,6,2
CWE-402,2004,0.0,0,0
CWE-403,2004,0.0,0,0
CWE-404,2004,0.0,0,0
CWE-405,2004,0.0,0,0
CWE-406,2004,0.0,0,0
CWE-407,2004,0.0,0,0
CWE-408,2004,0.0,0,0
CWE-409,2004,0.0,0,0
CWE-410,2004,0.0,0,0
CWE-412,2004,0.0,0,0
CWE-413,2004,0.0,0,0
CWE-414,2004,0.0,0,0
CWE-415,2004,0.09950713675017672,15,4
CWE-416,2004,0.0,0,0
CWE-417,2004,0.0,0,0
CWE-419,2004,0.0,0,0
CWE-420,2004,0.0,0,0
CWE-421,2004,0.0,0,0
CWE-422,2004,0.0,0,0
CWE-424,2004,0.0,0,0
CWE-425,2004,0.0,0,2
CWE-426,2004,0.0,0,0
CWE-427,2004,0.0,0,0
CWE-428,2004,0.0,0,0
CWE-430,2004,0.0,0,0
CWE-431,2004,0.0,0,0
CWE-433,2004,0.0,0,0
CWE-434,2004,0.0,0,1
CWE-435,2004,0.0,0,0
CWE-436,2004,0.0,0,0
CWE-437,2004,0.0,0,0
CWE-440,2004,0.0,0,0
CWE-441,2004,0.0,0,0
CWE-444,2004,0.0,0,0
CWE-446,2004,0.0,0,0
CWE-447,2004,0.0,0,0
CWE-448,2004,0.0,0,0
CWE-449,2004,0.0,0,0
CWE-450,2004,0.0,0,0
CWE-451,2004,0.0,0,0
CWE-453,2004,0.0,0,0
CWE-454,2004,0.0,0,0
CWE-455,2004,0.0,0,0
CWE-456,2004,0.0,0,0
CWE-457,2004,0.0,0,0
CWE-459,2004,0.0,0,0
CWE-460,2004,0.0,0,0
CWE-462,2004,0.0,0,0
CWE-463,2004,0.0,0,0
CWE-465,2004,0.0,0,0
CWE-466,2004,0.0,0,0
CWE-467,2004,0.0,0,0
CWE-468,2004,0.0,0,0
CWE-469,2004,0.0,0,0
CWE-470,2004,0.0,0,1
CWE-471,2004,0.0,0,0
CWE-472,2004,0.0,0,0
CWE-473,2004,0.0,0,0
CWE-474,2004,0.0,0,0
CWE-475,2004,0.0,0,0
CWE-476,2004,0.6830686669171446,19,7
CWE-477,2004,0.0,0,0
CWE-479,2004,0.0,0,0
CWE-480,2004,0.0,0,0
CWE-484,2004,0.0,0,0
CWE-488,2004,0.0,0,0
CWE-489,2004,0.0,0,0
CWE-491,2004,0.0,0,0
CWE-494,2004,0.0,0,0
CWE-495,2004,0.0,0,0
CWE-497,2004,0.0,0,0
CWE-501,2004,0.0,0,0
CWE-502,2004,0.0,0,0
CWE-506,2004,0.0,0,0
CWE-507,2004,0.0,0,0
CWE-514,2004,0.0,0,0
CWE-520,2004,0.0,0,0
CWE-521,2004,0.0,0,0
CWE-522,2004,0.0,0,0
CWE-523,2004,0.0,0,0
CWE-524,2004,0.0,0,0
CWE-525,2004,0.0,0,0
CWE-526,2004,0.0,0,0
CWE-527,2004,0.0,0,0
CWE-530,2004,0.0,0,0
CWE-531,2004,0.0,0,0
CWE-532,2004,0.0,0,0
CWE-533,2004,0.0,0,0
CWE-534,2004,0.0,0,0
CWE-538,2004,0.0,0,0
CWE-539,2004,0.0,0,0
CWE-540,2004,0.0,0,0
CWE-544,2004,0.0,0,0
CWE-547,2004,0.0,0,0
CWE-548,2004,0.0,0,0
CWE-549,2004,0.0,0,0
CWE-550,2004,0.0,0,0
CWE-551,2004,0.0,0,0
CWE-552,2004,0.0,0,0
CWE-553,2004,0.0,0,0
CWE-555,2004,0.0,0,0
CWE-556,2004,0.0,0,0
CWE-557,2004,0.0,0,0
CWE-561,2004,0.0,0,0
CWE-562,2004,0.0,0,0
CWE-563,2004,0.0,0,0
CWE-564,2004,0.0,0,0
CWE-565,2004,0.0,0,0
CWE-566,2004,0.0,0,0
CWE-567,2004,0.0,0,0
CWE-570,2004,0.0,0,0
CWE-571,2004,0.0,0,0
CWE-573,2004,0.0,0,0
CWE-590,2004,0.0,0,0
CWE-591,2004,0.0,0,0
CWE-592,2004,0.0,0,0
CWE-597,2004,0.0,0,0
CWE-598,2004,0.0,0,0
CWE-599,2004,0.0,0,0
CWE-600,2004,0.0,0,0
CWE-601,2004,0.0016933289219646394,6,1
CWE-602,2004,0.0,0,0
CWE-603,2004,0.0,0,0
CWE-605,2004,0.0,0,0
CWE-606,2004,0.0,0,0
CWE-610,2004,0.0,0,0
CWE-611,2004,0.0,0,0
CWE-612,2004,0.0,0,0
CWE-613,2004,0.0,0,0
CWE-614,2004,0.0,0,0
CWE-615,2004,0.0,0,0
CWE-616,2004,0.0,0,0
CWE-617,2004,0.0,0,0
CWE-618,2004,0.0,0,0
CWE-620,2004,0.0,0,0
CWE-622,2004,0.0,0,0
CWE-623,2004,0.0,0,0
CWE-624,2004,0.0,0,0
CWE-625,2004,0.0,0,0
CWE-626,2004,0.0,0,0
CWE-627,2004,0.0,0,0
CWE-628,2004,0.0,0,0
CWE-636,2004,0.0,0,0
CWE-639,2004,0.0,0,0
CWE-640,2004,0.0,0,0
CWE-641,2004,0.0,0,0
CWE-642,2004,0.0,0,0
CWE-643,2004,0.0,0,0
CWE-644,2004,0.0,0,0
CWE-645,2004,0.0,0,0
CWE-646,2004,0.0,0,0
CWE-647,2004,0.0,0,0
CWE-648,2004,0.0,0,0
CWE-649,2004,0.0,0,0
CWE-650,2004,0.0,0,0
CWE-653,2004,0.0,0,0
CWE-655,2004,0.0,0,0
CWE-656,2004,0.0,0,0
CWE-657,2004,0.0,0,0
CWE-662,2004,0.0,0,0
CWE-664,2004,0.0,0,0
CWE-665,2004,0.0,0,0
CWE-666,2004,0.0,0,0
CWE-667,2004,0.001735738971755243,3,1
CWE-668,2004,0.0016933289219646394,6,1
CWE-669,2004,0.0016933289219646394,6,1
CWE-670,2004,0.0,0,0
CWE-671,2004,0.0,0,0
CWE-672,2004,0.0,0,0
CWE-673,2004,0.0,0,0
CWE-674,2004,0.0,0,0
CWE-675,2004,0.0,0,0
CWE-676,2004,0.0,0,0
CWE-680,2004,0.0,0,0
CWE-681,2004,0.0,0,0
CWE-682,2004,0.0,0,0
CWE-683,2004,0.0,0,0
CWE-684,2004,0.0,0,0
CWE-686,2004,0.0,0,0
CWE-688,2004,0.0,0,0
CWE-689,2004,0.0,0,0
CWE-690,2004,0.0,0,0
CWE-691,2004,0.0,0,0
CWE-692,2004,0.0,0,0
CWE-693,2004,0.0,0,0
CWE-694,2004,0.0,0,0
CWE-696,2004,0.0,0,0
CWE-697,2004,0.0,0,0
CWE-698,2004,0.0,0,0
CWE-701,2004,0.0,0,0
CWE-703,2004,0.0,0,0
CWE-704,2004,0.0,0,0
CWE-705,2004,0.0,0,0
CWE-706,2004,0.0,0,0
CWE-707,2004,0.0,0,0
CWE-708,2004,0.0,0,0
CWE-710,2004,0.0,0,0
CWE-732,2004,0.0,0,1
CWE-733,2004,0.0,0,0
CWE-749,2004,0.0,0,0
CWE-754,2004,0.0,0,0
CWE-755,2004,0.0,0,0
CWE-757,2004,0.0,0,0
CWE-758,2004,0.0,0,0
CWE-759,2004,0.0,0,0
CWE-760,2004,0.0,0,0
CWE-761,2004,0.0,0,0
CWE-762,2004,0.0,0,0
CWE-763,2004,0.0,0,0
CWE-767,2004,0.0,0,0
CWE-768,2004,0.0,0,0
CWE-769,2004,0.0,0,0
CWE-770,2004,0.0,0,0
CWE-771,2004,0.0,0,0
CWE-772,2004,0.0,0,0
CWE-774,2004,0.0,0,0
CWE-775,2004,0.0,0,0
CWE-776,2004,0.0,0,0
CWE-777,2004,0.0,0,0
CWE-778,2004,0.0,0,0
CWE-779,2004,0.0,0,0
CWE-780,2004,0.0,0,0
CWE-782,2004,0.0,0,0
CWE-783,2004,0.0,0,0
CWE-784,2004,0.0,0,0
CWE-786,2004,0.0,0,0
CWE-787,2004,0.06274943688645836,16,5
CWE-788,2004,0.0,0,0
CWE-789,2004,0.0,0,0
CWE-790,2004,0.0,0,0
CWE-791,2004,0.0,0,0
CWE-792,2004,0.0,0,0
CWE-794,2004,0.0,0,0
CWE-798,2004,0.0,0,0
CWE-799,2004,0.0,0,0
CWE-804,2004,0.0,0,0
CWE-805,2004,0.0,0,0
CWE-807,2004,0.0,0,0
CWE-820,2004,0.0,0,0
CWE-821,2004,0.0,0,0
CWE-822,2004,0.0,0,0
CWE-823,2004,0.0,0,0
CWE-824,2004,0.0,0,0
CWE-825,2004,0.0,0,0
CWE-826,2004,0.0,0,0
CWE-828,2004,0.0,0,0
CWE-829,2004,0.00021339471261882338,1,2
CWE-830,2004,0.0,0,0
CWE-832,2004,0.0,0,0
CWE-833,2004,0.0,0,0
CWE-834,2004,0.0,0,0
CWE-835,2004,0.003668489392487796,4,2
CWE-836,2004,0.0,0,0
CWE-837,2004,0.0,0,0
CWE-838,2004,0.0,0,0
CWE-839,2004,0.0,0,0
CWE-840,2004,0.0,0,0
CWE-841,2004,0.0,0,0
CWE-842,2004,0.0,0,0
CWE-843,2004,0.0,0,0
CWE-862,2004,0.0,0,0
CWE-863,2004,0.0,0,0
CWE-882,2004,0.0,0,0
CWE-908,2004,0.0,0,0
CWE-909,2004,0.0,0,0
CWE-910,2004,0.0,0,0
CWE-911,2004,0.0,0,0
CWE-912,2004,0.0,0,0
CWE-913,2004,0.0,0,0
CWE-914,2004,0.0,0,0
CWE-915,2004,0.0,0,0
CWE-916,2004,0.0,0,0
CWE-917,2004,0.0,0,0
CWE-918,2004,0.0,0,1
CWE-920,2004,0.0,0,0
CWE-921,2004,0.0,0,0
CWE-922,2004,0.0,0,0
CWE-923,2004,0.0,0,0
CWE-924,2004,0.0,0,0
CWE-925,2004,0.0,0,0
CWE-926,2004,0.0,0,0
CWE-927,2004,0.0,0,0
CWE-939,2004,0.0,0,0
CWE-940,2004,0.0,0,0
CWE-941,2004,0.0,0,0
CWE-942,2004,0.0,0,0
CWE-943,2004,0.0,0,0
CWE-1004,2004,0.0,0,0
CWE-1007,2004,0.0,0,0
CWE-1018,2004,0.0,0,0
CWE-1021,2004,0.0,0,0
CWE-1022,2004,0.0,0,0
CWE-1023,2004,0.0,0,0
CWE-1025,2004,0.0,0,0
CWE-1026,2004,0.0,0,0
CWE-1027,2004,0.0,0,0
CWE-1032,2004,0.0,0,0
CWE-1035,2004,0.0,0,0
CWE-1037,2004,0.0,0,0
CWE-1038,2004,0.0,0,0
CWE-1039,2004,0.0,0,0
CWE-1046,2004,0.0,0,0
CWE-1049,2004,0.0,0,0
CWE-1050,2004,0.0,0,0
CWE-1059,2004,0.0,0,0
CWE-1068,2004,0.0,0,0
CWE-1072,2004,0.0,0,0
CWE-1076,2004,0.0,0,0
CWE-1077,2004,0.0,0,0
CWE-1088,2004,0.0,0,0
CWE-1100,2004,0.0,0,0
CWE-1102,2004,0.0,0,0
CWE-1103,2004,0.0,0,0
CWE-1104,2004,0.0,0,0
CWE-1106,2004,0.0,0,0
CWE-1108,2004,0.0,0,0
CWE-1112,2004,0.0,0,0
CWE-1116,2004,0.0,0,0
CWE-1119,2004,0.0,0,0
CWE-1124,2004,0.0,0,0
CWE-1125,2004,0.0,0,0
CWE-1149,2004,0.0,0,0
CWE-1164,2004,0.0,0,0
CWE-1173,2004,0.0,0,0
CWE-1174,2004,0.0,0,0
CWE-1176,2004,0.0,0,0
CWE-1187,2004,0.0,0,0
CWE-1188,2004,0.0,0,0
CWE-1189,2004,0.0,0,0
CWE-1191,2004,0.0,0,0
CWE-1204,2004,0.0,0,0
CWE-1220,2004,0.0,0,0
CWE-1223,2004,0.0,0,0
CWE-1230,2004,0.0,0,0
CWE-1231,2004,0.0,0,0
CWE-1233,2004,0.0,0,0
CWE-1234,2004,0.0,0,0
CWE-1236,2004,0.0,0,0
CWE-1240,2004,0.0,0,0
CWE-1241,2004,0.0,0,0
CWE-1242,2004,0.0,0,0
CWE-1244,2004,0.0,0,0
CWE-1245,2004,0.0,0,0
CWE-1246,2004,0.0,0,0
CWE-1247,2004,0.0,0,0
CWE-1250,2004,0.0,0,0
CWE-1251,2004,0.0,0,0
CWE-1254,2004,0.0,0,0
CWE-1255,2004,0.0,0,0
CWE-1256,2004,0.0,0,0
CWE-1257,2004,0.0,0,0
CWE-1258,2004,0.0,0,0
CWE-1259,2004,0.0,0,0
CWE-1260,2004,0.0,0,0
CWE-1262,2004,0.0,0,0
CWE-1263,2004,0.0,0,0
CWE-1264,2004,0.0,0,0
CWE-1268,2004,0.0,0,0
CWE-1270,2004,0.0,0,0
CWE-1274,2004,0.0,0,0
CWE-1275,2004,0.0,0,0
CWE-1276,2004,0.0,0,0
CWE-1277,2004,0.0,0,0
CWE-1278,2004,0.0,0,0
CWE-1280,2004,0.0,0,0
CWE-1281,2004,0.0,0,0
CWE-1282,2004,0.0,0,0
CWE-1283,2004,0.0,0,0
CWE-1284,2004,0.0,0,0
CWE-1285,2004,0.0,0,0
CWE-1286,2004,0.0,0,0
CWE-1287,2004,0.0,0,0
CWE-1288,2004,0.0,0,0
CWE-1289,2004,0.0,0,0
CWE-1294,2004,0.0,0,0
CWE-1295,2004,0.0,0,0
CWE-1298,2004,0.0,0,0
CWE-1299,2004,0.0,0,0
CWE-1300,2004,0.0,0,0
CWE-1301,2004,0.0,0,0
CWE-1303,2004,0.0,0,0
CWE-1304,2004,0.0,0,0
CWE-1310,2004,0.0,0,0
CWE-1312,2004,0.0,0,0
CWE-1313,2004,0.0,0,0
CWE-1314,2004,0.0,0,0
CWE-1316,2004,0.0,0,0
CWE-1319,2004,0.0,0,0
CWE-1320,2004,0.0,0,0
CWE-1321,2004,0.0,0,0
CWE-1322,2004,0.0,0,0
CWE-1323,2004,0.0,0,0
CWE-1325,2004,0.0,0,0
CWE-1326,2004,0.0,0,0
CWE-1327,2004,0.0,0,0
CWE-1328,2004,0.0,0,0
CWE-1329,2004,0.0,0,0
CWE-1330,2004,0.0,0,0
CWE-1332,2004,0.0,0,0
CWE-1333,2004,0.0,0,0
CWE-1334,2004,0.0,0,0
CWE-1335,2004,0.0,0,0
CWE-1336,2004,0.0,0,0
CWE-1342,2004,0.0,0,0
CWE-1357,2004,0.0,0,0
CWE-1366,2004,0.0,0,0
CWE-1384,2004,0.0,0,0
CWE-1385,2004,0.0,0,0
CWE-1386,2004,0.0,0,0
CWE-1389,2004,0.0,0,0
CWE-1390,2004,0.0,0,0
CWE-1391,2004,0.0,0,0
CWE-1392,2004,0.0,0,0
CWE-1393,2004,0.0,0,0
CWE-1394,2004,0.0,0,0
CWE-1,2005,-0.0,0,0
CWE-5,2005,-0.0,0,0
CWE-14,2005,-0.0,0,0
CWE-15,2005,-0.0,0,0
CWE-16,2005,0.015256042965465382,3,3
CWE-17,2005,0.010929735259681495,2,2
CWE-18,2005,1.1102230246251565e-16,0,0
CWE-19,2005,0.015713131133231195,3,1
CWE-20,2005,0.28805221451536894,31,30
CWE-21,2005,-0.0,0,0
CWE-22,2005,0.13361233645942866,16,14
CWE-23,2005,-0.0,0,0
CWE-24,2005,-0.0,0,0
CWE-25,2005,-0.0,0,0
CWE-26,2005,-0.0,0,0
CWE-27,2005,-0.0,0,0
CWE-28,2005,-0.0,0,0
CWE-29,2005,-0.0,0,0
CWE-31,2005,-0.0,0,0
CWE-32,2005,-0.0,0,0
CWE-35,2005,-0.0,0,0
CWE-36,2005,-0.0,0,0
CWE-37,2005,-0.0,0,0
CWE-38,2005,-0.0,0,0
CWE-40,2005,-0.0,0,0
CWE-41,2005,-0.0,0,0
CWE-42,2005,-0.0,0,0
CWE-43,2005,-0.0,0,0
CWE-46,2005,-0.0,0,0
CWE-50,2005,-0.0,0,0
CWE-55,2005,-0.0,0,0
CWE-57,2005,-0.0,0,0
CWE-59,2005,0.15189254496125523,21,13
CWE-61,2005,-0.0,0,0
CWE-64,2005,-0.0,0,0
CWE-65,2005,-0.0,0,0
CWE-66,2005,-0.0,0,0
CWE-67,2005,-0.0,0,0
CWE-69,2005,-0.0,0,0
CWE-73,2005,-0.0,0,0
CWE-74,2005,0.008950183658912961,6,3
CWE-75,2005,-0.0,0,0
CWE-76,2005,-0.0,0,0
CWE-77,2005,0.002428856256529889,1,2
CWE-78,2005,-0.0,0,1
CWE-79,2005,0.057877614753129136,19,42
CWE-80,2005,-0.0,0,0
CWE-81,2005,-0.0,0,0
CWE-82,2005,-0.0,0,0
CWE-83,2005,-0.0,0,0
CWE-84,2005,-0.0,0,0
CWE-85,2005,-0.0,0,0
CWE-86,2005,-0.0,0,0
CWE-87,2005,-0.0,0,0
CWE-88,2005,-0.0,0,1
CWE-89,2005,0.022404376536454412,5,51
CWE-90,2005,-0.0,0,0
CWE-91,2005,-0.0,0,0
CWE-92,2005,-0.0,0,0
CWE-93,2005,-0.0,0,0
CWE-94,2005,0.1321211170547306,24,28
CWE-95,2005,-0.0,0,0
CWE-96,2005,-0.0,0,0
CWE-97,2005,-0.0,0,0
CWE-98,2005,-0.0,0,0
CWE-99,2005,-0.0,0,0
CWE-112,2005,-0.0,0,0
CWE-113,2005,-0.0,0,0
CWE-114,2005,-0.0,0,0
CWE-115,2005,-0.0,0,0
CWE-116,2005,-0.0,0,0
CWE-117,2005,-0.0,0,0
CWE-118,2005,-0.0,0,0
CWE-119,2005,0.3243158212743676,25,71
CWE-120,2005,0.0336182686341993,7,1
CWE-121,2005,-0.0,0,0
CWE-122,2005,-0.0,0,0
CWE-123,2005,-0.0,0,0
CWE-124,2005,-0.0,0,0
CWE-125,2005,-0.0,0,0
CWE-126,2005,-0.0,0,0
CWE-127,2005,-0.0,0,0
CWE-128,2005,-0.0,0,0
CWE-129,2005,-0.0,0,1
CWE-130,2005,-0.0,0,0
CWE-131,2005,0.15800771032573815,18,4
CWE-134,2005,0.005895537286955955,1,4
CWE-138,2005,-0.0,0,0
CWE-140,2005,-0.0,0,0
CWE-141,2005,-0.0,0,0
CWE-142,2005,-0.0,0,0
CWE-143,2005,-0.0,0,0
CWE-144,2005,-0.0,0,0
CWE-145,2005,-0.0,0,0
CWE-146,2005,-0.0,0,0
CWE-147,2005,-0.0,0,0
CWE-148,2005,-0.0,0,0
CWE-149,2005,-0.0,0,0
CWE-150,2005,-0.0,0,0
CWE-153,2005,-0.0,0,0
CWE-155,2005,-0.0,0,0
CWE-156,2005,-0.0,0,0
CWE-158,2005,-0.0,0,0
CWE-159,2005,-0.0,0,0
CWE-162,2005,-0.0,0,0
CWE-164,2005,-0.0,0,0
CWE-166,2005,-0.0,0,0
CWE-167,2005,-0.0,0,0
CWE-168,2005,-0.0,0,0
CWE-170,2005,-0.0,0,0
CWE-172,2005,-0.0,0,0
CWE-173,2005,-0.0,0,0
CWE-174,2005,-0.0,0,0
CWE-176,2005,-0.0,0,0
CWE-177,2005,-0.0,0,0
CWE-178,2005,-0.0,0,1
CWE-179,2005,-0.0,0,0
CWE-180,2005,-0.0,0,0
CWE-183,2005,-0.0,0,0
CWE-184,2005,-0.0,0,0
CWE-185,2005,-0.0,0,0
CWE-186,2005,-0.0,0,0
CWE-187,2005,-0.0,0,0
CWE-188,2005,-0.0,0,0
CWE-189,2005,0.4823070735646866,18,13
CWE-190,2005,0.10675912171107037,20,4
CWE-191,2005,0.026788314451444296,10,3
CWE-192,2005,-0.0,0,0
CWE-193,2005,0.10454089045203281,19,1
CWE-194,2005,-0.0,0,0
CWE-195,2005,-0.0,0,0
CWE-196,2005,-0.0,0,0
CWE-197,2005,-0.0,0,0
CWE-198,2005,-0.0,0,0
CWE-199,2005,-0.0,0,0
CWE-200,2005,0.09732502929516215,11,19
CWE-201,2005,-0.0,0,0
CWE-202,2005,-0.0,0,0
CWE-203,2005,-0.0,0,2
CWE-204,2005,-0.0,0,0
CWE-207,2005,-0.0,0,0
CWE-208,2005,-0.0,0,0
CWE-209,2005,-0.0,0,0
CWE-212,2005,-0.0,0,1
CWE-213,2005,-0.0,0,0
CWE-214,2005,-0.0,0,0
CWE-215,2005,-0.0,0,0
CWE-216,2005,-0.0,0,0
CWE-219,2005,-0.0,0,0
CWE-221,2005,-0.0,0,0
CWE-223,2005,-0.0,0,0
CWE-226,2005,-0.0,0,0
CWE-227,2005,-0.0,0,0
CWE-228,2005,-0.0,0,0
CWE-229,2005,-0.0,0,0
CWE-230,2005,-0.0,0,0
CWE-231,2005,-0.0,0,0
CWE-232,2005,-0.0,0,0
CWE-233,2005,-0.0,0,0
CWE-235,2005,-0.0,0,0
CWE-236,2005,-0.0,0,0
CWE-237,2005,-0.0,0,0
CWE-239,2005,-0.0,0,0
CWE-240,2005,-0.0,0,0
CWE-241,2005,-0.0,0,0
CWE-242,2005,-0.0,0,0
CWE-244,2005,-0.0,0,0
CWE-248,2005,-0.0,0,0
CWE-250,2005,-0.0,0,0
CWE-252,2005,0.001365333783320206,1,1
CWE-253,2005,-0.0,0,0
CWE-254,2005,-0.0,0,0
CWE-255,2005,-0.0,0,2
CWE-256,2005,-0.0,0,0
CWE-257,2005,-0.0,0,0
CWE-258,2005,-0.0,0,0
CWE-259,2005,-0.0,0,0
CWE-260,2005,-0.0,0,0
CWE-261,2005,-0.0,0,0
CWE-262,2005,-0.0,0,0
CWE-263,2005,-0.0,0,0
CWE-264,2005,0.31319681411815115,29,38
CWE-265,2005,-0.0,0,0
CWE-266,2005,-0.0,0,0
CWE-267,2005,-0.0,0,0
CWE-268,2005,-0.0,0,0
CWE-269,2005,-0.0,0,0
CWE-270,2005,-0.0,0,0
CWE-271,2005,-0.0,0,0
CWE-272,2005,-0.0,0,0
CWE-273,2005,-0.0,0,0
CWE-274,2005,-0.0,0,0
CWE-275,2005,-0.0,0,0
CWE-276,2005,-0.0,0,1
CWE-277,2005,-0.0,0,0
CWE-278,2005,-0.0,0,0
CWE-279,2005,-0.0,0,0
CWE-280,2005,-0.0,0,0
CWE-281,2005,0.07239267597478352,16,1
CWE-282,2005,-0.0,0,0
CWE-283,2005,-0.0,0,0
CWE-284,2005,-0.0,0,0
CWE-285,2005,-0.0,0,0
CWE-286,2005,-0.0,0,0
CWE-287,2005,0.025373327910644245,4,6
CWE-288,2005,-0.0,0,0
CWE-289,2005,-0.0,0,0
CWE-290,2005,-0.0,0,0
CWE-291,2005,-0.0,0,0
CWE-292,2005,-0.0,0,0
CWE-294,2005,-0.0,0,0
CWE-295,2005,0.015405922657653863,3,1
CWE-296,2005,-0.0,0,0
CWE-297,2005,-0.0,0,0
CWE-298,2005,-0.0,0,0
CWE-299,2005,-0.0,0,0
CWE-300,2005,-0.0,0,0
CWE-302,2005,-0.0,0,0
CWE-303,2005,-0.0,0,0
CWE-304,2005,-0.0,0,0
CWE-305,2005,-0.0,0,0
CWE-306,2005,-0.0,0,0
CWE-307,2005,-0.0,0,0
CWE-308,2005,-0.0,0,0
CWE-309,2005,-0.0,0,0
CWE-310,2005,-0.0,0,2
CWE-311,2005,-0.0,0,0
CWE-312,2005,4.367433333939301e-05,1,3
CWE-313,2005,-0.0,0,0
CWE-315,2005,-0.0,0,0
CWE-316,2005,-0.0,0,0
CWE-317,2005,-0.0,0,0
CWE-319,2005,-0.0,0,2
CWE-320,2005,-0.0,0,0
CWE-321,2005,-0.0,0,0
CWE-322,2005,-0.0,0,0
CWE-323,2005,-0.0,0,0
CWE-324,2005,-0.0,0,0
CWE-325,2005,-0.0,0,0
CWE-326,2005,-0.0,0,2
CWE-327,2005,0.026788314451444296,10,2
CWE-328,2005,-0.0,0,0
CWE-329,2005,-0.0,0,0
CWE-330,2005,-0.0,0,0
CWE-331,2005,-0.0,0,0
CWE-332,2005,-0.0,0,0
CWE-333,2005,-0.0,0,0
CWE-334,2005,-0.0,0,0
CWE-335,2005,-0.0,0,0
CWE-336,2005,-0.0,0,0
CWE-337,2005,-0.0,0,0
CWE-338,2005,-0.0,0,0
CWE-339,2005,-0.0,0,0
CWE-340,2005,-0.0,0,0
CWE-341,2005,-0.0,0,0
CWE-342,2005,-0.0,0,0
CWE-343,2005,-0.0,0,0
CWE-344,2005,-0.0,0,0
CWE-345,2005,-0.0,0,0
CWE-346,2005,-0.0,0,1
CWE-347,2005,-0.0,0,2
CWE-348,2005,-0.0,0,0
CWE-349,2005,-0.0,0,0
CWE-350,2005,-0.0,0,0
CWE-351,2005,-0.0,0,0
CWE-352,2005,-0.0,0,4
CWE-353,2005,-0.0,0,0
CWE-354,2005,-0.0,0,0
CWE-356,2005,-0.0,0,0
CWE-357,2005,-0.0,0,0
CWE-358,2005,-0.0,0,0
CWE-359,2005,-0.0,0,0
CWE-361,2005,-0.0,0,0
CWE-362,2005,0.030863929827756584,3,1
CWE-363,2005,-0.0,0,0
CWE-364,2005,-0.0,0,0
CWE-366,2005,-0.0,0,0
CWE-367,2005,-0.0,0,0
CWE-369,2005,-0.0,0,0
CWE-371,2005,-0.0,0,0
CWE-372,2005,-0.0,0,0
CWE-377,2005,-0.0,0,0
CWE-378,2005,-0.0,0,0
CWE-379,2005,-0.0,0,0
CWE-384,2005,-0.0,0,0
CWE-385,2005,-0.0,0,0
CWE-386,2005,-0.0,0,0
CWE-388,2005,-0.0,0,0
CWE-390,2005,-0.0,0,0
CWE-391,2005,-0.0,0,0
CWE-392,2005,-0.0,0,0
CWE-393,2005,-0.0,0,0
CWE-394,2005,-0.0,0,0
CWE-395,2005,-0.0,0,0
CWE-396,2005,-0.0,0,0
CWE-399,2005,0.5258153720007438,30,31
CWE-400,2005,0.11552292940937034,27,4
CWE-401,2005,0.11411282169436136,21,2
CWE-402,2005,-0.0,0,0
CWE-403,2005,-0.0,0,0
CWE-404,2005,-0.0,0,0
CWE-405,2005,-0.0,0,0
CWE-406,2005,-0.0,0,0
CWE-407,2005,-0.0,0,0
CWE-408,2005,-0.0,0,0
CWE-409,2005,-0.0,0,0
CWE-410,2005,-0.0,0,0
CWE-412,2005,-0.0,0,0
CWE-413,2005,-0.0,0,0
CWE-414,2005,-0.0,0,0
CWE-415,2005,0.11632943845111006,18,2
CWE-416,2005,-0.0,0,0
CWE-417,2005,-0.0,0,0
CWE-419,2005,-0.0,0,0
CWE-420,2005,-0.0,0,0
CWE-421,2005,-0.0,0,0
CWE-422,2005,-0.0,0,0
CWE-424,2005,-0.0,0,0
CWE-425,2005,0.0024025422274786927,2,8
CWE-426,2005,-0.0,0,0
CWE-427,2005,0.00895018365891296,6,1
CWE-428,2005,-0.0,0,0
CWE-430,2005,-0.0,0,0
CWE-431,2005,-0.0,0,0
CWE-433,2005,-0.0,0,0
CWE-434,2005,0.003888253060728359,3,4
CWE-435,2005,-0.0,0,0
CWE-436,2005,-0.0,0,0
CWE-437,2005,-0.0,0,0
CWE-440,2005,-0.0,0,0
CWE-441,2005,-0.0,0,0
CWE-444,2005,0.07510754757345489,19,2
CWE-446,2005,-0.0,0,0
CWE-447,2005,-0.0,0,0
CWE-448,2005,-0.0,0,0
CWE-449,2005,-0.0,0,0
CWE-450,2005,-0.0,0,0
CWE-451,2005,-0.0,0,0
CWE-453,2005,-0.0,0,0
CWE-454,2005,-0.0,0,0
CWE-455,2005,-0.0,0,0
CWE-456,2005,-0.0,0,0
CWE-457,2005,-0.0,0,0
CWE-459,2005,-0.0,0,2
CWE-460,2005,-0.0,0,0
CWE-462,2005,-0.0,0,0
CWE-463,2005,-0.0,0,0
CWE-465,2005,-0.0,0,0
CWE-466,2005,-0.0,0,0
CWE-467,2005,-0.0,0,0
CWE-468,2005,-0.0,0,0
CWE-469,2005,-0.0,0,0
CWE-470,2005,-0.0,0,0
CWE-471,2005,-0.0,0,0
CWE-472,2005,-0.0,0,0
CWE-473,2005,-0.0,0,0
CWE-474,2005,-0.0,0,0
CWE-475,2005,-0.0,0,0
CWE-476,2005,0.08979600637662427,18,3
CWE-477,2005,-0.0,0,0
CWE-479,2005,-0.0,0,0
CWE-480,2005,-0.0,0,0
CWE-484,2005,-0.0,0,0
CWE-488,2005,-0.0,0,0
CWE-489,2005,-0.0,0,0
CWE-491,2005,-0.0,0,0
CWE-494,2005,-0.0,0,0
CWE-495,2005,-0.0,0,0
CWE-497,2005,-0.0,0,0
CWE-501,2005,-0.0,0,0
CWE-502,2005,-0.0,0,0
CWE-506,2005,-0.0,0,0
CWE-507,2005,-0.0,0,0
CWE-514,2005,-0.0,0,0
CWE-520,2005,-0.0,0,0
CWE-521,2005,-0.0,0,0
CWE-522,2005,-0.0,0,1
CWE-523,2005,-0.0,0,0
CWE-524,2005,-0.0,0,0
CWE-525,2005,-0.0,0,0
CWE-526,2005,-0.0,0,0
CWE-527,2005,-0.0,0,0
CWE-530,2005,-0.0,0,0
CWE-531,2005,-0.0,0,0
CWE-532,2005,-0.0,0,0
CWE-533,2005,-0.0,0,0
CWE-534,2005,-0.0,0,0
CWE-538,2005,-0.0,0,0
CWE-539,2005,-0.0,0,0
CWE-540,2005,-0.0,0,0
CWE-544,2005,-0.0,0,0
CWE-547,2005,-0.0,0,0
CWE-548,2005,-0.0,0,0
CWE-549,2005,-0.0,0,0
CWE-550,2005,-0.0,0,0
CWE-551,2005,-0.0,0,0
CWE-552,2005,-0.0,0,1
CWE-553,2005,-0.0,0,0
CWE-555,2005,-0.0,0,0
CWE-556,2005,-0.0,0,0
CWE-557,2005,-0.0,0,0
CWE-561,2005,-0.0,0,0
CWE-562,2005,-0.0,0,0
CWE-563,2005,-0.0,0,0
CWE-564,2005,-0.0,0,0
CWE-565,2005,-0.0,0,0
CWE-566,2005,-0.0,0,0
CWE-567,2005,-0.0,0,0
CWE-570,2005,-0.0,0,0
CWE-571,2005,-0.0,0,0
CWE-573,2005,-0.0,0,0
CWE-590,2005,-0.0,0,0
CWE-591,2005,-0.0,0,0
CWE-592,2005,-0.0,0,0
CWE-597,2005,-0.0,0,0
CWE-598,2005,-0.0,0,0
CWE-599,2005,-0.0,0,0
CWE-600,2005,-0.0,0,0
CWE-601,2005,0.0129999917293114,8,3
CWE-602,2005,-0.0,0,0
CWE-603,2005,-0.0,0,0
CWE-605,2005,-0.0,0,0
CWE-606,2005,-0.0,0,0
CWE-610,2005,-0.0,0,0
CWE-611,2005,0.005236323545957714,1,1
CWE-612,2005,-0.0,0,0
CWE-613,2005,-0.0,0,0
CWE-614,2005,-0.0,0,0
CWE-615,2005,-0.0,0,0
CWE-616,2005,-0.0,0,0
CWE-617,2005,-0.0,0,0
CWE-618,2005,-0.0,0,0
CWE-620,2005,-0.0,0,0
CWE-622,2005,-0.0,0,0
CWE-623,2005,-0.0,0,0
CWE-624,2005,-0.0,0,0
CWE-625,2005,-0.0,0,0
CWE-626,2005,-0.0,0,0
CWE-627,2005,-0.0,0,0
CWE-628,2005,-0.0,0,0
CWE-636,2005,-0.0,0,0
CWE-639,2005,-0.0,0,0
CWE-640,2005,-0.0,0,0
CWE-641,2005,-0.0,0,0
CWE-642,2005,-0.0,0,0
CWE-643,2005,-0.0,0,0
CWE-644,2005,-0.0,0,0
CWE-645,2005,-0.0,0,0
CWE-646,2005,-0.0,0,0
CWE-647,2005,-0.0,0,0
CWE-648,2005,-0.0,0,0
CWE-649,2005,-0.0,0,0
CWE-650,2005,-0.0,0,0
CWE-653,2005,-0.0,0,0
CWE-655,2005,-0.0,0,0
CWE-656,2005,-0.0,0,0
CWE-657,2005,-0.0,0,0
CWE-662,2005,-0.0,0,0
CWE-664,2005,-0.0,0,0
CWE-665,2005,-0.0,0,0
CWE-666,2005,-0.0,0,0
CWE-667,2005,0.11411282169436136,21,3
CWE-668,2005,-0.0,0,0
CWE-669,2005,-0.0,0,0
CWE-670,2005,-0.0,0,0
CWE-671,2005,-0.0,0,0
CWE-672,2005,-0.0,0,0
CWE-673,2005,-0.0,0,0
CWE-674,2005,-0.0,0,0
CWE-675,2005,-0.0,0,0
CWE-676,2005,-0.0,0,0
CWE-680,2005,-0.0,0,0
CWE-681,2005,-0.0,0,0
CWE-682,2005,-0.0,0,0
CWE-683,2005,-0.0,0,0
CWE-684,2005,-0.0,0,0
CWE-686,2005,-0.0,0,0
CWE-688,2005,-0.0,0,0
CWE-689,2005,-0.0,0,0
CWE-690,2005,-0.0,0,0
CWE-691,2005,-0.0,0,0
CWE-692,2005,-0.0,0,0
CWE-693,2005,-0.0,0,0
CWE-694,2005,-0.0,0,0
CWE-696,2005,-0.0,0,0
CWE-697,2005,0.032760396352375536,8,1
CWE-698,2005,-0.0,0,0
CWE-701,2005,-0.0,0,0
CWE-703,2005,-0.0,0,0
CWE-704,2005,-0.0,0,0
CWE-705,2005,-0.0,0,0
CWE-706,2005,-0.0,0,0
CWE-707,2005,-0.0,0,0
CWE-708,2005,-0.0,0,0
CWE-710,2005,-0.0,0,0
CWE-732,2005,0.005895537286955955,1,1
CWE-733,2005,-0.0,0,0
CWE-749,2005,-0.0,0,0
CWE-754,2005,-0.0,0,0
CWE-755,2005,-0.0,0,0
CWE-757,2005,-0.0,0,0
CWE-758,2005,-0.0,0,0
CWE-759,2005,-0.0,0,0
CWE-760,2005,-0.0,0,0
CWE-761,2005,-0.0,0,0
CWE-762,2005,-0.0,0,0
CWE-763,2005,-0.0,0,0
CWE-767,2005,-0.0,0,0
CWE-768,2005,-0.0,0,0
CWE-769,2005,-0.0,0,0
CWE-770,2005,0.07481339110978617,17,2
CWE-771,2005,-0.0,0,0
CWE-772,2005,-0.0,0,0
CWE-774,2005,-0.0,0,0
CWE-775,2005,-0.0,0,0
CWE-776,2005,-0.0,0,0
CWE-777,2005,-0.0,0,0
CWE-778,2005,-0.0,0,0
CWE-779,2005,-0.0,0,0
CWE-780,2005,-0.0,0,0
CWE-782,2005,-0.0,0,0
CWE-783,2005,-0.0,0,0
CWE-784,2005,-0.0,0,0
CWE-786,2005,-0.0,0,0
CWE-787,2005,0.01981252754571756,7,3
CWE-788,2005,-0.0,0,0
CWE-789,2005,-0.0,0,0
CWE-790,2005,-0.0,0,0
CWE-791,2005,-0.0,0,0
CWE-792,2005,-0.0,0,0
CWE-794,2005,-0.0,0,0
CWE-798,2005,-0.0,0,3
CWE-799,2005,-0.0,0,0
CWE-804,2005,-0.0,0,0
CWE-805,2005,-0.0,0,0
CWE-807,2005,-0.0,0,0
CWE-820,2005,-0.0,0,0
CWE-821,2005,-0.0,0,0
CWE-822,2005,-0.0,0,0
CWE-823,2005,-0.0,0,0
CWE-824,2005,-0.0,0,0
CWE-825,2005,-0.0,0,0
CWE-826,2005,-0.0,0,0
CWE-828,2005,-0.0,0,0
CWE-829,2005,-0.0,0,0
CWE-830,2005,-0.0,0,0
CWE-832,2005,-0.0,0,0
CWE-833,2005,-0.0,0,0
CWE-834,2005,-0.0,0,0
CWE-835,2005,0.005236323545957714,1,2
CWE-836,2005,-0.0,0,0
CWE-837,2005,-0.0,0,0
CWE-838,2005,-0.0,0,0
CWE-839,2005,-0.0,0,0
CWE-840,2005,-0.0,0,0
CWE-841,2005,-0.0,0,0
CWE-842,2005,-0.0,0,0
CWE-843,2005,-0.0,0,0
CWE-862,2005,0.032760396352375536,8,1
CWE-863,2005,-0.0,0,1
CWE-882,2005,-0.0,0,0
CWE-908,2005,-0.0,0,0
CWE-909,2005,0.009558473340905736,1,1
CWE-910,2005,-0.0,0,0
CWE-911,2005,-0.0,0,0
CWE-912,2005,-0.0,0,0
CWE-913,2005,-0.0,0,0
CWE-914,2005,-0.0,0,0
CWE-915,2005,-0.0,0,0
CWE-916,2005,-0.0,0,1
CWE-917,2005,-0.0,0,0
CWE-918,2005,-0.0,0,0
CWE-920,2005,-0.0,0,0
CWE-921,2005,-0.0,0,0
CWE-922,2005,-0.0,0,0
CWE-923,2005,-0.0,0,0
CWE-924,2005,-0.0,0,0
CWE-925,2005,-0.0,0,0
CWE-926,2005,-0.0,0,0
CWE-927,2005,-0.0,0,0
CWE-939,2005,-0.0,0,0
CWE-940,2005,-0.0,0,0
CWE-941,2005,-0.0,0,0
CWE-942,2005,-0.0,0,0
CWE-943,2005,-0.0,0,0
CWE-1004,2005,-0.0,0,0
CWE-1007,2005,-0.0,0,0
CWE-1018,2005,-0.0,0,0
CWE-1021,2005,0.00895018365891296,6,1
CWE-1022,2005,-0.0,0,0
CWE-1023,2005,-0.0,0,0
CWE-1025,2005,-0.0,0,0
CWE-1026,2005,-0.0,0,0
CWE-1027,2005,-0.0,0,0
CWE-1032,2005,-0.0,0,0
CWE-1035,2005,-0.0,0,0
CWE-1037,2005,-0.0,0,0
CWE-1038,2005,-0.0,0,0
CWE-1039,2005,-0.0,0,0
CWE-1046,2005,-0.0,0,0
CWE-1049,2005,-0.0,0,0
CWE-1050,2005,-0.0,0,0
CWE-1059,2005,-0.0,0,0
CWE-1068,2005,-0.0,0,0
CWE-1072,2005,-0.0,0,0
CWE-1076,2005,-0.0,0,0
CWE-1077,2005,-0.0,0,0
CWE-1088,2005,-0.0,0,0
CWE-1100,2005,-0.0,0,0
CWE-1102,2005,-0.0,0,0
CWE-1103,2005,-0.0,0,0
CWE-1104,2005,-0.0,0,0
CWE-1106,2005,-0.0,0,0
CWE-1108,2005,-0.0,0,0
CWE-1112,2005,-0.0,0,0
CWE-1116,2005,-0.0,0,0
CWE-1119,2005,-0.0,0,0
CWE-1124,2005,-0.0,0,0
CWE-1125,2005,-0.0,0,0
CWE-1149,2005,-0.0,0,0
CWE-1164,2005,-0.0,0,0
CWE-1173,2005,-0.0,0,0
CWE-1174,2005,-0.0,0,0
CWE-1176,2005,-0.0,0,0
CWE-1187,2005,-0.0,0,0
CWE-1188,2005,-0.0,0,0
CWE-1189,2005,-0.0,0,0
CWE-1191,2005,-0.0,0,0
CWE-1204,2005,-0.0,0,0
CWE-1220,2005,-0.0,0,0
CWE-1223,2005,-0.0,0,0
CWE-1230,2005,-0.0,0,0
CWE-1231,2005,-0.0,0,0
CWE-1233,2005,-0.0,0,0
CWE-1234,2005,-0.0,0,0
CWE-1236,2005,-0.0,0,0
CWE-1240,2005,-0.0,0,0
CWE-1241,2005,-0.0,0,0
CWE-1242,2005,-0.0,0,0
CWE-1244,2005,-0.0,0,0
CWE-1245,2005,-0.0,0,0
CWE-1246,2005,-0.0,0,0
CWE-1247,2005,-0.0,0,0
CWE-1250,2005,-0.0,0,0
CWE-1251,2005,-0.0,0,0
CWE-1254,2005,-0.0,0,0
CWE-1255,2005,-0.0,0,0
CWE-1256,2005,-0.0,0,0
CWE-1257,2005,-0.0,0,0
CWE-1258,2005,-0.0,0,0
CWE-1259,2005,-0.0,0,0
CWE-1260,2005,-0.0,0,0
CWE-1262,2005,-0.0,0,0
CWE-1263,2005,-0.0,0,0
CWE-1264,2005,-0.0,0,0
CWE-1268,2005,-0.0,0,0
CWE-1270,2005,-0.0,0,0
CWE-1274,2005,-0.0,0,0
CWE-1275,2005,-0.0,0,0
CWE-1276,2005,-0.0,0,0
CWE-1277,2005,-0.0,0,0
CWE-1278,2005,-0.0,0,0
CWE-1280,2005,-0.0,0,0
CWE-1281,2005,-0.0,0,0
CWE-1282,2005,-0.0,0,0
CWE-1283,2005,-0.0,0,0
CWE-1284,2005,-0.0,0,0
CWE-1285,2005,-0.0,0,0
CWE-1286,2005,-0.0,0,0
CWE-1287,2005,-0.0,0,0
CWE-1288,2005,-0.0,0,0
CWE-1289,2005,-0.0,0,0
CWE-1294,2005,-0.0,0,0
CWE-1295,2005,-0.0,0,0
CWE-1298,2005,-0.0,0,0
CWE-1299,2005,-0.0,0,0
CWE-1300,2005,-0.0,0,0
CWE-1301,2005,-0.0,0,0
CWE-1303,2005,-0.0,0,0
CWE-1304,2005,-0.0,0,0
CWE-1310,2005,-0.0,0,0
CWE-1312,2005,-0.0,0,0
CWE-1313,2005,-0.0,0,0
CWE-1314,2005,-0.0,0,0
CWE-1316,2005,-0.0,0,0
CWE-1319,2005,-0.0,0,0
CWE-1320,2005,-0.0,0,0
CWE-1321,2005,-0.0,0,0
CWE-1322,2005,-0.0,0,0
CWE-1323,2005,-0.0,0,0
CWE-1325,2005,-0.0,0,0
CWE-1326,2005,-0.0,0,0
CWE-1327,2005,-0.0,0,0
CWE-1328,2005,-0.0,0,0
CWE-1329,2005,-0.0,0,0
CWE-1330,2005,-0.0,0,0
CWE-1332,2005,-0.0,0,0
CWE-1333,2005,-0.0,0,0
CWE-1334,2005,-0.0,0,0
CWE-1335,2005,-0.0,0,0
CWE-1336,2005,-0.0,0,0
CWE-1342,2005,-0.0,0,0
CWE-1357,2005,-0.0,0,0
CWE-1366,2005,-0.0,0,0
CWE-1384,2005,-0.0,0,0
CWE-1385,2005,-0.0,0,0
CWE-1386,2005,-0.0,0,0
CWE-1389,2005,-0.0,0,0
CWE-1390,2005,-0.0,0,0
CWE-1391,2005,-0.0,0,0
CWE-1392,2005,-0.0,0,0
CWE-1393,2005,-0.0,0,0
CWE-1394,2005,-0.0,0,0
CWE-1,2006,-0.0,0,0
CWE-5,2006,-0.0,0,0
CWE-14,2006,-0.0,0,0
CWE-15,2006,-0.0,0,0
CWE-16,2006,0.0951107992738346,14,5
CWE-17,2006,0.020188793110654246,10,1
CWE-18,2006,5.551115123125783e-17,0,0
CWE-19,2006,-0.0,0,0
CWE-20,2006,0.32028948605635965,28,53
CWE-21,2006,-0.0,0,0
CWE-22,2006,0.007317821996982545,4,24
CWE-23,2006,-0.0,0,0
CWE-24,2006,-0.0,0,0
CWE-25,2006,-0.0,0,0
CWE-26,2006,-0.0,0,0
CWE-27,2006,-0.0,0,0
CWE-28,2006,-0.0,0,0
CWE-29,2006,-0.0,0,0
CWE-31,2006,-0.0,0,0
CWE-32,2006,-0.0,0,0
CWE-35,2006,-0.0,0,0
CWE-36,2006,-0.0,0,0
CWE-37,2006,-0.0,0,0
CWE-38,2006,-0.0,0,0
CWE-40,2006,-0.0,0,0
CWE-41,2006,-0.0,0,0
CWE-42,2006,-0.0,0,0
CWE-43,2006,-0.0,0,0
CWE-46,2006,-0.0,0,0
CWE-50,2006,-0.0,0,0
CWE-55,2006,-0.0,0,0
CWE-57,2006,-0.0,0,0
CWE-59,2006,-0.0,0,2
CWE-61,2006,-0.0,0,0
CWE-64,2006,-0.0,0,0
CWE-65,2006,-0.0,0,0
CWE-66,2006,-0.0,0,0
CWE-67,2006,-0.0,0,0
CWE-69,2006,-0.0,0,0
CWE-73,2006,-0.0,0,0
CWE-74,2006,-0.0,0,0
CWE-75,2006,-0.0,0,0
CWE-76,2006,-0.0,0,0
CWE-77,2006,-0.0,0,0
CWE-78,2006,0.0011104028705252933,2,2
CWE-79,2006,0.31518101245068153,28,121
CWE-80,2006,-0.0,0,0
CWE-81,2006,-0.0,0,0
CWE-82,2006,-0.0,0,0
CWE-83,2006,-0.0,0,0
CWE-84,2006,-0.0,0,0
CWE-85,2006,-0.0,0,0
CWE-86,2006,-0.0,0,0
CWE-87,2006,-0.0,0,0
CWE-88,2006,0.0874980582382144,14,9
CWE-89,2006,0.11148684764457999,21,97
CWE-90,2006,-0.0,0,0
CWE-91,2006,-0.0,0,0
CWE-92,2006,-0.0,0,0
CWE-93,2006,-0.0,0,0
CWE-94,2006,0.3197390174932856,24,180
CWE-95,2006,-0.0,0,0
CWE-96,2006,-0.0,0,0
CWE-97,2006,-0.0,0,0
CWE-98,2006,-0.0,0,0
CWE-99,2006,-0.0,0,0
CWE-112,2006,-0.0,0,0
CWE-113,2006,-0.0,0,0
CWE-114,2006,-0.0,0,0
CWE-115,2006,-0.0,0,0
CWE-116,2006,-0.0,0,0
CWE-117,2006,-0.0,0,0
CWE-118,2006,-0.0,0,0
CWE-119,2006,0.42674096700540615,28,144
CWE-120,2006,0.08063314825663015,21,4
CWE-121,2006,-0.0,0,0
CWE-122,2006,-0.0,0,0
CWE-123,2006,-0.0,0,0
CWE-124,2006,-0.0,0,0
CWE-125,2006,-0.0,0,0
CWE-126,2006,-0.0,0,0
CWE-127,2006,-0.0,0,0
CWE-128,2006,-0.0,0,0
CWE-129,2006,-0.0,0,0
CWE-130,2006,-0.0,0,0
CWE-131,2006,-0.0,0,0
CWE-134,2006,0.10557622826610355,16,17
CWE-138,2006,-0.0,0,0
CWE-140,2006,-0.0,0,0
CWE-141,2006,-0.0,0,0
CWE-142,2006,-0.0,0,0
CWE-143,2006,-0.0,0,0
CWE-144,2006,-0.0,0,0
CWE-145,2006,-0.0,0,0
CWE-146,2006,-0.0,0,0
CWE-147,2006,-0.0,0,0
CWE-148,2006,-0.0,0,0
CWE-149,2006,-0.0,0,0
CWE-150,2006,-0.0,0,0
CWE-153,2006,-0.0,0,0
CWE-155,2006,-0.0,0,0
CWE-156,2006,-0.0,0,0
CWE-158,2006,-0.0,0,0
CWE-159,2006,-0.0,0,0
CWE-162,2006,-0.0,0,0
CWE-164,2006,-0.0,0,0
CWE-166,2006,-0.0,0,0
CWE-167,2006,-0.0,0,0
CWE-168,2006,-0.0,0,0
CWE-170,2006,-0.0,0,0
CWE-172,2006,-0.0,0,0
CWE-173,2006,-0.0,0,0
CWE-174,2006,-0.0,0,0
CWE-176,2006,-0.0,0,0
CWE-177,2006,-0.0,0,0
CWE-178,2006,-0.0,0,0
CWE-179,2006,-0.0,0,0
CWE-180,2006,-0.0,0,0
CWE-183,2006,-0.0,0,0
CWE-184,2006,-0.0,0,0
CWE-185,2006,-0.0,0,0
CWE-186,2006,-0.0,0,0
CWE-187,2006,-0.0,0,0
CWE-188,2006,-0.0,0,0
CWE-189,2006,0.356134686981836,30,35
CWE-190,2006,0.014590465170214728,5,2
CWE-191,2006,-0.0,0,0
CWE-192,2006,-0.0,0,0
CWE-193,2006,0.007652025854948232,3,1
CWE-194,2006,-0.0,0,0
CWE-195,2006,-0.0,0,0
CWE-196,2006,-0.0,0,0
CWE-197,2006,-0.0,0,0
CWE-198,2006,-0.0,0,0
CWE-199,2006,-0.0,0,0
CWE-200,2006,0.14717822330857896,17,31
CWE-201,2006,-0.0,0,0
CWE-202,2006,-0.0,0,0
CWE-203,2006,-0.0,0,0
CWE-204,2006,-0.0,0,0
CWE-207,2006,-0.0,0,0
CWE-208,2006,-0.0,0,0
CWE-209,2006,-0.0,0,0
CWE-212,2006,-0.0,0,0
CWE-213,2006,-0.0,0,0
CWE-214,2006,-0.0,0,0
CWE-215,2006,-0.0,0,0
CWE-216,2006,-0.0,0,0
CWE-219,2006,-0.0,0,0
CWE-221,2006,-0.0,0,0
CWE-223,2006,-0.0,0,0
CWE-226,2006,-0.0,0,0
CWE-227,2006,-0.0,0,0
CWE-228,2006,-0.0,0,0
CWE-229,2006,-0.0,0,0
CWE-230,2006,-0.0,0,0
CWE-231,2006,-0.0,0,0
CWE-232,2006,-0.0,0,0
CWE-233,2006,-0.0,0,0
CWE-235,2006,-0.0,0,0
CWE-236,2006,-0.0,0,0
CWE-237,2006,-0.0,0,0
CWE-239,2006,-0.0,0,0
CWE-240,2006,-0.0,0,0
CWE-241,2006,-0.0,0,0
CWE-242,2006,-0.0,0,0
CWE-244,2006,-0.0,0,0
CWE-248,2006,-0.0,0,0
CWE-250,2006,-0.0,0,0
CWE-252,2006,-0.0,0,0
CWE-253,2006,-0.0,0,0
CWE-254,2006,0.1220429342977521,21,2
CWE-255,2006,-0.0,0,5
CWE-256,2006,-0.0,0,0
CWE-257,2006,-0.0,0,0
CWE-258,2006,-0.0,0,0
CWE-259,2006,-0.0,0,0
CWE-260,2006,-0.0,0,0
CWE-261,2006,-0.0,0,0
CWE-262,2006,-0.0,0,0
CWE-263,2006,-0.0,0,0
CWE-264,2006,0.32442878478143966,27,48
CWE-265,2006,-0.0,0,0
CWE-266,2006,-0.0,0,0
CWE-267,2006,-0.0,0,0
CWE-268,2006,-0.0,0,0
CWE-269,2006,-0.0,0,0
CWE-270,2006,-0.0,0,0
CWE-271,2006,-0.0,0,0
CWE-272,2006,-0.0,0,0
CWE-273,2006,-0.0,0,1
CWE-274,2006,-0.0,0,0
CWE-275,2006,-0.0,0,0
CWE-276,2006,-0.0,0,0
CWE-277,2006,-0.0,0,0
CWE-278,2006,-0.0,0,0
CWE-279,2006,-0.0,0,0
CWE-280,2006,-0.0,0,0
CWE-281,2006,-0.0,0,0
CWE-282,2006,-0.0,0,0
CWE-283,2006,-0.0,0,0
CWE-284,2006,-0.0,0,0
CWE-285,2006,-0.0,0,0
CWE-286,2006,-0.0,0,0
CWE-287,2006,0.08748490191106535,9,13
CWE-288,2006,-0.0,0,0
CWE-289,2006,-0.0,0,0
CWE-290,2006,-0.0,0,0
CWE-291,2006,-0.0,0,0
CWE-292,2006,-0.0,0,0
CWE-294,2006,-0.0,0,0
CWE-295,2006,-0.0,0,0
CWE-296,2006,-0.0,0,0
CWE-297,2006,-0.0,0,0
CWE-298,2006,-0.0,0,0
CWE-299,2006,-0.0,0,0
CWE-300,2006,-0.0,0,0
CWE-302,2006,-0.0,0,0
CWE-303,2006,-0.0,0,0
CWE-304,2006,-0.0,0,0
CWE-305,2006,-0.0,0,0
CWE-306,2006,-0.0,0,0
CWE-307,2006,-0.0,0,0
CWE-308,2006,-0.0,0,0
CWE-309,2006,-0.0,0,0
CWE-310,2006,0.0399920730756336,14,6
CWE-311,2006,-0.0,0,0
CWE-312,2006,-0.0,0,0
CWE-313,2006,-0.0,0,0
CWE-315,2006,-0.0,0,0
CWE-316,2006,-0.0,0,0
CWE-317,2006,-0.0,0,0
CWE-319,2006,-0.0,0,0
CWE-320,2006,-0.0,0,0
CWE-321,2006,-0.0,0,0
CWE-322,2006,-0.0,0,0
CWE-323,2006,-0.0,0,0
CWE-324,2006,-0.0,0,0
CWE-325,2006,-0.0,0,0
CWE-326,2006,-0.0,0,0
CWE-327,2006,-0.0,0,0
CWE-328,2006,-0.0,0,0
CWE-329,2006,-0.0,0,0
CWE-330,2006,-0.0,0,0
CWE-331,2006,-0.0,0,0
CWE-332,2006,-0.0,0,0
CWE-333,2006,-0.0,0,0
CWE-334,2006,-0.0,0,0
CWE-335,2006,-0.0,0,0
CWE-336,2006,-0.0,0,0
CWE-337,2006,-0.0,0,0
CWE-338,2006,-0.0,0,0
CWE-339,2006,-0.0,0,0
CWE-340,2006,-0.0,0,0
CWE-341,2006,-0.0,0,0
CWE-342,2006,-0.0,0,0
CWE-343,2006,-0.0,0,0
CWE-344,2006,-0.0,0,0
CWE-345,2006,-0.0,0,0
CWE-346,2006,-0.0,0,0
CWE-347,2006,-0.0,0,0
CWE-348,2006,-0.0,0,0
CWE-349,2006,-0.0,0,0
CWE-350,2006,-0.0,0,0
CWE-351,2006,-0.0,0,0
CWE-352,2006,0.0029458261364321532,1,3
CWE-353,2006,-0.0,0,0
CWE-354,2006,-0.0,0,0
CWE-356,2006,-0.0,0,0
CWE-357,2006,-0.0,0,0
CWE-358,2006,-0.0,0,0
CWE-359,2006,-0.0,0,0
CWE-361,2006,-0.0,0,0
CWE-362,2006,0.08097084612678977,17,6
CWE-363,2006,-0.0,0,0
CWE-364,2006,-0.0,0,0
CWE-366,2006,-0.0,0,0
CWE-367,2006,-0.0,0,0
CWE-369,2006,0.00645853938365042,3,1
CWE-371,2006,-0.0,0,0
CWE-372,2006,-0.0,0,0
CWE-377,2006,-0.0,0,0
CWE-378,2006,-0.0,0,0
CWE-379,2006,-0.0,0,0
CWE-384,2006,-0.0,0,0
CWE-385,2006,-0.0,0,0
CWE-386,2006,-0.0,0,0
CWE-388,2006,-0.0,1,1
CWE-390,2006,-0.0,0,0
CWE-391,2006,-0.0,0,0
CWE-392,2006,-0.0,0,0
CWE-393,2006,-0.0,0,0
CWE-394,2006,-0.0,0,0
CWE-395,2006,-0.0,0,0
CWE-396,2006,-0.0,0,0
CWE-399,2006,0.3569977065658358,26,71
CWE-400,2006,-0.0,0,1
CWE-401,2006,-0.0,0,0
CWE-402,2006,-0.0,0,0
CWE-403,2006,-0.0,0,0
CWE-404,2006,-0.0,0,0
CWE-405,2006,-0.0,0,0
CWE-406,2006,-0.0,0,0
CWE-407,2006,-0.0,0,0
CWE-408,2006,-0.0,0,0
CWE-409,2006,-0.0,0,0
CWE-410,2006,-0.0,0,0
CWE-412,2006,-0.0,0,0
CWE-413,2006,-0.0,0,0
CWE-414,2006,-0.0,0,0
CWE-415,2006,0.05629150510187998,16,1
CWE-416,2006,0.051498148169510344,20,2
CWE-417,2006,-0.0,0,0
CWE-419,2006,-0.0,0,0
CWE-420,2006,-0.0,0,0
CWE-421,2006,-0.0,0,0
CWE-422,2006,-0.0,0,0
CWE-424,2006,-0.0,0,0
CWE-425,2006,-0.0,0,0
CWE-426,2006,-0.0,0,0
CWE-427,2006,-0.0,0,0
CWE-428,2006,-0.0,0,0
CWE-430,2006,-0.0,0,0
CWE-431,2006,-0.0,0,0
CWE-433,2006,-0.0,0,0
CWE-434,2006,0.005939398407531078,2,4
CWE-435,2006,-0.0,0,0
CWE-436,2006,-0.0,0,0
CWE-437,2006,-0.0,0,0
CWE-440,2006,-0.0,0,0
CWE-441,2006,-0.0,0,0
CWE-444,2006,-0.0,0,1
CWE-446,2006,-0.0,0,0
CWE-447,2006,-0.0,0,0
CWE-448,2006,-0.0,0,0
CWE-449,2006,-0.0,0,0
CWE-450,2006,-0.0,0,0
CWE-451,2006,-0.0,0,0
CWE-453,2006,-0.0,0,0
CWE-454,2006,-0.0,0,0
CWE-455,2006,-0.0,0,0
CWE-456,2006,-0.0,0,0
CWE-457,2006,-0.0,0,0
CWE-459,2006,-0.0,0,0
CWE-460,2006,-0.0,0,0
CWE-462,2006,-0.0,0,0
CWE-463,2006,-0.0,0,0
CWE-465,2006,-0.0,0,0
CWE-466,2006,-0.0,0,0
CWE-467,2006,-0.0,0,0
CWE-468,2006,-0.0,0,0
CWE-469,2006,-0.0,0,0
CWE-470,2006,-0.0,0,0
CWE-471,2006,-0.0,0,0
CWE-472,2006,-0.0,0,0
CWE-473,2006,-0.0,0,0
CWE-474,2006,-0.0,0,0
CWE-475,2006,-0.0,0,0
CWE-476,2006,0.055826108540199613,19,3
CWE-477,2006,-0.0,0,0
CWE-479,2006,-0.0,0,0
CWE-480,2006,-0.0,0,0
CWE-484,2006,-0.0,0,0
CWE-488,2006,-0.0,0,0
CWE-489,2006,-0.0,0,0
CWE-491,2006,-0.0,0,0
CWE-494,2006,-0.0,0,0
CWE-495,2006,-0.0,0,0
CWE-497,2006,-0.0,0,0
CWE-501,2006,-0.0,0,0
CWE-502,2006,-0.0,0,0
CWE-506,2006,-0.0,0,0
CWE-507,2006,-0.0,0,0
CWE-514,2006,-0.0,0,0
CWE-520,2006,-0.0,0,0
CWE-521,2006,-0.0,0,0
CWE-522,2006,-0.0,0,0
CWE-523,2006,-0.0,0,0
CWE-524,2006,-0.0,0,0
CWE-525,2006,-0.0,0,0
CWE-526,2006,-0.0,0,0
CWE-527,2006,-0.0,0,0
CWE-530,2006,-0.0,0,0
CWE-531,2006,-0.0,0,0
CWE-532,2006,-0.0,0,0
CWE-533,2006,-0.0,0,0
CWE-534,2006,-0.0,0,0
CWE-538,2006,-0.0,0,0
CWE-539,2006,-0.0,0,0
CWE-540,2006,-0.0,0,0
CWE-544,2006,-0.0,0,0
CWE-547,2006,-0.0,0,0
CWE-548,2006,-0.0,0,0
CWE-549,2006,-0.0,0,0
CWE-550,2006,-0.0,0,0
CWE-551,2006,-0.0,0,0
CWE-552,2006,-0.0,0,0
CWE-553,2006,-0.0,0,0
CWE-555,2006,-0.0,0,0
CWE-556,2006,-0.0,0,0
CWE-557,2006,-0.0,0,0
CWE-561,2006,-0.0,0,0
CWE-562,2006,-0.0,0,0
CWE-563,2006,-0.0,0,0
CWE-564,2006,-0.0,0,0
CWE-565,2006,-0.0,0,0
CWE-566,2006,-0.0,0,0
CWE-567,2006,-0.0,0,0
CWE-570,2006,-0.0,0,0
CWE-571,2006,-0.0,0,0
CWE-573,2006,-0.0,0,0
CWE-590,2006,-0.0,0,0
CWE-591,2006,-0.0,0,0
CWE-592,2006,-0.0,0,0
CWE-597,2006,-0.0,0,0
CWE-598,2006,-0.0,0,0
CWE-599,2006,-0.0,0,0
CWE-600,2006,-0.0,0,0
CWE-601,2006,-0.0,0,0
CWE-602,2006,-0.0,0,0
CWE-603,2006,-0.0,0,0
CWE-605,2006,-0.0,0,0
CWE-606,2006,-0.0,0,0
CWE-610,2006,-0.0,0,0
CWE-611,2006,-0.0,0,0
CWE-612,2006,-0.0,0,0
CWE-613,2006,-0.0,0,0
CWE-614,2006,-0.0,0,0
CWE-615,2006,-0.0,0,0
CWE-616,2006,-0.0,0,0
CWE-617,2006,0.06323512900694252,20,3
CWE-618,2006,-0.0,0,0
CWE-620,2006,-0.0,0,0
CWE-622,2006,-0.0,0,0
CWE-623,2006,-0.0,0,0
CWE-624,2006,-0.0,0,0
CWE-625,2006,-0.0,0,0
CWE-626,2006,-0.0,0,0
CWE-627,2006,-0.0,0,0
CWE-628,2006,-0.0,0,0
CWE-636,2006,-0.0,0,0
CWE-639,2006,-0.0,0,0
CWE-640,2006,-0.0,0,0
CWE-641,2006,-0.0,0,0
CWE-642,2006,-0.0,0,0
CWE-643,2006,-0.0,0,0
CWE-644,2006,-0.0,0,0
CWE-645,2006,-0.0,0,0
CWE-646,2006,-0.0,0,0
CWE-647,2006,-0.0,0,0
CWE-648,2006,-0.0,0,0
CWE-649,2006,-0.0,0,0
CWE-650,2006,-0.0,0,0
CWE-653,2006,-0.0,0,0
CWE-655,2006,-0.0,0,0
CWE-656,2006,-0.0,0,0
CWE-657,2006,-0.0,0,0
CWE-662,2006,-0.0,0,0
CWE-664,2006,-0.0,0,0
CWE-665,2006,-0.0,0,0
CWE-666,2006,-0.0,0,0
CWE-667,2006,0.12236160930466962,22,4
CWE-668,2006,-0.0,0,0
CWE-669,2006,-0.0,0,0
CWE-670,2006,-0.0,0,0
CWE-671,2006,-0.0,0,0
CWE-672,2006,-0.0,0,0
CWE-673,2006,-0.0,0,0
CWE-674,2006,-0.0,0,0
CWE-675,2006,-0.0,0,0
CWE-676,2006,-0.0,0,0
CWE-680,2006,-0.0,0,0
CWE-681,2006,-0.0,0,0
CWE-682,2006,-0.0,0,0
CWE-683,2006,-0.0,0,0
CWE-684,2006,-0.0,0,0
CWE-686,2006,-0.0,0,0
CWE-688,2006,-0.0,0,0
CWE-689,2006,-0.0,0,0
CWE-690,2006,-0.0,0,0
CWE-691,2006,-0.0,0,0
CWE-692,2006,-0.0,0,0
CWE-693,2006,-0.0,0,0
CWE-694,2006,-0.0,0,0
CWE-696,2006,-0.0,0,0
CWE-697,2006,-0.0,0,0
CWE-698,2006,-0.0,0,0
CWE-701,2006,-0.0,0,0
CWE-703,2006,-0.0,0,0
CWE-704,2006,-0.0,0,0
CWE-705,2006,-0.0,0,0
CWE-706,2006,-0.0,0,0
CWE-707,2006,-0.0,0,0
CWE-708,2006,-0.0,0,0
CWE-710,2006,-0.0,0,0
CWE-732,2006,-0.0,0,0
CWE-733,2006,-0.0,0,0
CWE-749,2006,-0.0,0,0
CWE-754,2006,-0.0,0,0
CWE-755,2006,0.029186666482963523,12,1
CWE-757,2006,-0.0,0,0
CWE-758,2006,-0.0,0,0
CWE-759,2006,-0.0,0,0
CWE-760,2006,-0.0,0,0
CWE-761,2006,-0.0,0,0
CWE-762,2006,-0.0,0,0
CWE-763,2006,-0.0,0,0
CWE-767,2006,-0.0,0,0
CWE-768,2006,-0.0,0,0
CWE-769,2006,-0.0,0,0
CWE-770,2006,-0.0,0,0
CWE-771,2006,-0.0,0,0
CWE-772,2006,-0.0,0,0
CWE-774,2006,-0.0,0,0
CWE-775,2006,-0.0,0,0
CWE-776,2006,-0.0,0,0
CWE-777,2006,-0.0,0,0
CWE-778,2006,-0.0,0,0
CWE-779,2006,-0.0,0,0
CWE-780,2006,-0.0,0,0
CWE-782,2006,-0.0,0,0
CWE-783,2006,-0.0,0,0
CWE-784,2006,-0.0,0,0
CWE-786,2006,-0.0,0,0
CWE-787,2006,0.09531053972952132,24,5
CWE-788,2006,-0.0,0,0
CWE-789,2006,-0.0,0,0
CWE-790,2006,-0.0,0,0
CWE-791,2006,-0.0,0,0
CWE-792,2006,-0.0,0,0
CWE-794,2006,-0.0,0,0
CWE-798,2006,-0.0,0,0
CWE-799,2006,-0.0,0,0
CWE-804,2006,-0.0,0,0
CWE-805,2006,-0.0,0,0
CWE-807,2006,-0.0,0,0
CWE-820,2006,-0.0,0,0
CWE-821,2006,-0.0,0,0
CWE-822,2006,-0.0,0,0
CWE-823,2006,-0.0,0,0
CWE-824,2006,0.04036094675505994,17,2
CWE-825,2006,-0.0,0,0
CWE-826,2006,-0.0,0,0
CWE-828,2006,-0.0,0,0
CWE-829,2006,-0.0,0,0
CWE-830,2006,-0.0,0,0
CWE-832,2006,-0.0,0,0
CWE-833,2006,-0.0,0,0
CWE-834,2006,-0.0,0,0
CWE-835,2006,0.11885523850682723,21,1
CWE-836,2006,-0.0,0,0
CWE-837,2006,-0.0,0,0
CWE-838,2006,-0.0,0,0
CWE-839,2006,-0.0,0,0
CWE-840,2006,-0.0,0,0
CWE-841,2006,-0.0,0,0
CWE-842,2006,-0.0,0,0
CWE-843,2006,-0.0,0,0
CWE-862,2006,0.025248234828365454,10,1
CWE-863,2006,-0.0,1,1
CWE-882,2006,-0.0,0,0
CWE-908,2006,-0.0,0,0
CWE-909,2006,-0.0,0,0
CWE-910,2006,-0.0,0,0
CWE-911,2006,-0.0,0,0
CWE-912,2006,-0.0,0,0
CWE-913,2006,-0.0,0,0
CWE-914,2006,-0.0,0,0
CWE-915,2006,-0.0,0,0
CWE-916,2006,-0.0,0,1
CWE-917,2006,-0.0,0,0
CWE-918,2006,-0.0,0,0
CWE-920,2006,-0.0,0,0
CWE-921,2006,-0.0,0,0
CWE-922,2006,-0.0,0,0
CWE-923,2006,-0.0,0,0
CWE-924,2006,-0.0,0,0
CWE-925,2006,-0.0,0,0
CWE-926,2006,-0.0,0,0
CWE-927,2006,-0.0,0,0
CWE-939,2006,-0.0,0,0
CWE-940,2006,-0.0,0,0
CWE-941,2006,-0.0,0,0
CWE-942,2006,-0.0,0,0
CWE-943,2006,-0.0,0,0
CWE-1004,2006,-0.0,0,0
CWE-1007,2006,-0.0,0,0
CWE-1018,2006,-0.0,0,0
CWE-1021,2006,-0.0,0,0
CWE-1022,2006,-0.0,0,0
CWE-1023,2006,-0.0,0,0
CWE-1025,2006,-0.0,0,0
CWE-1026,2006,-0.0,0,0
CWE-1027,2006,-0.0,0,0
CWE-1032,2006,-0.0,0,0
CWE-1035,2006,-0.0,0,0
CWE-1037,2006,-0.0,0,0
CWE-1038,2006,-0.0,0,0
CWE-1039,2006,-0.0,0,0
CWE-1046,2006,-0.0,0,0
CWE-1049,2006,-0.0,0,0
CWE-1050,2006,-0.0,0,0
CWE-1059,2006,-0.0,0,0
CWE-1068,2006,-0.0,0,0
CWE-1072,2006,-0.0,0,0
CWE-1076,2006,-0.0,0,0
CWE-1077,2006,-0.0,0,0
CWE-1088,2006,-0.0,0,0
CWE-1100,2006,-0.0,0,0
CWE-1102,2006,-0.0,0,0
CWE-1103,2006,-0.0,0,0
CWE-1104,2006,-0.0,0,0
CWE-1106,2006,-0.0,0,0
CWE-1108,2006,-0.0,0,0
CWE-1112,2006,-0.0,0,0
CWE-1116,2006,-0.0,0,0
CWE-1119,2006,-0.0,0,0
CWE-1124,2006,-0.0,0,0
CWE-1125,2006,-0.0,0,0
CWE-1149,2006,-0.0,0,0
CWE-1164,2006,-0.0,0,0
CWE-1173,2006,-0.0,0,0
CWE-1174,2006,-0.0,0,0
CWE-1176,2006,-0.0,0,0
CWE-1187,2006,-0.0,0,0
CWE-1188,2006,-0.0,0,0
CWE-1189,2006,-0.0,0,0
CWE-1191,2006,-0.0,0,0
CWE-1204,2006,-0.0,0,0
CWE-1220,2006,-0.0,0,0
CWE-1223,2006,-0.0,0,0
CWE-1230,2006,-0.0,0,0
CWE-1231,2006,-0.0,0,0
CWE-1233,2006,-0.0,0,0
CWE-1234,2006,-0.0,0,0
CWE-1236,2006,-0.0,0,0
CWE-1240,2006,-0.0,0,0
CWE-1241,2006,-0.0,0,0
CWE-1242,2006,-0.0,0,0
CWE-1244,2006,-0.0,0,0
CWE-1245,2006,-0.0,0,0
CWE-1246,2006,-0.0,0,0
CWE-1247,2006,-0.0,0,0
CWE-1250,2006,-0.0,0,0
CWE-1251,2006,-0.0,0,0
CWE-1254,2006,-0.0,0,0
CWE-1255,2006,-0.0,0,0
CWE-1256,2006,-0.0,0,0
CWE-1257,2006,-0.0,0,0
CWE-1258,2006,-0.0,0,0
CWE-1259,2006,-0.0,0,0
CWE-1260,2006,-0.0,0,0
CWE-1262,2006,-0.0,0,0
CWE-1263,2006,-0.0,0,0
CWE-1264,2006,-0.0,0,0
CWE-1268,2006,-0.0,0,0
CWE-1270,2006,-0.0,0,0
CWE-1274,2006,-0.0,0,0
CWE-1275,2006,-0.0,0,0
CWE-1276,2006,-0.0,0,0
CWE-1277,2006,-0.0,0,0
CWE-1278,2006,-0.0,0,0
CWE-1280,2006,-0.0,0,0
CWE-1281,2006,-0.0,0,0
CWE-1282,2006,-0.0,0,0
CWE-1283,2006,-0.0,0,0
CWE-1284,2006,-0.0,0,0
CWE-1285,2006,-0.0,0,0
CWE-1286,2006,-0.0,0,0
CWE-1287,2006,-0.0,0,0
CWE-1288,2006,-0.0,0,0
CWE-1289,2006,-0.0,0,0
CWE-1294,2006,-0.0,0,0
CWE-1295,2006,-0.0,0,0
CWE-1298,2006,-0.0,0,0
CWE-1299,2006,-0.0,0,0
CWE-1300,2006,-0.0,0,0
CWE-1301,2006,-0.0,0,0
CWE-1303,2006,-0.0,0,0
CWE-1304,2006,-0.0,0,0
CWE-1310,2006,-0.0,0,0
CWE-1312,2006,-0.0,0,0
CWE-1313,2006,-0.0,0,0
CWE-1314,2006,-0.0,0,0
CWE-1316,2006,-0.0,0,0
CWE-1319,2006,-0.0,0,0
CWE-1320,2006,-0.0,0,0
CWE-1321,2006,-0.0,0,0
CWE-1322,2006,-0.0,0,0
CWE-1323,2006,-0.0,0,0
CWE-1325,2006,-0.0,0,0
CWE-1326,2006,-0.0,0,0
CWE-1327,2006,-0.0,0,0
CWE-1328,2006,-0.0,0,0
CWE-1329,2006,-0.0,0,0
CWE-1330,2006,-0.0,0,0
CWE-1332,2006,-0.0,0,0
CWE-1333,2006,-0.0,0,0
CWE-1334,2006,-0.0,0,0
CWE-1335,2006,-0.0,0,0
CWE-1336,2006,-0.0,0,0
CWE-1342,2006,-0.0,0,0
CWE-1357,2006,-0.0,0,0
CWE-1366,2006,-0.0,0,0
CWE-1384,2006,-0.0,0,0
CWE-1385,2006,-0.0,0,0
CWE-1386,2006,-0.0,0,0
CWE-1389,2006,-0.0,0,0
CWE-1390,2006,-0.0,0,0
CWE-1391,2006,-0.0,0,0
CWE-1392,2006,-0.0,0,0
CWE-1393,2006,-0.0,0,0
CWE-1394,2006,-0.0,0,0
CWE-1,2007,0.0,0,0
CWE-5,2007,0.0,0,0
CWE-14,2007,0.0,0,0
CWE-15,2007,0.0,0,0
CWE-16,2007,0.11844140372683601,25,32
CWE-17,2007,-1.1102230246251565e-16,0,0
CWE-18,2007,0.0,0,0
CWE-19,2007,0.0,0,1
CWE-20,2007,0.4039494794709312,43,240
CWE-21,2007,0.0,0,0
CWE-22,2007,0.21491064563091014,34,162
CWE-23,2007,0.0,0,0
CWE-24,2007,0.0,0,0
CWE-25,2007,0.0,0,0
CWE-26,2007,0.0,0,0
CWE-27,2007,0.0,0,0
CWE-28,2007,0.0,0,0
CWE-29,2007,0.0,0,0
CWE-31,2007,0.0,0,0
CWE-32,2007,0.0,0,0
CWE-35,2007,0.0,0,0
CWE-36,2007,0.0,0,0
CWE-37,2007,0.0,0,0
CWE-38,2007,0.0,0,0
CWE-40,2007,0.0,0,0
CWE-41,2007,0.0,0,0
CWE-42,2007,0.0,0,0
CWE-43,2007,0.0,0,0
CWE-46,2007,0.0,0,0
CWE-50,2007,0.0,0,0
CWE-55,2007,0.0,0,0
CWE-57,2007,0.0,0,0
CWE-59,2007,0.0662248693735658,18,22
CWE-61,2007,0.0,0,0
CWE-64,2007,0.0,0,0
CWE-65,2007,0.0,0,0
CWE-66,2007,0.0,0,0
CWE-67,2007,0.0,0,0
CWE-69,2007,0.0,0,0
CWE-73,2007,0.0,0,0
CWE-74,2007,0.0014127448494757324,2,1
CWE-75,2007,0.0,0,0
CWE-76,2007,0.0,0,0
CWE-77,2007,0.0,0,0
CWE-78,2007,0.049134206508551805,17,6
CWE-79,2007,0.34028276920527417,45,356
CWE-80,2007,0.0,0,0
CWE-81,2007,0.0,0,0
CWE-82,2007,0.0,0,0
CWE-83,2007,0.0,0,0
CWE-84,2007,0.0,0,0
CWE-85,2007,0.0,0,0
CWE-86,2007,0.0,0,0
CWE-87,2007,0.0,0,0
CWE-88,2007,0.00206659580166328,3,1
CWE-89,2007,0.13381382300583117,27,253
CWE-90,2007,0.0,0,0
CWE-91,2007,0.0,0,0
CWE-92,2007,0.0,0,0
CWE-93,2007,0.002295454886033387,2,1
CWE-94,2007,0.24447525127377173,37,295
CWE-95,2007,0.0,0,0
CWE-96,2007,0.0,0,0
CWE-97,2007,0.0,0,0
CWE-98,2007,0.0,0,0
CWE-99,2007,0.0,0,0
CWE-112,2007,0.0,0,0
CWE-113,2007,0.006975719433437968,6,1
CWE-114,2007,0.0,0,0
CWE-115,2007,0.0,0,0
CWE-116,2007,0.0,0,0
CWE-117,2007,0.0,0,0
CWE-118,2007,0.0,0,0
CWE-119,2007,0.43588868973311085,42,418
CWE-120,2007,0.06250358770021344,33,5
CWE-121,2007,0.0,0,0
CWE-122,2007,0.0,0,0
CWE-123,2007,0.0,0,0
CWE-124,2007,0.0,0,0
CWE-125,2007,0.02233235160866593,25,1
CWE-126,2007,0.0,0,0
CWE-127,2007,0.0,0,0
CWE-128,2007,0.0,0,0
CWE-129,2007,0.0,0,1
CWE-130,2007,0.0,0,0
CWE-131,2007,0.0,0,0
CWE-134,2007,0.07367042980573348,27,30
CWE-138,2007,0.0,0,0
CWE-140,2007,0.0,0,0
CWE-141,2007,0.0,0,0
CWE-142,2007,0.0,0,0
CWE-143,2007,0.0,0,0
CWE-144,2007,0.0,0,0
CWE-145,2007,0.0,0,0
CWE-146,2007,0.0,0,0
CWE-147,2007,0.0,0,0
CWE-148,2007,0.0,0,0
CWE-149,2007,0.0,0,0
CWE-150,2007,0.0,0,0
CWE-153,2007,0.0,0,0
CWE-155,2007,0.0,0,0
CWE-156,2007,0.0,0,0
CWE-158,2007,0.0,0,0
CWE-159,2007,0.0,0,0
CWE-162,2007,0.0,0,0
CWE-164,2007,0.0,0,0
CWE-166,2007,0.0,0,0
CWE-167,2007,0.0,0,0
CWE-168,2007,0.0,0,0
CWE-170,2007,0.0,0,0
CWE-172,2007,0.0,0,0
CWE-173,2007,0.0,0,0
CWE-174,2007,0.0,0,0
CWE-176,2007,0.0,0,0
CWE-177,2007,0.0,0,0
CWE-178,2007,0.0,0,1
CWE-179,2007,0.0,0,0
CWE-180,2007,0.0,0,0
CWE-183,2007,0.0,0,0
CWE-184,2007,0.0,0,0
CWE-185,2007,0.0,0,0
CWE-186,2007,0.0,0,0
CWE-187,2007,0.0,0,0
CWE-188,2007,0.0,0,0
CWE-189,2007,0.29026785780706577,41,80
CWE-190,2007,0.0285463188653386,26,7
CWE-191,2007,0.03393839518790398,19,1
CWE-192,2007,0.0,0,0
CWE-193,2007,0.0010065762016587792,2,1
CWE-194,2007,0.0,0,0
CWE-195,2007,0.0,0,0
CWE-196,2007,0.0,0,0
CWE-197,2007,0.0,0,0
CWE-198,2007,0.0,0,0
CWE-199,2007,0.0,0,0
CWE-200,2007,0.2542265812219984,39,98
CWE-201,2007,0.0,0,0
CWE-202,2007,0.0,0,0
CWE-203,2007,0.0,0,0
CWE-204,2007,0.0,0,0
CWE-207,2007,0.0,0,0
CWE-208,2007,0.0,0,0
CWE-209,2007,0.0,0,0
CWE-212,2007,0.0,0,0
CWE-213,2007,0.0,0,0
CWE-214,2007,0.0,0,0
CWE-215,2007,0.0,0,0
CWE-216,2007,0.0,0,0
CWE-219,2007,0.0,0,0
CWE-221,2007,0.0,0,0
CWE-223,2007,0.0,0,0
CWE-226,2007,0.0,0,0
CWE-227,2007,0.0,0,0
CWE-228,2007,0.0,0,0
CWE-229,2007,0.0,0,0
CWE-230,2007,0.0,0,0
CWE-231,2007,0.0,0,0
CWE-232,2007,0.0,0,0
CWE-233,2007,0.0,0,0
CWE-235,2007,0.0,0,0
CWE-236,2007,0.0,0,0
CWE-237,2007,0.0,0,0
CWE-239,2007,0.0,0,0
CWE-240,2007,0.0,0,0
CWE-241,2007,0.0,0,0
CWE-242,2007,0.0,0,0
CWE-244,2007,0.0,0,0
CWE-248,2007,0.0,0,0
CWE-250,2007,0.0,0,0
CWE-252,2007,0.056987050298069504,31,2
CWE-253,2007,0.0,0,0
CWE-254,2007,0.0,0,0
CWE-255,2007,0.0368839823812125,9,22
CWE-256,2007,0.0,0,0
CWE-257,2007,0.0,0,0
CWE-258,2007,0.0,0,0
CWE-259,2007,0.0,0,0
CWE-260,2007,0.0,0,0
CWE-261,2007,0.0,0,0
CWE-262,2007,0.0,0,0
CWE-263,2007,0.0,0,0
CWE-264,2007,0.3363148037898793,42,198
CWE-265,2007,0.0,0,0
CWE-266,2007,0.0,0,0
CWE-267,2007,0.0,0,0
CWE-268,2007,0.0,0,0
CWE-269,2007,0.027891149202290594,24,1
CWE-270,2007,0.0,0,0
CWE-271,2007,0.0,0,0
CWE-272,2007,0.0,0,0
CWE-273,2007,0.0,0,0
CWE-274,2007,0.0,0,0
CWE-275,2007,0.0,0,0
CWE-276,2007,0.0,0,0
CWE-277,2007,0.0,0,0
CWE-278,2007,0.0,0,0
CWE-279,2007,0.0,0,0
CWE-280,2007,0.0,0,0
CWE-281,2007,0.0,0,0
CWE-282,2007,0.0,0,0
CWE-283,2007,0.0,0,0
CWE-284,2007,0.0,0,0
CWE-285,2007,0.0,0,0
CWE-286,2007,0.0,0,0
CWE-287,2007,0.1067873071838585,23,64
CWE-288,2007,0.0,0,0
CWE-289,2007,0.0,0,0
CWE-290,2007,0.0,0,0
CWE-291,2007,0.0,0,0
CWE-292,2007,0.0,0,0
CWE-294,2007,0.0,0,0
CWE-295,2007,0.0,0,0
CWE-296,2007,0.0,0,0
CWE-297,2007,0.0,0,0
CWE-298,2007,0.0,0,0
CWE-299,2007,0.0,0,0
CWE-300,2007,0.0,0,0
CWE-302,2007,0.0,0,0
CWE-303,2007,0.0,0,0
CWE-304,2007,0.0,0,0
CWE-305,2007,0.0,0,0
CWE-306,2007,0.028954017589801016,24,1
CWE-307,2007,0.0,0,0
CWE-308,2007,0.0,0,0
CWE-309,2007,0.0,0,0
CWE-310,2007,0.054556439310481895,24,17
CWE-311,2007,0.0,0,1
CWE-312,2007,0.0,0,1
CWE-313,2007,0.0,0,0
CWE-315,2007,0.0,0,0
CWE-316,2007,0.0,0,0
CWE-317,2007,0.0,0,0
CWE-319,2007,0.001670134734281365,1,2
CWE-320,2007,0.0,0,0
CWE-321,2007,0.0,0,0
CWE-322,2007,0.0,0,0
CWE-323,2007,0.0,0,0
CWE-324,2007,0.0,0,0
CWE-325,2007,0.0,0,0
CWE-326,2007,0.0,0,0
CWE-327,2007,0.010393444967478549,11,3
CWE-328,2007,0.0,0,0
CWE-329,2007,0.0,0,0
CWE-330,2007,0.0,0,0
CWE-331,2007,0.0,0,0
CWE-332,2007,0.0,0,0
CWE-333,2007,0.0,0,0
CWE-334,2007,0.0,0,0
CWE-335,2007,0.0,0,0
CWE-336,2007,0.0,0,0
CWE-337,2007,0.0,0,0
CWE-338,2007,0.0,0,0
CWE-339,2007,0.0,0,0
CWE-340,2007,0.0,0,0
CWE-341,2007,0.0,0,0
CWE-342,2007,0.0,0,0
CWE-343,2007,0.0,0,0
CWE-344,2007,0.0,0,0
CWE-345,2007,0.0,0,0
CWE-346,2007,0.0,0,0
CWE-347,2007,0.0,0,0
CWE-348,2007,0.0,0,0
CWE-349,2007,0.0,0,0
CWE-350,2007,0.0,0,0
CWE-351,2007,0.0,0,0
CWE-352,2007,0.07190200099738113,21,37
CWE-353,2007,0.0,0,0
CWE-354,2007,0.0,0,0
CWE-356,2007,0.0,0,0
CWE-357,2007,0.0,0,0
CWE-358,2007,0.0,0,0
CWE-359,2007,0.0,0,0
CWE-361,2007,0.0,0,0
CWE-362,2007,0.09113082994106096,24,16
CWE-363,2007,0.0,0,0
CWE-364,2007,0.0,0,0
CWE-366,2007,0.0,0,0
CWE-367,2007,0.0,0,0
CWE-369,2007,0.005832967977317288,5,3
CWE-371,2007,0.0,0,0
CWE-372,2007,0.0,0,0
CWE-377,2007,0.0,0,0
CWE-378,2007,0.0,0,0
CWE-379,2007,0.0,0,0
CWE-384,2007,0.0014127448494757324,2,1
CWE-385,2007,0.0,0,0
CWE-386,2007,0.0,0,0
CWE-388,2007,0.0,0,0
CWE-390,2007,0.0,0,0
CWE-391,2007,0.0,0,0
CWE-392,2007,0.0,0,0
CWE-393,2007,0.0,0,0
CWE-394,2007,0.0,0,0
CWE-395,2007,0.0,0,0
CWE-396,2007,0.0,0,0
CWE-399,2007,0.2571967979033327,36,89
CWE-400,2007,0.04370199195104543,30,4
CWE-401,2007,0.010281420941918534,12,1
CWE-402,2007,0.0,0,0
CWE-403,2007,0.0,0,0
CWE-404,2007,0.0,0,0
CWE-405,2007,0.0,0,0
CWE-406,2007,0.0,0,0
CWE-407,2007,0.0,0,0
CWE-408,2007,0.0,0,0
CWE-409,2007,0.0,0,0
CWE-410,2007,0.0,0,0
CWE-412,2007,0.0,0,0
CWE-413,2007,0.0,0,0
CWE-414,2007,0.0,0,0
CWE-415,2007,0.028954017589801016,24,1
CWE-416,2007,0.010281420941918534,12,1
CWE-417,2007,0.0,0,0
CWE-419,2007,0.0,0,0
CWE-420,2007,0.0,0,0
CWE-421,2007,0.0,0,0
CWE-422,2007,0.0,0,0
CWE-424,2007,0.0,0,0
CWE-425,2007,0.0,0,0
CWE-426,2007,0.0,0,0
CWE-427,2007,0.0,0,0
CWE-428,2007,0.0,0,0
CWE-430,2007,0.0,0,0
CWE-431,2007,0.0,0,0
CWE-433,2007,0.0,0,0
CWE-434,2007,0.0,0,1
CWE-435,2007,0.0,0,0
CWE-436,2007,0.0,0,0
CWE-437,2007,0.0,0,0
CWE-440,2007,0.0,0,0
CWE-441,2007,0.0,0,0
CWE-444,2007,0.0,0,0
CWE-446,2007,0.0,0,0
CWE-447,2007,0.0,0,0
CWE-448,2007,0.0,0,0
CWE-449,2007,0.0,0,0
CWE-450,2007,0.0,0,0
CWE-451,2007,0.0,0,0
CWE-453,2007,0.0,0,0
CWE-454,2007,0.0,0,0
CWE-455,2007,0.0,0,0
CWE-456,2007,0.0,0,0
CWE-457,2007,0.0,0,0
CWE-459,2007,0.0,0,0
CWE-460,2007,0.0,0,0
CWE-462,2007,0.0,0,0
CWE-463,2007,0.0,0,0
CWE-465,2007,0.0,0,0
CWE-466,2007,0.0,0,0
CWE-467,2007,0.0,0,0
CWE-468,2007,0.0,0,0
CWE-469,2007,0.0,0,0
CWE-470,2007,0.0,0,0
CWE-471,2007,0.0,0,0
CWE-472,2007,0.0,0,0
CWE-473,2007,0.0,0,0
CWE-474,2007,0.0,0,0
CWE-475,2007,0.0,0,0
CWE-476,2007,0.004997251565237508,4,3
CWE-477,2007,0.0,0,0
CWE-479,2007,0.0,0,0
CWE-480,2007,0.0,0,0
CWE-484,2007,0.0,0,0
CWE-488,2007,0.0,0,0
CWE-489,2007,0.0,0,0
CWE-491,2007,0.0,0,0
CWE-494,2007,0.0,0,0
CWE-495,2007,0.0,0,0
CWE-497,2007,0.0,0,0
CWE-501,2007,0.0,0,0
CWE-502,2007,0.01102519466770769,12,1
CWE-506,2007,0.0,0,0
CWE-507,2007,0.0,0,0
CWE-514,2007,0.0,0,0
CWE-520,2007,0.0,0,0
CWE-521,2007,0.0,0,0
CWE-522,2007,0.0,0,1
CWE-523,2007,0.0,0,0
CWE-524,2007,0.0,0,0
CWE-525,2007,0.0,0,0
CWE-526,2007,0.0,0,0
CWE-527,2007,0.0,0,0
CWE-530,2007,0.0,0,0
CWE-531,2007,0.0,0,0
CWE-532,2007,0.0,0,0
CWE-533,2007,0.0,0,0
CWE-534,2007,0.0,0,0
CWE-538,2007,0.0,0,0
CWE-539,2007,0.0,0,0
CWE-540,2007,0.0,0,0
CWE-544,2007,0.0,0,0
CWE-547,2007,0.0,0,0
CWE-548,2007,0.0,0,0
CWE-549,2007,0.0,0,0
CWE-550,2007,0.0,0,0
CWE-551,2007,0.0,0,0
CWE-552,2007,0.0,0,0
CWE-553,2007,0.0,0,0
CWE-555,2007,0.0,0,0
CWE-556,2007,0.0,0,0
CWE-557,2007,0.0,0,0
CWE-561,2007,0.0,0,0
CWE-562,2007,0.0,0,0
CWE-563,2007,0.0,0,0
CWE-564,2007,0.0,0,0
CWE-565,2007,0.0,0,0
CWE-566,2007,0.0,0,0
CWE-567,2007,0.0,0,0
CWE-570,2007,0.0,0,0
CWE-571,2007,0.0,0,0
CWE-573,2007,0.0,0,0
CWE-590,2007,0.0,0,0
CWE-591,2007,0.0,0,0
CWE-592,2007,0.0,0,0
CWE-597,2007,0.0,0,0
CWE-598,2007,0.0,0,0
CWE-599,2007,0.0,0,0
CWE-600,2007,0.0,0,0
CWE-601,2007,0.0,0,0
CWE-602,2007,0.0,0,0
CWE-603,2007,0.0,0,0
CWE-605,2007,0.0,0,0
CWE-606,2007,0.0,0,0
CWE-610,2007,0.0,0,0
CWE-611,2007,0.0,0,0
CWE-612,2007,0.0,0,0
CWE-613,2007,0.0,0,0
CWE-614,2007,0.0,0,0
CWE-615,2007,0.0,0,0
CWE-616,2007,0.0,0,0
CWE-617,2007,0.0,0,1
CWE-618,2007,0.0,0,0
CWE-620,2007,0.0,0,0
CWE-622,2007,0.0,0,0
CWE-623,2007,0.0,0,0
CWE-624,2007,0.0,0,0
CWE-625,2007,0.0,0,0
CWE-626,2007,0.0,0,0
CWE-627,2007,0.0,0,0
CWE-628,2007,0.0,0,0
CWE-636,2007,0.0,0,0
CWE-639,2007,0.0,0,0
CWE-640,2007,0.0,0,0
CWE-641,2007,0.0,0,0
CWE-642,2007,0.0,0,0
CWE-643,2007,0.0,0,0
CWE-644,2007,0.0,0,0
CWE-645,2007,0.0,0,0
CWE-646,2007,0.0,0,0
CWE-647,2007,0.0,0,0
CWE-648,2007,0.0,0,0
CWE-649,2007,0.0,0,0
CWE-650,2007,0.0,0,0
CWE-653,2007,0.0,0,0
CWE-655,2007,0.0,0,0
CWE-656,2007,0.0,0,0
CWE-657,2007,0.0,0,0
CWE-662,2007,0.0,0,0
CWE-664,2007,0.0,0,0
CWE-665,2007,0.01287579763143579,16,1
CWE-666,2007,0.0,0,0
CWE-667,2007,0.0,0,0
CWE-668,2007,0.0,0,0
CWE-669,2007,0.0,0,0
CWE-670,2007,0.0,0,0
CWE-671,2007,0.0,0,0
CWE-672,2007,0.0,0,0
CWE-673,2007,0.0,0,0
CWE-674,2007,0.051531398086790706,27,2
CWE-675,2007,0.0,0,0
CWE-676,2007,0.0,0,0
CWE-680,2007,0.0,0,0
CWE-681,2007,0.027348384139575556,25,2
CWE-682,2007,0.0,0,0
CWE-683,2007,0.0,0,0
CWE-684,2007,0.0,0,0
CWE-686,2007,0.0,0,0
CWE-688,2007,0.0,0,0
CWE-689,2007,0.0,0,0
CWE-690,2007,0.0,0,0
CWE-691,2007,0.0,0,0
CWE-692,2007,0.0,0,0
CWE-693,2007,0.0,0,0
CWE-694,2007,0.0,0,0
CWE-696,2007,0.0,0,0
CWE-697,2007,0.0,0,0
CWE-698,2007,0.0,0,0
CWE-701,2007,0.0,0,0
CWE-703,2007,0.0,0,0
CWE-704,2007,0.0,0,0
CWE-705,2007,0.0,0,0
CWE-706,2007,0.0,0,0
CWE-707,2007,0.0,0,0
CWE-708,2007,0.0,0,0
CWE-710,2007,0.0,0,0
CWE-732,2007,0.007452881081605894,4,2
CWE-733,2007,0.0,0,0
CWE-749,2007,0.0,0,0
CWE-754,2007,0.0,0,0
CWE-755,2007,0.0,0,0
CWE-757,2007,0.0,0,0
CWE-758,2007,0.0,0,0
CWE-759,2007,0.0,0,0
CWE-760,2007,0.0,0,0
CWE-761,2007,0.0,0,0
CWE-762,2007,0.0,0,0
CWE-763,2007,0.010281420941918534,12,1
CWE-767,2007,0.0,0,0
CWE-768,2007,0.0,0,0
CWE-769,2007,0.0,0,0
CWE-770,2007,0.0,0,0
CWE-771,2007,0.0,0,0
CWE-772,2007,0.02632787584883374,24,2
CWE-774,2007,0.0,0,0
CWE-775,2007,0.0,0,0
CWE-776,2007,0.0,0,0
CWE-777,2007,0.0,0,0
CWE-778,2007,0.0,0,0
CWE-779,2007,0.0,0,0
CWE-780,2007,0.0,0,0
CWE-782,2007,0.0,0,0
CWE-783,2007,0.0,0,0
CWE-784,2007,0.0,0,0
CWE-786,2007,0.0,0,0
CWE-787,2007,0.04050106985245163,27,7
CWE-788,2007,0.0,0,0
CWE-789,2007,0.0,0,0
CWE-790,2007,0.0,0,0
CWE-791,2007,0.0,0,0
CWE-792,2007,0.0,0,0
CWE-794,2007,0.0,0,0
CWE-798,2007,0.008342989368841371,1,3
CWE-799,2007,0.0,0,0
CWE-804,2007,0.0,0,0
CWE-805,2007,0.0,0,0
CWE-807,2007,0.0,0,0
CWE-820,2007,0.0,0,0
CWE-821,2007,0.0,0,0
CWE-822,2007,0.0,0,0
CWE-823,2007,0.0,0,0
CWE-824,2007,0.05226338018154609,31,6
CWE-825,2007,0.0,0,0
CWE-826,2007,0.0,0,0
CWE-828,2007,0.0,0,0
CWE-829,2007,0.0,0,0
CWE-830,2007,0.0,0,0
CWE-832,2007,0.0,0,0
CWE-833,2007,0.0,0,0
CWE-834,2007,0.0,0,0
CWE-835,2007,0.0,0,0
CWE-836,2007,0.0,0,0
CWE-837,2007,0.0,0,0
CWE-838,2007,0.0,0,0
CWE-839,2007,0.0,0,0
CWE-840,2007,0.0,0,0
CWE-841,2007,0.0,0,0
CWE-842,2007,0.0,0,0
CWE-843,2007,0.0,0,0
CWE-862,2007,0.0,0,0
CWE-863,2007,0.007571959840249879,6,1
CWE-882,2007,0.0,0,0
CWE-908,2007,0.009223138330586682,9,1
CWE-909,2007,0.0,0,0
CWE-910,2007,0.0,0,0
CWE-911,2007,0.0,0,0
CWE-912,2007,0.0,0,0
CWE-913,2007,0.0,0,0
CWE-914,2007,0.0,0,0
CWE-915,2007,0.0,0,0
CWE-916,2007,0.0,0,0
CWE-917,2007,0.0,0,0
CWE-918,2007,0.0,0,0
CWE-920,2007,0.0,0,0
CWE-921,2007,0.0,0,0
CWE-922,2007,0.0,0,0
CWE-923,2007,0.0,0,0
CWE-924,2007,0.0,0,0
CWE-925,2007,0.0,0,0
CWE-926,2007,0.0,0,0
CWE-927,2007,0.0,0,0
CWE-939,2007,0.0,0,0
CWE-940,2007,0.0,0,0
CWE-941,2007,0.0,0,0
CWE-942,2007,0.0,0,0
CWE-943,2007,0.0,0,0
CWE-1004,2007,0.0,0,0
CWE-1007,2007,0.0,0,0
CWE-1018,2007,0.0,0,0
CWE-1021,2007,0.0,0,0
CWE-1022,2007,0.0,0,0
CWE-1023,2007,0.0,0,0
CWE-1025,2007,0.0,0,0
CWE-1026,2007,0.0,0,0
CWE-1027,2007,0.0,0,0
CWE-1032,2007,0.0,0,0
CWE-1035,2007,0.0,0,0
CWE-1037,2007,0.0,0,0
CWE-1038,2007,0.0,0,0
CWE-1039,2007,0.0,0,0
CWE-1046,2007,0.0,0,0
CWE-1049,2007,0.0,0,0
CWE-1050,2007,0.0,0,0
CWE-1059,2007,0.0,0,0
CWE-1068,2007,0.0,0,0
CWE-1072,2007,0.0,0,0
CWE-1076,2007,0.0,0,0
CWE-1077,2007,0.0,0,0
CWE-1088,2007,0.0,0,0
CWE-1100,2007,0.0,0,0
CWE-1102,2007,0.0,0,0
CWE-1103,2007,0.0,0,0
CWE-1104,2007,0.0,0,0
CWE-1106,2007,0.0,0,0
CWE-1108,2007,0.0,0,0
CWE-1112,2007,0.0,0,0
CWE-1116,2007,0.0,0,0
CWE-1119,2007,0.0,0,0
CWE-1124,2007,0.0,0,0
CWE-1125,2007,0.0,0,0
CWE-1149,2007,0.0,0,0
CWE-1164,2007,0.0,0,0
CWE-1173,2007,0.0,0,0
CWE-1174,2007,0.0,0,0
CWE-1176,2007,0.0,0,0
CWE-1187,2007,0.0,0,0
CWE-1188,2007,0.0,0,0
CWE-1189,2007,0.0,0,0
CWE-1191,2007,0.0,0,0
CWE-1204,2007,0.0,0,0
CWE-1220,2007,0.0,0,0
CWE-1223,2007,0.0,0,0
CWE-1230,2007,0.0,0,0
CWE-1231,2007,0.0,0,0
CWE-1233,2007,0.0,0,0
CWE-1234,2007,0.0,0,0
CWE-1236,2007,0.0,0,0
CWE-1240,2007,0.0,0,0
CWE-1241,2007,0.0,0,0
CWE-1242,2007,0.0,0,0
CWE-1244,2007,0.0,0,0
CWE-1245,2007,0.0,0,0
CWE-1246,2007,0.0,0,0
CWE-1247,2007,0.0,0,0
CWE-1250,2007,0.0,0,0
CWE-1251,2007,0.0,0,0
CWE-1254,2007,0.0,0,0
CWE-1255,2007,0.0,0,0
CWE-1256,2007,0.0,0,0
CWE-1257,2007,0.0,0,0
CWE-1258,2007,0.0,0,0
CWE-1259,2007,0.0,0,0
CWE-1260,2007,0.0,0,0
CWE-1262,2007,0.0,0,0
CWE-1263,2007,0.0,0,0
CWE-1264,2007,0.0,0,0
CWE-1268,2007,0.0,0,0
CWE-1270,2007,0.0,0,0
CWE-1274,2007,0.0,0,0
CWE-1275,2007,0.0,0,0
CWE-1276,2007,0.0,0,0
CWE-1277,2007,0.0,0,0
CWE-1278,2007,0.0,0,0
CWE-1280,2007,0.0,0,0
CWE-1281,2007,0.0,0,0
CWE-1282,2007,0.0,0,0
CWE-1283,2007,0.0,0,0
CWE-1284,2007,0.0,0,0
CWE-1285,2007,0.0,0,0
CWE-1286,2007,0.0,0,0
CWE-1287,2007,0.0,0,0
CWE-1288,2007,0.0,0,0
CWE-1289,2007,0.0,0,0
CWE-1294,2007,0.0,0,0
CWE-1295,2007,0.0,0,0
CWE-1298,2007,0.0,0,0
CWE-1299,2007,0.0,0,0
CWE-1300,2007,0.0,0,0
CWE-1301,2007,0.0,0,0
CWE-1303,2007,0.0,0,0
CWE-1304,2007,0.0,0,0
CWE-1310,2007,0.0,0,0
CWE-1312,2007,0.0,0,0
CWE-1313,2007,0.0,0,0
CWE-1314,2007,0.0,0,0
CWE-1316,2007,0.0,0,0
CWE-1319,2007,0.0,0,0
CWE-1320,2007,0.0,0,0
CWE-1321,2007,0.0,0,0
CWE-1322,2007,0.0,0,0
CWE-1323,2007,0.0,0,0
CWE-1325,2007,0.0,0,0
CWE-1326,2007,0.0,0,0
CWE-1327,2007,0.0,0,0
CWE-1328,2007,0.0,0,0
CWE-1329,2007,0.0,0,0
CWE-1330,2007,0.0,0,0
CWE-1332,2007,0.0,0,0
CWE-1333,2007,0.0,0,0
CWE-1334,2007,0.0,0,0
CWE-1335,2007,0.0,0,0
CWE-1336,2007,0.0,0,0
CWE-1342,2007,0.0,0,0
CWE-1357,2007,0.0,0,0
CWE-1366,2007,0.0,0,0
CWE-1384,2007,0.0,0,0
CWE-1385,2007,0.0,0,0
CWE-1386,2007,0.0,0,0
CWE-1389,2007,0.0,0,0
CWE-1390,2007,0.0,0,0
CWE-1391,2007,0.0,0,0
CWE-1392,2007,0.0,0,0
CWE-1393,2007,0.0,0,0
CWE-1394,2007,0.0,0,0
CWE-1,2008,-0.0,0,0
CWE-5,2008,-0.0,0,0
CWE-14,2008,-0.0,0,0
CWE-15,2008,-0.0,0,0
CWE-16,2008,0.1361244101890928,41,34
CWE-17,2008,2.220446049250313e-16,0,0
CWE-18,2008,5.551115123125783e-17,0,0
CWE-19,2008,-0.0,0,0
CWE-20,2008,0.3404505427616179,50,379
CWE-21,2008,-0.0,0,0
CWE-22,2008,0.22339951491721408,46,348
CWE-23,2008,-0.0,0,0
CWE-24,2008,-0.0,0,0
CWE-25,2008,-0.0,0,0
CWE-26,2008,-0.0,0,0
CWE-27,2008,-0.0,0,0
CWE-28,2008,-0.0,0,0
CWE-29,2008,-0.0,0,0
CWE-31,2008,-0.0,0,0
CWE-32,2008,-0.0,0,0
CWE-35,2008,-0.0,0,0
CWE-36,2008,-0.0,0,0
CWE-37,2008,-0.0,0,0
CWE-38,2008,-0.0,0,0
CWE-40,2008,-0.0,0,0
CWE-41,2008,-0.0,0,0
CWE-42,2008,-0.0,0,0
CWE-43,2008,-0.0,0,0
CWE-46,2008,-0.0,0,0
CWE-50,2008,-0.0,0,0
CWE-55,2008,-0.0,0,0
CWE-57,2008,-0.0,0,0
CWE-59,2008,0.12094935478659723,45,172
CWE-61,2008,-0.0,0,0
CWE-64,2008,-0.0,0,0
CWE-65,2008,-0.0,0,0
CWE-66,2008,-0.0,0,0
CWE-67,2008,-0.0,0,0
CWE-69,2008,-0.0,0,0
CWE-73,2008,-0.0,0,0
CWE-74,2008,0.00962215502919231,11,1
CWE-75,2008,-0.0,0,0
CWE-76,2008,-0.0,0,0
CWE-77,2008,-0.0,0,0
CWE-78,2008,0.023239114477388915,42,6
CWE-79,2008,0.34830462424880554,52,791
CWE-80,2008,-0.0,0,0
CWE-81,2008,-0.0,0,0
CWE-82,2008,-0.0,0,0
CWE-83,2008,-0.0,0,0
CWE-84,2008,-0.0,0,0
CWE-85,2008,-0.0,0,0
CWE-86,2008,-0.0,0,0
CWE-87,2008,-0.0,0,0
CWE-88,2008,-0.0,0,0
CWE-89,2008,0.22484441318524495,34,1090
CWE-90,2008,-0.0,0,0
CWE-91,2008,0.03612112081618276,35,1
CWE-92,2008,-0.0,0,0
CWE-93,2008,-0.0,0,0
CWE-94,2008,0.24228437343817602,46,308
CWE-95,2008,-0.0,0,0
CWE-96,2008,-0.0,0,0
CWE-97,2008,-0.0,0,0
CWE-98,2008,-0.0,0,0
CWE-99,2008,-0.0,0,0
CWE-112,2008,-0.0,0,0
CWE-113,2008,-0.0,0,0
CWE-114,2008,-0.0,0,0
CWE-115,2008,-0.0,0,0
CWE-116,2008,-0.0,0,0
CWE-117,2008,-0.0,0,0
CWE-118,2008,-0.0,0,0
CWE-119,2008,0.3475190701637789,50,552
CWE-120,2008,0.0361478890557986,39,7
CWE-121,2008,-0.0,0,0
CWE-122,2008,-0.0,0,0
CWE-123,2008,-0.0,0,0
CWE-124,2008,-0.0,0,0
CWE-125,2008,-0.0,0,0
CWE-126,2008,-0.0,0,0
CWE-127,2008,-0.0,0,0
CWE-128,2008,-0.0,0,0
CWE-129,2008,-0.0,0,0
CWE-130,2008,-0.0,0,0
CWE-131,2008,0.030981028906453927,42,1
CWE-134,2008,0.0479650227270258,23,24
CWE-138,2008,-0.0,0,0
CWE-140,2008,-0.0,0,0
CWE-141,2008,-0.0,0,0
CWE-142,2008,-0.0,0,0
CWE-143,2008,-0.0,0,0
CWE-144,2008,-0.0,0,0
CWE-145,2008,-0.0,0,0
CWE-146,2008,-0.0,0,0
CWE-147,2008,-0.0,0,0
CWE-148,2008,-0.0,0,0
CWE-149,2008,-0.0,0,0
CWE-150,2008,-0.0,0,0
CWE-153,2008,-0.0,0,0
CWE-155,2008,-0.0,0,0
CWE-156,2008,-0.0,0,0
CWE-158,2008,-0.0,0,0
CWE-159,2008,-0.0,0,0
CWE-162,2008,-0.0,0,0
CWE-164,2008,-0.0,0,0
CWE-166,2008,-0.0,0,0
CWE-167,2008,-0.0,0,0
CWE-168,2008,-0.0,0,0
CWE-170,2008,-0.0,0,0
CWE-172,2008,-0.0,0,0
CWE-173,2008,-0.0,0,0
CWE-174,2008,-0.0,0,0
CWE-176,2008,-0.0,0,0
CWE-177,2008,-0.0,0,0
CWE-178,2008,-0.0,0,0
CWE-179,2008,-0.0,0,0
CWE-180,2008,-0.0,0,0
CWE-183,2008,-0.0,0,0
CWE-184,2008,-0.0,0,0
CWE-185,2008,-0.0,0,0
CWE-186,2008,-0.0,0,0
CWE-187,2008,-0.0,0,0
CWE-188,2008,-0.0,0,0
CWE-189,2008,0.24774913923622577,48,140
CWE-190,2008,0.046247942825731296,40,10
CWE-191,2008,-0.0,0,0
CWE-192,2008,-0.0,0,0
CWE-193,2008,0.022942760450058657,38,2
CWE-194,2008,-0.0,0,0
CWE-195,2008,-0.0,0,0
CWE-196,2008,-0.0,0,0
CWE-197,2008,-0.0,0,0
CWE-198,2008,-0.0,0,0
CWE-199,2008,-0.0,0,0
CWE-200,2008,0.25401657919961124,48,186
CWE-201,2008,-0.0,0,0
CWE-202,2008,-0.0,0,0
CWE-203,2008,-0.0,0,0
CWE-204,2008,-0.0,0,0
CWE-207,2008,-0.0,0,0
CWE-208,2008,-0.0,0,0
CWE-209,2008,-0.0,0,0
CWE-212,2008,-0.0,0,0
CWE-213,2008,-0.0,0,0
CWE-214,2008,-0.0,0,0
CWE-215,2008,-0.0,0,0
CWE-216,2008,-0.0,0,0
CWE-219,2008,-0.0,0,0
CWE-221,2008,-0.0,0,0
CWE-223,2008,-0.0,0,0
CWE-226,2008,-0.0,0,0
CWE-227,2008,-0.0,0,0
CWE-228,2008,-0.0,0,0
CWE-229,2008,-0.0,0,0
CWE-230,2008,-0.0,0,0
CWE-231,2008,-0.0,0,0
CWE-232,2008,-0.0,0,0
CWE-233,2008,-0.0,0,0
CWE-235,2008,-0.0,0,0
CWE-236,2008,-0.0,0,0
CWE-237,2008,-0.0,0,0
CWE-239,2008,-0.0,0,0
CWE-240,2008,-0.0,0,0
CWE-241,2008,-0.0,0,0
CWE-242,2008,-0.0,0,0
CWE-244,2008,-0.0,0,0
CWE-248,2008,-0.0,0,0
CWE-250,2008,-0.0,0,0
CWE-252,2008,-0.0,0,0
CWE-253,2008,-0.0,0,0
CWE-254,2008,0.021554949264444203,32,2
CWE-255,2008,0.07805530627963209,28,48
CWE-256,2008,-0.0,0,0
CWE-257,2008,-0.0,0,0
CWE-258,2008,-0.0,0,0
CWE-259,2008,-0.0,0,0
CWE-260,2008,-0.0,0,0
CWE-261,2008,-0.0,0,0
CWE-262,2008,-0.0,0,0
CWE-263,2008,-0.0,0,0
CWE-264,2008,0.36471229044933073,50,429
CWE-265,2008,-0.0,0,0
CWE-266,2008,-0.0,0,0
CWE-267,2008,-0.0,0,0
CWE-268,2008,-0.0,0,0
CWE-269,2008,0.02479060239761595,39,2
CWE-270,2008,-0.0,0,0
CWE-271,2008,-0.0,0,0
CWE-272,2008,-0.0,0,0
CWE-273,2008,-0.0,0,0
CWE-274,2008,-0.0,0,0
CWE-275,2008,-0.0,0,0
CWE-276,2008,-0.0,0,0
CWE-277,2008,-0.0,0,0
CWE-278,2008,-0.0,0,0
CWE-279,2008,-0.0,0,0
CWE-280,2008,-0.0,0,0
CWE-281,2008,-0.0,0,0
CWE-282,2008,-0.0,0,0
CWE-283,2008,-0.0,0,0
CWE-284,2008,0.00556576762342323,10,1
CWE-285,2008,-0.0,0,0
CWE-286,2008,-0.0,0,0
CWE-287,2008,0.1944004728415825,47,138
CWE-288,2008,-0.0,0,0
CWE-289,2008,-0.0,0,0
CWE-290,2008,-0.0,0,0
CWE-291,2008,-0.0,0,0
CWE-292,2008,-0.0,0,0
CWE-294,2008,-0.0,0,0
CWE-295,2008,0.024123455166171082,40,1
CWE-296,2008,-0.0,0,0
CWE-297,2008,-0.0,0,0
CWE-298,2008,-0.0,0,0
CWE-299,2008,-0.0,0,0
CWE-300,2008,-0.0,0,0
CWE-302,2008,-0.0,0,0
CWE-303,2008,-0.0,0,0
CWE-304,2008,-0.0,0,0
CWE-305,2008,-0.0,0,0
CWE-306,2008,-0.0,0,0
CWE-307,2008,-0.0,0,0
CWE-308,2008,-0.0,0,0
CWE-309,2008,-0.0,0,0
CWE-310,2008,0.06121077166812986,32,34
CWE-311,2008,-0.0,0,0
CWE-312,2008,0.01722419820041849,39,2
CWE-313,2008,-0.0,0,0
CWE-315,2008,-0.0,0,0
CWE-316,2008,-0.0,0,0
CWE-317,2008,-0.0,0,0
CWE-319,2008,-0.0,0,4
CWE-320,2008,-0.0,0,0
CWE-321,2008,-0.0,0,0
CWE-322,2008,-0.0,0,0
CWE-323,2008,-0.0,0,0
CWE-324,2008,-0.0,0,0
CWE-325,2008,-0.0,0,0
CWE-326,2008,-0.0,0,0
CWE-327,2008,0.002454759834378321,12,2
CWE-328,2008,-0.0,0,0
CWE-329,2008,-0.0,0,0
CWE-330,2008,0.03407628846677006,19,8
CWE-331,2008,0.024918523148078575,39,2
CWE-332,2008,-0.0,0,0
CWE-333,2008,-0.0,0,0
CWE-334,2008,-0.0,0,0
CWE-335,2008,-0.0,0,0
CWE-336,2008,-0.0,0,0
CWE-337,2008,-0.0,0,0
CWE-338,2008,0.01742701387567565,35,1
CWE-339,2008,-0.0,0,0
CWE-340,2008,-0.0,0,0
CWE-341,2008,-0.0,0,0
CWE-342,2008,-0.0,0,0
CWE-343,2008,-0.0,0,0
CWE-344,2008,-0.0,0,0
CWE-345,2008,-0.0,0,0
CWE-346,2008,-0.0,0,0
CWE-347,2008,-0.0,0,0
CWE-348,2008,-0.0,0,0
CWE-349,2008,-0.0,0,0
CWE-350,2008,-0.0,0,0
CWE-351,2008,-0.0,0,0
CWE-352,2008,0.09979323471544425,45,75
CWE-353,2008,-0.0,0,0
CWE-354,2008,-0.0,0,0
CWE-356,2008,-0.0,0,0
CWE-357,2008,-0.0,0,0
CWE-358,2008,-0.0,0,0
CWE-359,2008,-0.0,0,0
CWE-361,2008,-0.0,0,0
CWE-362,2008,0.09211915074095539,50,19
CWE-363,2008,-0.0,0,0
CWE-364,2008,-0.0,0,0
CWE-366,2008,-0.0,0,0
CWE-367,2008,-0.0,0,0
CWE-369,2008,-0.0,0,0
CWE-371,2008,-0.0,0,0
CWE-372,2008,-0.0,0,0
CWE-377,2008,-0.0,0,0
CWE-378,2008,-0.0,0,0
CWE-379,2008,-0.0,0,0
CWE-384,2008,0.005774014221930927,21,1
CWE-385,2008,-0.0,0,0
CWE-386,2008,-0.0,0,0
CWE-388,2008,-0.0,0,0
CWE-390,2008,-0.0,0,0
CWE-391,2008,-0.0,0,0
CWE-392,2008,-0.0,0,0
CWE-393,2008,-0.0,0,0
CWE-394,2008,-0.0,0,0
CWE-395,2008,-0.0,0,0
CWE-396,2008,-0.0,0,0
CWE-399,2008,0.3089176658024788,50,282
CWE-400,2008,0.023384501789017027,39,3
CWE-401,2008,0.010285407461758881,31,1
CWE-402,2008,-0.0,0,0
CWE-403,2008,-0.0,0,0
CWE-404,2008,-0.0,0,0
CWE-405,2008,-0.0,0,0
CWE-406,2008,-0.0,0,0
CWE-407,2008,-0.0,0,0
CWE-408,2008,-0.0,0,0
CWE-409,2008,-0.0,0,0
CWE-410,2008,-0.0,0,0
CWE-412,2008,-0.0,0,0
CWE-413,2008,-0.0,0,0
CWE-414,2008,-0.0,0,0
CWE-415,2008,0.010881909021712861,23,1
CWE-416,2008,0.015077661200210202,22,3
CWE-417,2008,-0.0,0,0
CWE-419,2008,-0.0,0,0
CWE-420,2008,-0.0,0,0
CWE-421,2008,-0.0,0,0
CWE-422,2008,-0.0,0,0
CWE-424,2008,-0.0,0,0
CWE-425,2008,-0.0,0,0
CWE-426,2008,-0.0,0,1
CWE-427,2008,-0.0,0,0
CWE-428,2008,-0.0,0,0
CWE-430,2008,-0.0,0,0
CWE-431,2008,-0.0,0,0
CWE-433,2008,-0.0,0,0
CWE-434,2008,-0.0,0,0
CWE-435,2008,-0.0,0,0
CWE-436,2008,-0.0,0,0
CWE-437,2008,-0.0,0,0
CWE-440,2008,-0.0,0,0
CWE-441,2008,-0.0,0,0
CWE-444,2008,-0.0,0,0
CWE-446,2008,-0.0,0,0
CWE-447,2008,-0.0,0,0
CWE-448,2008,-0.0,0,0
CWE-449,2008,-0.0,0,0
CWE-450,2008,-0.0,0,0
CWE-451,2008,-0.0,0,0
CWE-453,2008,-0.0,0,0
CWE-454,2008,-0.0,0,0
CWE-455,2008,-0.0,0,0
CWE-456,2008,-0.0,0,0
CWE-457,2008,-0.0,0,0
CWE-459,2008,-0.0,0,0
CWE-460,2008,-0.0,0,0
CWE-462,2008,-0.0,0,0
CWE-463,2008,-0.0,0,0
CWE-465,2008,-0.0,0,0
CWE-466,2008,-0.0,0,0
CWE-467,2008,-0.0,0,0
CWE-468,2008,-0.0,0,0
CWE-469,2008,-0.0,0,0
CWE-470,2008,-0.0,0,0
CWE-471,2008,-0.0,0,0
CWE-472,2008,-0.0,0,0
CWE-473,2008,-0.0,0,0
CWE-474,2008,-0.0,0,0
CWE-475,2008,-0.0,0,0
CWE-476,2008,0.04963542082548904,43,4
CWE-477,2008,-0.0,0,0
CWE-479,2008,-0.0,0,0
CWE-480,2008,-0.0,0,0
CWE-484,2008,-0.0,0,0
CWE-488,2008,-0.0,0,0
CWE-489,2008,-0.0,0,0
CWE-491,2008,-0.0,0,0
CWE-494,2008,0.008024846545159088,21,2
CWE-495,2008,-0.0,0,0
CWE-497,2008,-0.0,0,0
CWE-501,2008,-0.0,0,0
CWE-502,2008,-0.0,0,0
CWE-506,2008,-0.0,0,0
CWE-507,2008,-0.0,0,0
CWE-514,2008,-0.0,0,0
CWE-520,2008,-0.0,0,0
CWE-521,2008,-0.0,0,0
CWE-522,2008,-0.0,0,0
CWE-523,2008,-0.0,0,0
CWE-524,2008,-0.0,0,0
CWE-525,2008,-0.0,0,0
CWE-526,2008,-0.0,0,0
CWE-527,2008,-0.0,0,0
CWE-530,2008,-0.0,0,0
CWE-531,2008,-0.0,0,0
CWE-532,2008,-0.0,0,0
CWE-533,2008,-0.0,0,0
CWE-534,2008,-0.0,0,0
CWE-538,2008,-0.0,0,0
CWE-539,2008,-0.0,0,0
CWE-540,2008,-0.0,0,0
CWE-544,2008,-0.0,0,0
CWE-547,2008,-0.0,0,0
CWE-548,2008,-0.0,0,0
CWE-549,2008,-0.0,0,0
CWE-550,2008,-0.0,0,0
CWE-551,2008,-0.0,0,0
CWE-552,2008,-0.0,0,0
CWE-553,2008,-0.0,0,0
CWE-555,2008,-0.0,0,0
CWE-556,2008,-0.0,0,0
CWE-557,2008,-0.0,0,0
CWE-561,2008,-0.0,0,0
CWE-562,2008,-0.0,0,0
CWE-563,2008,-0.0,0,0
CWE-564,2008,-0.0,0,0
CWE-565,2008,0.000495094274831239,1,1
CWE-566,2008,-0.0,0,0
CWE-567,2008,-0.0,0,0
CWE-570,2008,-0.0,0,0
CWE-571,2008,-0.0,0,0
CWE-573,2008,-0.0,0,0
CWE-590,2008,-0.0,0,0
CWE-591,2008,-0.0,0,0
CWE-592,2008,-0.0,0,0
CWE-597,2008,-0.0,0,0
CWE-598,2008,-0.0,0,0
CWE-599,2008,-0.0,0,0
CWE-600,2008,-0.0,0,0
CWE-601,2008,0.004259440893537408,20,3
CWE-602,2008,-0.0,0,0
CWE-603,2008,-0.0,0,0
CWE-605,2008,-0.0,0,0
CWE-606,2008,-0.0,0,0
CWE-610,2008,-0.0,0,0
CWE-611,2008,-0.0,0,0
CWE-612,2008,-0.0,0,0
CWE-613,2008,-0.0,0,0
CWE-614,2008,-0.0,0,0
CWE-615,2008,-0.0,0,0
CWE-616,2008,-0.0,0,0
CWE-617,2008,-0.0,0,0
CWE-618,2008,-0.0,0,0
CWE-620,2008,-0.0,0,0
CWE-622,2008,-0.0,0,0
CWE-623,2008,-0.0,0,0
CWE-624,2008,-0.0,0,0
CWE-625,2008,-0.0,0,0
CWE-626,2008,-0.0,0,0
CWE-627,2008,-0.0,0,0
CWE-628,2008,-0.0,0,0
CWE-636,2008,-0.0,0,0
CWE-639,2008,-0.0,0,0
CWE-640,2008,-0.0,0,0
CWE-641,2008,-0.0,0,0
CWE-642,2008,-0.0,0,0
CWE-643,2008,-0.0,0,0
CWE-644,2008,-0.0,0,0
CWE-645,2008,-0.0,0,0
CWE-646,2008,-0.0,0,0
CWE-647,2008,-0.0,0,0
CWE-648,2008,-0.0,0,0
CWE-649,2008,-0.0,0,0
CWE-650,2008,-0.0,0,0
CWE-653,2008,-0.0,0,0
CWE-655,2008,-0.0,0,0
CWE-656,2008,-0.0,0,0
CWE-657,2008,-0.0,0,0
CWE-662,2008,-0.0,0,0
CWE-664,2008,-0.0,0,0
CWE-665,2008,0.035967082220774854,44,2
CWE-666,2008,-0.0,0,0
CWE-667,2008,0.01912236741976307,37,1
CWE-668,2008,-0.0,0,0
CWE-669,2008,-0.0,0,0
CWE-670,2008,-0.0,0,0
CWE-671,2008,-0.0,0,0
CWE-672,2008,-0.0,0,0
CWE-673,2008,-0.0,0,0
CWE-674,2008,-0.0,0,0
CWE-675,2008,-0.0,0,0
CWE-676,2008,-0.0,0,0
CWE-680,2008,-0.0,0,0
CWE-681,2008,0.020263693323339656,39,2
CWE-682,2008,-0.0,0,0
CWE-683,2008,-0.0,0,0
CWE-684,2008,-0.0,0,0
CWE-686,2008,-0.0,0,0
CWE-688,2008,-0.0,0,0
CWE-689,2008,-0.0,0,0
CWE-690,2008,-0.0,0,0
CWE-691,2008,-0.0,0,0
CWE-692,2008,-0.0,0,0
CWE-693,2008,-0.0,0,0
CWE-694,2008,-0.0,0,0
CWE-696,2008,-0.0,0,0
CWE-697,2008,-0.0,0,0
CWE-698,2008,-0.0,0,0
CWE-701,2008,-0.0,0,0
CWE-703,2008,-0.0,0,0
CWE-704,2008,-0.0,0,0
CWE-705,2008,-0.0,0,0
CWE-706,2008,-0.0,0,0
CWE-707,2008,-0.0,0,0
CWE-708,2008,-0.0,0,0
CWE-710,2008,-0.0,0,0
CWE-732,2008,0.012894722883632123,18,5
CWE-733,2008,-0.0,0,0
CWE-749,2008,-0.0,0,0
CWE-754,2008,-0.0,0,0
CWE-755,2008,-0.0,0,0
CWE-757,2008,-0.0,0,0
CWE-758,2008,-0.0,0,0
CWE-759,2008,-0.0,0,0
CWE-760,2008,-0.0,0,0
CWE-761,2008,-0.0,0,0
CWE-762,2008,-0.0,0,0
CWE-763,2008,-0.0,0,0
CWE-767,2008,-0.0,0,0
CWE-768,2008,-0.0,0,0
CWE-769,2008,-0.0,0,0
CWE-770,2008,0.022636750958585274,38,3
CWE-771,2008,-0.0,0,0
CWE-772,2008,0.0020841303264503624,5,2
CWE-774,2008,-0.0,0,0
CWE-775,2008,-0.0,0,0
CWE-776,2008,0.04182696703523416,43,1
CWE-777,2008,-0.0,0,0
CWE-778,2008,-0.0,0,0
CWE-779,2008,-0.0,0,0
CWE-780,2008,-0.0,0,0
CWE-782,2008,-0.0,0,0
CWE-783,2008,-0.0,0,0
CWE-784,2008,-0.0,0,0
CWE-786,2008,-0.0,0,0
CWE-787,2008,0.06104764655490635,46,6
CWE-788,2008,-0.0,0,0
CWE-789,2008,-0.0,0,0
CWE-790,2008,-0.0,0,0
CWE-791,2008,-0.0,0,0
CWE-792,2008,-0.0,0,0
CWE-794,2008,-0.0,0,0
CWE-798,2008,0.00087083289018948,2,3
CWE-799,2008,-0.0,0,0
CWE-804,2008,-0.0,0,0
CWE-805,2008,-0.0,0,0
CWE-807,2008,-0.0,0,0
CWE-820,2008,-0.0,0,0
CWE-821,2008,-0.0,0,0
CWE-822,2008,-0.0,0,0
CWE-823,2008,-0.0,0,0
CWE-824,2008,-0.0,0,0
CWE-825,2008,-0.0,0,0
CWE-826,2008,-0.0,0,0
CWE-828,2008,-0.0,0,0
CWE-829,2008,-0.0,0,0
CWE-830,2008,-0.0,0,0
CWE-832,2008,-0.0,0,0
CWE-833,2008,-0.0,0,0
CWE-834,2008,-0.0,0,0
CWE-835,2008,-0.0,0,0
CWE-836,2008,-0.0,0,0
CWE-837,2008,-0.0,0,0
CWE-838,2008,-0.0,0,0
CWE-839,2008,-0.0,0,0
CWE-840,2008,-0.0,0,0
CWE-841,2008,-0.0,0,0
CWE-842,2008,-0.0,0,0
CWE-843,2008,-0.0,0,0
CWE-862,2008,-0.0,0,0
CWE-863,2008,0.023992886708118517,43,3
CWE-882,2008,-0.0,0,0
CWE-908,2008,0.05863160937625229,48,6
CWE-909,2008,-0.0,0,0
CWE-910,2008,-0.0,0,0
CWE-911,2008,-0.0,0,0
CWE-912,2008,-0.0,0,0
CWE-913,2008,-0.0,0,0
CWE-914,2008,-0.0,0,0
CWE-915,2008,-0.0,0,0
CWE-916,2008,-0.0,0,1
CWE-917,2008,-0.0,0,0
CWE-918,2008,-0.0,0,0
CWE-920,2008,-0.0,0,0
CWE-921,2008,-0.0,0,0
CWE-922,2008,-0.0,0,0
CWE-923,2008,-0.0,0,0
CWE-924,2008,-0.0,0,0
CWE-925,2008,-0.0,0,0
CWE-926,2008,-0.0,0,0
CWE-927,2008,-0.0,0,0
CWE-939,2008,-0.0,0,0
CWE-940,2008,-0.0,0,0
CWE-941,2008,-0.0,0,0
CWE-942,2008,-0.0,0,0
CWE-943,2008,-0.0,0,0
CWE-1004,2008,-0.0,0,0
CWE-1007,2008,-0.0,0,0
CWE-1018,2008,-0.0,0,0
CWE-1021,2008,0.005425234997497418,10,1
CWE-1022,2008,-0.0,0,0
CWE-1023,2008,-0.0,0,0
CWE-1025,2008,-0.0,0,0
CWE-1026,2008,-0.0,0,0
CWE-1027,2008,-0.0,0,0
CWE-1032,2008,-0.0,0,0
CWE-1035,2008,-0.0,0,0
CWE-1037,2008,-0.0,0,0
CWE-1038,2008,-0.0,0,0
CWE-1039,2008,-0.0,0,0
CWE-1046,2008,-0.0,0,0
CWE-1049,2008,-0.0,0,0
CWE-1050,2008,-0.0,0,0
CWE-1059,2008,-0.0,0,0
CWE-1068,2008,-0.0,0,0
CWE-1072,2008,-0.0,0,0
CWE-1076,2008,-0.0,0,0
CWE-1077,2008,-0.0,0,0
CWE-1088,2008,-0.0,0,0
CWE-1100,2008,-0.0,0,0
CWE-1102,2008,-0.0,0,0
CWE-1103,2008,-0.0,0,0
CWE-1104,2008,-0.0,0,0
CWE-1106,2008,-0.0,0,0
CWE-1108,2008,-0.0,0,0
CWE-1112,2008,-0.0,0,0
CWE-1116,2008,-0.0,0,0
CWE-1119,2008,-0.0,0,0
CWE-1124,2008,-0.0,0,0
CWE-1125,2008,-0.0,0,0
CWE-1149,2008,-0.0,0,0
CWE-1164,2008,-0.0,0,0
CWE-1173,2008,-0.0,0,0
CWE-1174,2008,-0.0,0,0
CWE-1176,2008,-0.0,0,0
CWE-1187,2008,-0.0,0,0
CWE-1188,2008,-0.0,0,0
CWE-1189,2008,-0.0,0,0
CWE-1191,2008,-0.0,0,0
CWE-1204,2008,-0.0,0,0
CWE-1220,2008,-0.0,0,0
CWE-1223,2008,-0.0,0,0
CWE-1230,2008,-0.0,0,0
CWE-1231,2008,-0.0,0,0
CWE-1233,2008,-0.0,0,0
CWE-1234,2008,-0.0,0,0
CWE-1236,2008,-0.0,0,0
CWE-1240,2008,-0.0,0,0
CWE-1241,2008,-0.0,0,0
CWE-1242,2008,-0.0,0,0
CWE-1244,2008,-0.0,0,0
CWE-1245,2008,-0.0,0,0
CWE-1246,2008,-0.0,0,0
CWE-1247,2008,-0.0,0,0
CWE-1250,2008,-0.0,0,0
CWE-1251,2008,-0.0,0,0
CWE-1254,2008,-0.0,0,0
CWE-1255,2008,-0.0,0,0
CWE-1256,2008,-0.0,0,0
CWE-1257,2008,-0.0,0,0
CWE-1258,2008,-0.0,0,0
CWE-1259,2008,-0.0,0,0
CWE-1260,2008,-0.0,0,0
CWE-1262,2008,-0.0,0,0
CWE-1263,2008,-0.0,0,0
CWE-1264,2008,-0.0,0,0
CWE-1268,2008,-0.0,0,0
CWE-1270,2008,-0.0,0,0
CWE-1274,2008,-0.0,0,0
CWE-1275,2008,-0.0,0,0
CWE-1276,2008,-0.0,0,0
CWE-1277,2008,-0.0,0,0
CWE-1278,2008,-0.0,0,0
CWE-1280,2008,-0.0,0,0
CWE-1281,2008,-0.0,0,0
CWE-1282,2008,-0.0,0,0
CWE-1283,2008,-0.0,0,0
CWE-1284,2008,0.012609263000782496,29,2
CWE-1285,2008,-0.0,0,0
CWE-1286,2008,-0.0,0,0
CWE-1287,2008,-0.0,0,0
CWE-1288,2008,-0.0,0,0
CWE-1289,2008,-0.0,0,0
CWE-1294,2008,-0.0,0,0
CWE-1295,2008,-0.0,0,0
CWE-1298,2008,-0.0,0,0
CWE-1299,2008,-0.0,0,0
CWE-1300,2008,-0.0,0,0
CWE-1301,2008,-0.0,0,0
CWE-1303,2008,-0.0,0,0
CWE-1304,2008,-0.0,0,0
CWE-1310,2008,-0.0,0,0
CWE-1312,2008,-0.0,0,0
CWE-1313,2008,-0.0,0,0
CWE-1314,2008,-0.0,0,0
CWE-1316,2008,-0.0,0,0
CWE-1319,2008,-0.0,0,0
CWE-1320,2008,-0.0,0,0
CWE-1321,2008,-0.0,0,0
CWE-1322,2008,-0.0,0,0
CWE-1323,2008,-0.0,0,0
CWE-1325,2008,-0.0,0,0
CWE-1326,2008,-0.0,0,0
CWE-1327,2008,-0.0,0,0
CWE-1328,2008,-0.0,0,0
CWE-1329,2008,-0.0,0,0
CWE-1330,2008,-0.0,0,0
CWE-1332,2008,-0.0,0,0
CWE-1333,2008,-0.0,0,0
CWE-1334,2008,-0.0,0,0
CWE-1335,2008,-0.0,0,0
CWE-1336,2008,-0.0,0,0
CWE-1342,2008,-0.0,0,0
CWE-1357,2008,-0.0,0,0
CWE-1366,2008,-0.0,0,0
CWE-1384,2008,-0.0,0,0
CWE-1385,2008,-0.0,0,0
CWE-1386,2008,-0.0,0,0
CWE-1389,2008,-0.0,0,0
CWE-1390,2008,-0.0,0,0
CWE-1391,2008,-0.0,0,0
CWE-1392,2008,-0.0,0,0
CWE-1393,2008,-0.0,0,0
CWE-1394,2008,-0.0,0,0
CWE-1,2009,0.0,0,0
CWE-5,2009,0.0,0,0
CWE-14,2009,0.0,0,0
CWE-15,2009,0.0,0,0
CWE-16,2009,0.15069425298838063,50,49
CWE-17,2009,-1.1102230246251565e-16,0,0
CWE-18,2009,5.551115123125783e-17,0,0
CWE-19,2009,0.0,0,0
CWE-20,2009,0.2963479091402533,49,300
CWE-21,2009,0.0,0,0
CWE-22,2009,0.1719583740412494,28,321
CWE-23,2009,0.0,0,0
CWE-24,2009,0.0,0,0
CWE-25,2009,0.0,0,0
CWE-26,2009,0.0,0,0
CWE-27,2009,0.0,0,0
CWE-28,2009,0.0,0,0
CWE-29,2009,0.0,0,0
CWE-31,2009,0.0,0,0
CWE-32,2009,0.0,0,0
CWE-35,2009,0.0,0,0
CWE-36,2009,0.0,0,0
CWE-37,2009,0.0,0,0
CWE-38,2009,0.0,0,0
CWE-40,2009,0.0,0,0
CWE-41,2009,0.0,0,0
CWE-42,2009,0.0,0,0
CWE-43,2009,0.0,0,0
CWE-46,2009,0.0,0,0
CWE-50,2009,0.0,0,0
CWE-55,2009,0.0,0,0
CWE-57,2009,0.0,0,0
CWE-59,2009,0.07548260012954969,47,32
CWE-61,2009,0.0,0,0
CWE-64,2009,0.0,0,0
CWE-65,2009,0.0,0,0
CWE-66,2009,0.0,0,0
CWE-67,2009,0.0,0,0
CWE-69,2009,0.0,0,0
CWE-73,2009,0.0,0,0
CWE-74,2009,0.000364991542899179,2,1
CWE-75,2009,0.0,0,0
CWE-76,2009,0.0,0,0
CWE-77,2009,0.0,0,0
CWE-78,2009,0.013113384913744268,32,18
CWE-79,2009,0.3712516968359659,46,822
CWE-80,2009,0.0,0,0
CWE-81,2009,0.0,0,0
CWE-82,2009,0.0,0,0
CWE-83,2009,0.0,0,0
CWE-84,2009,0.0,0,0
CWE-85,2009,0.0,0,0
CWE-86,2009,0.0,0,0
CWE-87,2009,0.0,0,0
CWE-88,2009,0.0,0,0
CWE-89,2009,0.2344349721762131,34,948
CWE-90,2009,0.0,0,0
CWE-91,2009,0.0,0,0
CWE-92,2009,0.0,0,0
CWE-93,2009,0.0,0,0
CWE-94,2009,0.25227884069356965,42,315
CWE-95,2009,0.0,0,0
CWE-96,2009,0.0,0,0
CWE-97,2009,0.0,0,0
CWE-98,2009,0.0,0,0
CWE-99,2009,0.0,0,0
CWE-112,2009,0.0,0,0
CWE-113,2009,0.0,0,0
CWE-114,2009,0.0,0,0
CWE-115,2009,0.0,0,0
CWE-116,2009,0.0,0,0
CWE-117,2009,0.0,0,0
CWE-118,2009,0.0,0,0
CWE-119,2009,0.2814373927917998,48,549
CWE-120,2009,0.03141769174677367,40,4
CWE-121,2009,0.0,0,0
CWE-122,2009,0.0,0,0
CWE-123,2009,0.0,0,0
CWE-124,2009,0.0,0,0
CWE-125,2009,0.005493099940249678,13,1
CWE-126,2009,0.0,0,0
CWE-127,2009,0.0,0,0
CWE-128,2009,0.0,0,0
CWE-129,2009,0.0371329711223065,42,1
CWE-130,2009,0.0,0,0
CWE-131,2009,0.0,0,0
CWE-134,2009,0.032220774397470564,27,28
CWE-138,2009,0.0,0,0
CWE-140,2009,0.0,0,0
CWE-141,2009,0.0,0,0
CWE-142,2009,0.0,0,0
CWE-143,2009,0.0,0,0
CWE-144,2009,0.0,0,0
CWE-145,2009,0.0,0,0
CWE-146,2009,0.0,0,0
CWE-147,2009,0.0,0,0
CWE-148,2009,0.0,0,0
CWE-149,2009,0.0,0,0
CWE-150,2009,0.0,0,0
CWE-153,2009,0.0,0,0
CWE-155,2009,0.0,0,0
CWE-156,2009,0.0,0,0
CWE-158,2009,0.0,0,0
CWE-159,2009,0.0,0,0
CWE-162,2009,0.0,0,0
CWE-164,2009,0.0,0,0
CWE-166,2009,0.0,0,0
CWE-167,2009,0.0,0,0
CWE-168,2009,0.0,0,0
CWE-170,2009,0.0,0,0
CWE-172,2009,0.0,0,0
CWE-173,2009,0.0,0,0
CWE-174,2009,0.0,0,0
CWE-176,2009,0.0,0,0
CWE-177,2009,0.0,0,0
CWE-178,2009,0.0,0,0
CWE-179,2009,0.0,0,0
CWE-180,2009,0.0,0,0
CWE-183,2009,0.0,0,0
CWE-184,2009,0.0,0,0
CWE-185,2009,0.0,0,0
CWE-186,2009,0.0,0,0
CWE-187,2009,0.0,0,0
CWE-188,2009,0.0,0,0
CWE-189,2009,0.23266538535901202,45,149
CWE-190,2009,0.057063097031296875,45,5
CWE-191,2009,0.0,0,0
CWE-192,2009,0.0,0,0
CWE-193,2009,0.0,0,1
CWE-194,2009,0.0,0,0
CWE-195,2009,0.0,0,0
CWE-196,2009,0.0,0,0
CWE-197,2009,0.0,0,0
CWE-198,2009,0.0,0,0
CWE-199,2009,0.0,0,0
CWE-200,2009,0.24662569879519217,48,160
CWE-201,2009,0.0,0,0
CWE-202,2009,0.0,0,0
CWE-203,2009,0.0,0,0
CWE-204,2009,0.0,0,0
CWE-207,2009,0.0,0,0
CWE-208,2009,0.0,0,0
CWE-209,2009,0.0,0,0
CWE-212,2009,0.0,0,0
CWE-213,2009,0.0,0,0
CWE-214,2009,0.0,0,0
CWE-215,2009,0.0,0,0
CWE-216,2009,0.0,0,0
CWE-219,2009,0.0,0,0
CWE-221,2009,0.0,0,0
CWE-223,2009,0.0,0,0
CWE-226,2009,0.0,0,0
CWE-227,2009,0.0,0,0
CWE-228,2009,0.0,0,0
CWE-229,2009,0.0,0,0
CWE-230,2009,0.0,0,0
CWE-231,2009,0.0,0,0
CWE-232,2009,0.0,0,0
CWE-233,2009,0.0,0,0
CWE-235,2009,0.0,0,0
CWE-236,2009,0.0,0,0
CWE-237,2009,0.0,0,0
CWE-239,2009,0.0,0,0
CWE-240,2009,0.0,0,0
CWE-241,2009,0.0,0,0
CWE-242,2009,0.0,0,0
CWE-244,2009,0.0,0,0
CWE-248,2009,0.0,0,0
CWE-250,2009,0.0,0,0
CWE-252,2009,0.0007444394789233228,2,1
CWE-253,2009,0.0,0,0
CWE-254,2009,0.0,0,0
CWE-255,2009,0.10753774249847872,33,63
CWE-256,2009,0.0,0,0
CWE-257,2009,0.0,0,0
CWE-258,2009,0.0,0,0
CWE-259,2009,0.0,0,0
CWE-260,2009,0.0,0,0
CWE-261,2009,0.0,0,0
CWE-262,2009,0.0,0,0
CWE-263,2009,0.0,0,0
CWE-264,2009,0.39924668667757746,51,407
CWE-265,2009,0.0,0,0
CWE-266,2009,0.0,0,0
CWE-267,2009,0.0,0,0
CWE-268,2009,0.0,0,0
CWE-269,2009,0.047138994791477457,42,2
CWE-270,2009,0.0,0,0
CWE-271,2009,0.0,0,0
CWE-272,2009,0.0,0,0
CWE-273,2009,0.0,0,0
CWE-274,2009,0.0,0,0
CWE-275,2009,0.0,0,0
CWE-276,2009,0.0,0,0
CWE-277,2009,0.0,0,0
CWE-278,2009,0.0,0,0
CWE-279,2009,0.0,0,0
CWE-280,2009,0.0,0,0
CWE-281,2009,0.0,0,0
CWE-282,2009,0.0,0,0
CWE-283,2009,0.0,0,0
CWE-284,2009,0.005169118132326661,11,1
CWE-285,2009,0.0,0,0
CWE-286,2009,0.0,0,0
CWE-287,2009,0.2050783481198487,51,209
CWE-288,2009,0.0,0,0
CWE-289,2009,0.0,0,0
CWE-290,2009,0.0,0,1
CWE-291,2009,0.0,0,0
CWE-292,2009,0.0,0,0
CWE-294,2009,0.0,0,0
CWE-295,2009,0.061559512315676856,46,5
CWE-296,2009,0.0,0,0
CWE-297,2009,0.0,0,0
CWE-298,2009,0.0,0,0
CWE-299,2009,0.0,0,0
CWE-300,2009,0.0,0,0
CWE-302,2009,0.0,0,0
CWE-303,2009,0.0,0,0
CWE-304,2009,0.0,0,0
CWE-305,2009,0.0,0,0
CWE-306,2009,0.0024735230789212992,7,2
CWE-307,2009,0.0,0,0
CWE-308,2009,0.0,0,0
CWE-309,2009,0.0,0,0
CWE-310,2009,0.1417521423737799,43,78
CWE-311,2009,0.0,0,0
CWE-312,2009,0.02249326941002449,35,7
CWE-313,2009,0.0,0,0
CWE-315,2009,0.0,0,0
CWE-316,2009,0.0,0,0
CWE-317,2009,0.0,0,0
CWE-319,2009,0.0,0,0
CWE-320,2009,0.0,0,0
CWE-321,2009,0.0,0,0
CWE-322,2009,0.0,0,0
CWE-323,2009,0.0,0,0
CWE-324,2009,0.0,0,0
CWE-325,2009,0.0,0,0
CWE-326,2009,0.01845932529968876,40,1
CWE-327,2009,4.706623755376323e-05,1,1
CWE-328,2009,0.0,0,0
CWE-329,2009,0.0,0,0
CWE-330,2009,0.009664853454630954,29,2
CWE-331,2009,0.0,0,0
CWE-332,2009,0.0,0,0
CWE-333,2009,0.0,0,0
CWE-334,2009,0.0,0,0
CWE-335,2009,0.0,0,0
CWE-336,2009,0.0,0,0
CWE-337,2009,0.0,0,0
CWE-338,2009,0.023780106191577194,37,3
CWE-339,2009,0.0,0,0
CWE-340,2009,0.0,0,0
CWE-341,2009,0.0,0,0
CWE-342,2009,0.0,0,0
CWE-343,2009,0.0,0,0
CWE-344,2009,0.0,0,0
CWE-345,2009,0.0,0,0
CWE-346,2009,0.030956057302241977,40,1
CWE-347,2009,0.0,0,0
CWE-348,2009,0.0,0,0
CWE-349,2009,0.0,0,0
CWE-350,2009,0.0,0,0
CWE-351,2009,0.0,0,0
CWE-352,2009,0.2669760607160633,40,113
CWE-353,2009,0.0,0,0
CWE-354,2009,0.0,0,0
CWE-356,2009,0.0,0,0
CWE-357,2009,0.0,0,0
CWE-358,2009,0.0,0,0
CWE-359,2009,0.0,0,0
CWE-361,2009,0.0,0,0
CWE-362,2009,0.10153414420384242,47,32
CWE-363,2009,0.0,0,0
CWE-364,2009,0.0,0,0
CWE-366,2009,0.0,0,0
CWE-367,2009,0.0,0,0
CWE-369,2009,2.6198855197134238e-05,1,1
CWE-371,2009,0.0,0,0
CWE-372,2009,0.0,0,0
CWE-377,2009,0.0,0,0
CWE-378,2009,0.0,0,0
CWE-379,2009,0.0,0,0
CWE-384,2009,0.0,0,0
CWE-385,2009,0.0,0,0
CWE-386,2009,0.0,0,0
CWE-388,2009,0.0,0,0
CWE-390,2009,0.0,0,0
CWE-391,2009,0.0,0,0
CWE-392,2009,0.0,0,0
CWE-393,2009,0.0,0,0
CWE-394,2009,0.0,0,0
CWE-395,2009,0.0,0,0
CWE-396,2009,0.0,0,0
CWE-399,2009,0.2093629557264699,42,214
CWE-400,2009,0.04660478526415487,43,6
CWE-401,2009,0.015922733123890934,35,2
CWE-402,2009,0.0,0,0
CWE-403,2009,0.0,0,0
CWE-404,2009,0.0,0,0
CWE-405,2009,0.0,0,0
CWE-406,2009,0.0,0,0
CWE-407,2009,0.0,0,0
CWE-408,2009,0.0,0,0
CWE-409,2009,0.0,0,0
CWE-410,2009,0.0,0,0
CWE-412,2009,0.0,0,0
CWE-413,2009,0.0,0,0
CWE-414,2009,0.0,0,0
CWE-415,2009,0.0,0,0
CWE-416,2009,0.07800436450120053,45,6
CWE-417,2009,0.0,0,0
CWE-419,2009,0.0,0,0
CWE-420,2009,0.0,0,0
CWE-421,2009,0.0,0,0
CWE-422,2009,0.0,0,0
CWE-424,2009,0.0,0,0
CWE-425,2009,0.0,0,0
CWE-426,2009,0.011337655612863864,34,2
CWE-427,2009,0.0,0,0
CWE-428,2009,0.0,0,0
CWE-430,2009,0.0,0,0
CWE-431,2009,0.0,0,0
CWE-433,2009,0.0,0,0
CWE-434,2009,0.0,0,0
CWE-435,2009,0.0,0,0
CWE-436,2009,0.0,0,0
CWE-437,2009,0.0,0,0
CWE-440,2009,0.0,0,0
CWE-441,2009,0.0,0,0
CWE-444,2009,0.0,0,0
CWE-446,2009,0.0,0,0
CWE-447,2009,0.0,0,0
CWE-448,2009,0.0,0,0
CWE-449,2009,0.0,0,0
CWE-450,2009,0.0,0,0
CWE-451,2009,0.0,0,0
CWE-453,2009,0.0,0,0
CWE-454,2009,0.0,0,0
CWE-455,2009,0.0,0,0
CWE-456,2009,0.0,0,0
CWE-457,2009,0.0,0,0
CWE-459,2009,0.0,0,0
CWE-460,2009,0.0,0,0
CWE-462,2009,0.0,0,0
CWE-463,2009,0.0,0,0
CWE-465,2009,0.0,0,0
CWE-466,2009,0.0,0,0
CWE-467,2009,0.0,0,0
CWE-468,2009,0.0,0,0
CWE-469,2009,0.0,0,0
CWE-470,2009,0.0,0,0
CWE-471,2009,0.0,0,0
CWE-472,2009,0.0,0,0
CWE-473,2009,0.0,0,0
CWE-474,2009,0.0,0,0
CWE-475,2009,0.0,0,0
CWE-476,2009,0.047807816341629915,43,8
CWE-477,2009,0.0,0,0
CWE-479,2009,0.0,0,0
CWE-480,2009,0.0,0,0
CWE-484,2009,0.0,0,0
CWE-488,2009,0.0,0,0
CWE-489,2009,0.0,0,0
CWE-491,2009,0.0,0,0
CWE-494,2009,0.0,0,0
CWE-495,2009,0.0,0,0
CWE-497,2009,0.0,0,0
CWE-501,2009,0.0,0,0
CWE-502,2009,0.0,0,0
CWE-506,2009,0.0,0,0
CWE-507,2009,0.0,0,0
CWE-514,2009,0.0,0,0
CWE-520,2009,0.0,0,0
CWE-521,2009,0.0,0,0
CWE-522,2009,0.0,0,0
CWE-523,2009,0.0,0,0
CWE-524,2009,0.0,0,0
CWE-525,2009,0.0,0,0
CWE-526,2009,0.0,0,0
CWE-527,2009,0.0,0,0
CWE-530,2009,0.0,0,0
CWE-531,2009,0.0,0,0
CWE-532,2009,0.0,0,0
CWE-533,2009,0.0,0,0
CWE-534,2009,0.0,0,0
CWE-538,2009,0.0,0,0
CWE-539,2009,0.0,0,0
CWE-540,2009,0.0,0,0
CWE-544,2009,0.0,0,0
CWE-547,2009,0.0,0,0
CWE-548,2009,0.0,0,0
CWE-549,2009,0.0,0,0
CWE-550,2009,0.0,0,0
CWE-551,2009,0.0,0,0
CWE-552,2009,0.0,0,1
CWE-553,2009,0.0,0,0
CWE-555,2009,0.0,0,0
CWE-556,2009,0.0,0,0
CWE-557,2009,0.0,0,0
CWE-561,2009,0.0,0,0
CWE-562,2009,0.0,0,0
CWE-563,2009,0.0,0,0
CWE-564,2009,0.0,0,0
CWE-565,2009,0.0,0,0
CWE-566,2009,0.0,0,0
CWE-567,2009,0.0,0,0
CWE-570,2009,0.0,0,0
CWE-571,2009,0.0,0,0
CWE-573,2009,0.0,0,0
CWE-590,2009,0.0,0,0
CWE-591,2009,0.0,0,0
CWE-592,2009,0.0,0,0
CWE-597,2009,0.0,0,0
CWE-598,2009,0.0,0,0
CWE-599,2009,0.0,0,0
CWE-600,2009,0.0,0,0
CWE-601,2009,0.004045746387109113,10,1
CWE-602,2009,0.0,0,0
CWE-603,2009,0.0,0,0
CWE-605,2009,0.0,0,0
CWE-606,2009,0.0,0,0
CWE-610,2009,0.0,0,0
CWE-611,2009,0.02573155377270935,39,1
CWE-612,2009,0.0,0,0
CWE-613,2009,0.0,0,0
CWE-614,2009,0.0,0,0
CWE-615,2009,0.0,0,0
CWE-616,2009,0.0,0,0
CWE-617,2009,0.0,0,0
CWE-618,2009,0.0,0,0
CWE-620,2009,0.0,0,0
CWE-622,2009,0.0,0,0
CWE-623,2009,0.0,0,0
CWE-624,2009,0.0,0,0
CWE-625,2009,0.0,0,0
CWE-626,2009,0.0,0,0
CWE-627,2009,0.0,0,0
CWE-628,2009,0.0,0,0
CWE-636,2009,0.0,0,0
CWE-639,2009,0.0,0,0
CWE-640,2009,0.0,0,0
CWE-641,2009,0.0,0,0
CWE-642,2009,0.0,0,0
CWE-643,2009,0.0,0,0
CWE-644,2009,0.0,0,0
CWE-645,2009,0.0,0,0
CWE-646,2009,0.0,0,0
CWE-647,2009,0.0,0,0
CWE-648,2009,0.0,0,0
CWE-649,2009,0.0,0,0
CWE-650,2009,0.0,0,0
CWE-653,2009,0.0,0,0
CWE-655,2009,0.0,0,0
CWE-656,2009,0.0,0,0
CWE-657,2009,0.0,0,0
CWE-662,2009,0.0,0,0
CWE-664,2009,0.0,0,0
CWE-665,2009,0.0,0,0
CWE-666,2009,0.0,0,0
CWE-667,2009,0.03269376589813229,42,6
CWE-668,2009,0.0,0,0
CWE-669,2009,0.0,0,0
CWE-670,2009,0.0,0,0
CWE-671,2009,0.0,0,0
CWE-672,2009,0.0,0,0
CWE-673,2009,0.0,0,0
CWE-674,2009,0.0,0,0
CWE-675,2009,0.0,0,0
CWE-676,2009,0.0,0,0
CWE-680,2009,0.0,0,0
CWE-681,2009,0.026679209467440807,15,1
CWE-682,2009,0.0,0,0
CWE-683,2009,0.0,0,0
CWE-684,2009,0.0,0,0
CWE-686,2009,0.0,0,0
CWE-688,2009,0.0,0,0
CWE-689,2009,0.0,0,0
CWE-690,2009,0.0,0,0
CWE-691,2009,0.0,0,0
CWE-692,2009,0.0,0,0
CWE-693,2009,0.0,0,0
CWE-694,2009,0.0,0,0
CWE-696,2009,0.0,0,0
CWE-697,2009,0.0,0,0
CWE-698,2009,0.0,0,0
CWE-701,2009,0.0,0,0
CWE-703,2009,0.0,0,0
CWE-704,2009,0.0,0,0
CWE-705,2009,0.0,0,0
CWE-706,2009,0.0,0,0
CWE-707,2009,0.0,0,0
CWE-708,2009,0.0,0,0
CWE-710,2009,0.0,0,0
CWE-732,2009,0.057126131685092015,44,10
CWE-733,2009,0.0,0,0
CWE-749,2009,0.0,0,0
CWE-754,2009,0.0,0,0
CWE-755,2009,0.0,0,0
CWE-757,2009,0.0,0,0
CWE-758,2009,0.0,0,0
CWE-759,2009,0.0,0,0
CWE-760,2009,0.0,0,0
CWE-761,2009,0.0,0,0
CWE-762,2009,0.0,0,0
CWE-763,2009,0.0,0,0
CWE-767,2009,0.0,0,0
CWE-768,2009,0.0,0,0
CWE-769,2009,0.0,0,0
CWE-770,2009,0.022540805339068937,35,4
CWE-771,2009,0.0,0,0
CWE-772,2009,0.01957621978810559,35,2
CWE-774,2009,0.0,0,0
CWE-775,2009,0.0,0,0
CWE-776,2009,0.029759439909744324,42,1
CWE-777,2009,0.0,0,0
CWE-778,2009,0.0,0,0
CWE-779,2009,0.0,0,0
CWE-780,2009,0.0,0,0
CWE-782,2009,0.0,0,0
CWE-783,2009,0.0,0,0
CWE-784,2009,0.0,0,0
CWE-786,2009,0.0,0,0
CWE-787,2009,0.07565492139773536,45,13
CWE-788,2009,0.0,0,0
CWE-789,2009,0.0,0,0
CWE-790,2009,0.0,0,0
CWE-791,2009,0.0,0,0
CWE-792,2009,0.0,0,0
CWE-794,2009,0.0,0,0
CWE-798,2009,0.0,0,0
CWE-799,2009,0.0,0,0
CWE-804,2009,0.0,0,0
CWE-805,2009,0.0,0,0
CWE-807,2009,0.0,0,0
CWE-820,2009,0.0,0,0
CWE-821,2009,0.0,0,0
CWE-822,2009,0.0,0,0
CWE-823,2009,0.0,0,0
CWE-824,2009,0.052381230447137626,44,4
CWE-825,2009,0.0,0,0
CWE-826,2009,0.0,0,0
CWE-828,2009,0.0,0,0
CWE-829,2009,0.0,0,0
CWE-830,2009,0.0,0,0
CWE-832,2009,0.0,0,0
CWE-833,2009,0.0,0,0
CWE-834,2009,0.0,0,0
CWE-835,2009,0.015041953316999885,36,2
CWE-836,2009,0.0,0,0
CWE-837,2009,0.0,0,0
CWE-838,2009,0.0,0,0
CWE-839,2009,0.0,0,0
CWE-840,2009,0.0,0,0
CWE-841,2009,0.0,0,0
CWE-842,2009,0.0,0,0
CWE-843,2009,0.0,0,0
CWE-862,2009,0.001830981629614305,4,4
CWE-863,2009,0.012520607951935738,30,4
CWE-882,2009,0.0,0,0
CWE-908,2009,0.046037789486421156,44,2
CWE-909,2009,0.017471808375659193,33,1
CWE-910,2009,0.0,0,0
CWE-911,2009,0.0,0,0
CWE-912,2009,0.0,0,0
CWE-913,2009,0.0,0,0
CWE-914,2009,0.0,0,0
CWE-915,2009,0.0,0,0
CWE-916,2009,0.0,0,0
CWE-917,2009,0.0,0,0
CWE-918,2009,0.0,0,0
CWE-920,2009,0.0,0,0
CWE-921,2009,0.0,0,0
CWE-922,2009,0.0,0,0
CWE-923,2009,0.0,0,0
CWE-924,2009,0.0,0,0
CWE-925,2009,0.0,0,0
CWE-926,2009,0.0,0,0
CWE-927,2009,0.0,0,0
CWE-939,2009,0.0,0,0
CWE-940,2009,0.0,0,0
CWE-941,2009,0.0,0,0
CWE-942,2009,0.0,0,0
CWE-943,2009,0.0,0,0
CWE-1004,2009,0.0,0,0
CWE-1007,2009,0.0,0,0
CWE-1018,2009,0.0,0,0
CWE-1021,2009,0.0,0,0
CWE-1022,2009,0.0,0,0
CWE-1023,2009,0.0,0,0
CWE-1025,2009,0.0,0,0
CWE-1026,2009,0.0,0,0
CWE-1027,2009,0.0,0,0
CWE-1032,2009,0.0,0,0
CWE-1035,2009,0.0,0,0
CWE-1037,2009,0.0,0,0
CWE-1038,2009,0.0,0,0
CWE-1039,2009,0.0,0,0
CWE-1046,2009,0.0,0,0
CWE-1049,2009,0.0,0,0
CWE-1050,2009,0.0,0,0
CWE-1059,2009,0.0,0,0
CWE-1068,2009,0.0,0,0
CWE-1072,2009,0.0,0,0
CWE-1076,2009,0.0,0,0
CWE-1077,2009,0.0,0,0
CWE-1088,2009,0.0,0,0
CWE-1100,2009,0.0,0,0
CWE-1102,2009,0.0,0,0
CWE-1103,2009,0.0,0,0
CWE-1104,2009,0.0,0,0
CWE-1106,2009,0.0,0,0
CWE-1108,2009,0.0,0,0
CWE-1112,2009,0.0,0,0
CWE-1116,2009,0.0,0,0
CWE-1119,2009,0.0,0,0
CWE-1124,2009,0.0,0,0
CWE-1125,2009,0.0,0,0
CWE-1149,2009,0.0,0,0
CWE-1164,2009,0.0,0,0
CWE-1173,2009,0.0,0,0
CWE-1174,2009,0.0,0,0
CWE-1176,2009,0.0,0,0
CWE-1187,2009,0.0,0,0
CWE-1188,2009,0.0,0,0
CWE-1189,2009,0.0,0,0
CWE-1191,2009,0.0,0,0
CWE-1204,2009,0.0,0,0
CWE-1220,2009,0.0,0,0
CWE-1223,2009,0.0,0,0
CWE-1230,2009,0.0,0,0
CWE-1231,2009,0.0,0,0
CWE-1233,2009,0.0,0,0
CWE-1234,2009,0.0,0,0
CWE-1236,2009,0.0,0,0
CWE-1240,2009,0.0,0,0
CWE-1241,2009,0.0,0,0
CWE-1242,2009,0.0,0,0
CWE-1244,2009,0.0,0,0
CWE-1245,2009,0.0,0,0
CWE-1246,2009,0.0,0,0
CWE-1247,2009,0.0,0,0
CWE-1250,2009,0.0,0,0
CWE-1251,2009,0.0,0,0
CWE-1254,2009,0.0,0,0
CWE-1255,2009,0.0,0,0
CWE-1256,2009,0.0,0,0
CWE-1257,2009,0.0,0,0
CWE-1258,2009,0.0,0,0
CWE-1259,2009,0.0,0,0
CWE-1260,2009,0.0,0,0
CWE-1262,2009,0.0,0,0
CWE-1263,2009,0.0,0,0
CWE-1264,2009,0.0,0,0
CWE-1268,2009,0.0,0,0
CWE-1270,2009,0.0,0,0
CWE-1274,2009,0.0,0,0
CWE-1275,2009,0.0,0,0
CWE-1276,2009,0.0,0,0
CWE-1277,2009,0.0,0,0
CWE-1278,2009,0.0,0,0
CWE-1280,2009,0.0,0,0
CWE-1281,2009,0.0,0,0
CWE-1282,2009,0.0,0,0
CWE-1283,2009,0.0,0,0
CWE-1284,2009,0.0,0,0
CWE-1285,2009,0.0,0,0
CWE-1286,2009,0.0,0,0
CWE-1287,2009,0.0,0,0
CWE-1288,2009,0.0,0,0
CWE-1289,2009,0.0,0,0
CWE-1294,2009,0.0,0,0
CWE-1295,2009,0.0,0,0
CWE-1298,2009,0.0,0,0
CWE-1299,2009,0.0,0,0
CWE-1300,2009,0.0,0,0
CWE-1301,2009,0.0,0,0
CWE-1303,2009,0.0,0,0
CWE-1304,2009,0.0,0,0
CWE-1310,2009,0.0,0,0
CWE-1312,2009,0.0,0,0
CWE-1313,2009,0.0,0,0
CWE-1314,2009,0.0,0,0
CWE-1316,2009,0.0,0,0
CWE-1319,2009,0.0,0,0
CWE-1320,2009,0.0,0,0
CWE-1321,2009,0.0,0,0
CWE-1322,2009,0.0,0,0
CWE-1323,2009,0.0,0,0
CWE-1325,2009,0.0,0,0
CWE-1326,2009,0.0,0,0
CWE-1327,2009,0.0,0,0
CWE-1328,2009,0.0,0,0
CWE-1329,2009,0.0,0,0
CWE-1330,2009,0.0,0,0
CWE-1332,2009,0.0,0,0
CWE-1333,2009,0.0,0,0
CWE-1334,2009,0.0,0,0
CWE-1335,2009,0.0,0,0
CWE-1336,2009,0.0,0,0
CWE-1342,2009,0.0,0,0
CWE-1357,2009,0.0,0,0
CWE-1366,2009,0.0,0,0
CWE-1384,2009,0.0,0,0
CWE-1385,2009,0.0,0,0
CWE-1386,2009,0.0,0,0
CWE-1389,2009,0.0,0,0
CWE-1390,2009,0.0,0,0
CWE-1391,2009,0.0,0,0
CWE-1392,2009,0.0,0,0
CWE-1393,2009,0.0,0,0
CWE-1394,2009,0.0,0,0
CWE-1,2010,-0.0,0,0
CWE-5,2010,-0.0,0,0
CWE-14,2010,-0.0,0,0
CWE-15,2010,-0.0,0,0
CWE-16,2010,0.07648806138710558,31,24
CWE-17,2010,0.00454425504026168,2,1
CWE-18,2010,-5.551115123125783e-17,0,0
CWE-19,2010,0.0017470251673319392,2,1
CWE-20,2010,0.33644578621509863,51,284
CWE-21,2010,-0.0,0,0
CWE-22,2010,0.1689871892680729,42,274
CWE-23,2010,-0.0,0,0
CWE-24,2010,-0.0,0,0
CWE-25,2010,-0.0,0,0
CWE-26,2010,-0.0,0,0
CWE-27,2010,-0.0,0,0
CWE-28,2010,-0.0,0,0
CWE-29,2010,-0.0,0,0
CWE-31,2010,-0.0,0,0
CWE-32,2010,-0.0,0,0
CWE-35,2010,-0.0,0,0
CWE-36,2010,-0.0,0,0
CWE-37,2010,-0.0,0,0
CWE-38,2010,-0.0,0,0
CWE-40,2010,-0.0,0,0
CWE-41,2010,-0.0,0,0
CWE-42,2010,-0.0,0,0
CWE-43,2010,-0.0,0,0
CWE-46,2010,-0.0,0,0
CWE-50,2010,-0.0,0,0
CWE-55,2010,-0.0,0,0
CWE-57,2010,-0.0,0,0
CWE-59,2010,0.04386319177149651,35,25
CWE-61,2010,-0.0,0,0
CWE-64,2010,-0.0,0,0
CWE-65,2010,-0.0,0,0
CWE-66,2010,-0.0,0,0
CWE-67,2010,-0.0,0,0
CWE-69,2010,-0.0,0,0
CWE-73,2010,-0.0,0,0
CWE-74,2010,-0.0,0,0
CWE-75,2010,-0.0,0,0
CWE-76,2010,-0.0,0,0
CWE-77,2010,0.02767225315541041,28,2
CWE-78,2010,0.033789001128481266,14,13
CWE-79,2010,0.30337078988045874,47,594
CWE-80,2010,-0.0,0,0
CWE-81,2010,-0.0,0,0
CWE-82,2010,-0.0,0,0
CWE-83,2010,-0.0,0,0
CWE-84,2010,-0.0,0,0
CWE-85,2010,-0.0,0,0
CWE-86,2010,-0.0,0,0
CWE-87,2010,-0.0,0,0
CWE-88,2010,-0.0,0,0
CWE-89,2010,0.12841401774028777,13,515
CWE-90,2010,-0.0,0,0
CWE-91,2010,-0.0,0,0
CWE-92,2010,-0.0,0,0
CWE-93,2010,-0.0,0,0
CWE-94,2010,0.27876210936830487,48,249
CWE-95,2010,-0.0,0,0
CWE-96,2010,-0.0,0,0
CWE-97,2010,-0.0,0,0
CWE-98,2010,-0.0,0,0
CWE-99,2010,-0.0,0,0
CWE-112,2010,-0.0,0,0
CWE-113,2010,-0.0,0,0
CWE-114,2010,-0.0,0,0
CWE-115,2010,-0.0,0,0
CWE-116,2010,-0.0,0,0
CWE-117,2010,-0.0,0,0
CWE-118,2010,-0.0,0,0
CWE-119,2010,0.3467510235055635,51,505
CWE-120,2010,0.1406999998812905,47,9
CWE-121,2010,-0.0,0,0
CWE-122,2010,-0.0,0,0
CWE-123,2010,-0.0,0,0
CWE-124,2010,-0.0,0,0
CWE-125,2010,0.028881828726947528,33,1
CWE-126,2010,-0.0,0,0
CWE-127,2010,-0.0,0,0
CWE-128,2010,-0.0,0,0
CWE-129,2010,0.029597942810070804,34,1
CWE-130,2010,-0.0,0,0
CWE-131,2010,-0.0,0,0
CWE-134,2010,0.05317886269954267,31,15
CWE-138,2010,-0.0,0,0
CWE-140,2010,-0.0,0,0
CWE-141,2010,-0.0,0,0
CWE-142,2010,-0.0,0,0
CWE-143,2010,-0.0,0,0
CWE-144,2010,-0.0,0,0
CWE-145,2010,-0.0,0,0
CWE-146,2010,-0.0,0,0
CWE-147,2010,-0.0,0,0
CWE-148,2010,-0.0,0,0
CWE-149,2010,-0.0,0,0
CWE-150,2010,-0.0,0,0
CWE-153,2010,-0.0,0,0
CWE-155,2010,-0.0,0,0
CWE-156,2010,-0.0,0,0
CWE-158,2010,-0.0,0,0
CWE-159,2010,-0.0,0,0
CWE-162,2010,-0.0,0,0
CWE-164,2010,-0.0,0,0
CWE-166,2010,-0.0,0,0
CWE-167,2010,-0.0,0,0
CWE-168,2010,-0.0,0,0
CWE-170,2010,-0.0,0,0
CWE-172,2010,-0.0,0,0
CWE-173,2010,-0.0,0,0
CWE-174,2010,-0.0,0,0
CWE-176,2010,-0.0,0,0
CWE-177,2010,-0.0,0,0
CWE-178,2010,-0.0,0,0
CWE-179,2010,-0.0,0,0
CWE-180,2010,-0.0,0,0
CWE-183,2010,-0.0,0,0
CWE-184,2010,-0.0,0,0
CWE-185,2010,-0.0,0,0
CWE-186,2010,-0.0,0,0
CWE-187,2010,-0.0,0,0
CWE-188,2010,-0.0,0,0
CWE-189,2010,0.23608384506337046,48,132
CWE-190,2010,0.1228724127559529,45,18
CWE-191,2010,0.033849010812802435,36,2
CWE-192,2010,-0.0,0,0
CWE-193,2010,0.05816724060493051,41,2
CWE-194,2010,-0.0,0,0
CWE-195,2010,-0.0,0,0
CWE-196,2010,-0.0,0,0
CWE-197,2010,-0.0,0,0
CWE-198,2010,-0.0,0,0
CWE-199,2010,-0.0,0,0
CWE-200,2010,0.29386612557307323,49,158
CWE-201,2010,-0.0,0,0
CWE-202,2010,-0.0,0,0
CWE-203,2010,-0.0,0,0
CWE-204,2010,-0.0,0,0
CWE-207,2010,-0.0,0,0
CWE-208,2010,-0.0,0,0
CWE-209,2010,0.0015129273053553127,2,1
CWE-212,2010,-0.0,0,0
CWE-213,2010,-0.0,0,0
CWE-214,2010,-0.0,0,0
CWE-215,2010,-0.0,0,0
CWE-216,2010,-0.0,0,0
CWE-219,2010,-0.0,0,0
CWE-221,2010,-0.0,0,0
CWE-223,2010,-0.0,0,0
CWE-226,2010,-0.0,0,0
CWE-227,2010,-0.0,0,0
CWE-228,2010,-0.0,0,0
CWE-229,2010,-0.0,0,0
CWE-230,2010,-0.0,0,0
CWE-231,2010,-0.0,0,0
CWE-232,2010,-0.0,0,0
CWE-233,2010,-0.0,0,0
CWE-235,2010,-0.0,0,0
CWE-236,2010,-0.0,0,0
CWE-237,2010,-0.0,0,0
CWE-239,2010,-0.0,0,0
CWE-240,2010,-0.0,0,0
CWE-241,2010,-0.0,0,0
CWE-242,2010,-0.0,0,0
CWE-244,2010,-0.0,0,0
CWE-248,2010,-0.0,0,0
CWE-250,2010,-0.0,0,0
CWE-252,2010,0.02989035544159912,36,1
CWE-253,2010,-0.0,0,0
CWE-254,2010,-0.0,0,0
CWE-255,2010,0.09214823050011588,35,50
CWE-256,2010,-0.0,0,0
CWE-257,2010,-0.0,0,0
CWE-258,2010,-0.0,0,0
CWE-259,2010,-0.0,0,0
CWE-260,2010,-0.0,0,0
CWE-261,2010,-0.0,0,0
CWE-262,2010,-0.0,0,0
CWE-263,2010,-0.0,0,0
CWE-264,2010,0.3357615446458211,52,328
CWE-265,2010,-0.0,0,0
CWE-266,2010,-0.0,0,0
CWE-267,2010,-0.0,0,0
CWE-268,2010,-0.0,0,0
CWE-269,2010,0.047186948268909866,34,3
CWE-270,2010,-0.0,0,0
CWE-271,2010,-0.0,0,0
CWE-272,2010,-0.0,0,0
CWE-273,2010,-0.0,0,0
CWE-274,2010,-0.0,0,0
CWE-275,2010,-0.0,0,0
CWE-276,2010,-0.0,0,1
CWE-277,2010,-0.0,0,0
CWE-278,2010,-0.0,0,0
CWE-279,2010,-0.0,0,0
CWE-280,2010,-0.0,0,0
CWE-281,2010,-0.0,0,0
CWE-282,2010,-0.0,0,0
CWE-283,2010,-0.0,0,0
CWE-284,2010,-0.0,0,0
CWE-285,2010,-0.0,0,0
CWE-286,2010,-0.0,0,0
CWE-287,2010,0.09436353507164569,39,75
CWE-288,2010,-0.0,0,0
CWE-289,2010,-0.0,0,0
CWE-290,2010,-0.0,0,0
CWE-291,2010,-0.0,0,0
CWE-292,2010,-0.0,0,0
CWE-294,2010,-0.0,0,0
CWE-295,2010,0.018139281068716928,26,2
CWE-296,2010,-0.0,0,0
CWE-297,2010,-0.0,0,0
CWE-298,2010,-0.0,0,0
CWE-299,2010,-0.0,0,0
CWE-300,2010,-0.0,0,0
CWE-302,2010,-0.0,0,0
CWE-303,2010,-0.0,0,0
CWE-304,2010,-0.0,0,0
CWE-305,2010,-0.0,0,0
CWE-306,2010,-0.0,0,0
CWE-307,2010,-0.0,0,0
CWE-308,2010,-0.0,0,0
CWE-309,2010,-0.0,0,0
CWE-310,2010,0.1696655687303698,34,66
CWE-311,2010,-0.0,0,0
CWE-312,2010,-0.0,0,1
CWE-313,2010,-0.0,0,0
CWE-315,2010,-0.0,0,0
CWE-316,2010,-0.0,0,0
CWE-317,2010,-0.0,0,0
CWE-319,2010,-0.0,0,0
CWE-320,2010,-0.0,0,0
CWE-321,2010,-0.0,0,0
CWE-322,2010,-0.0,0,0
CWE-323,2010,-0.0,0,0
CWE-324,2010,-0.0,0,0
CWE-325,2010,-0.0,0,0
CWE-326,2010,-0.0,0,0
CWE-327,2010,-0.0,0,0
CWE-328,2010,-0.0,0,0
CWE-329,2010,-0.0,0,0
CWE-330,2010,-0.0,0,0
CWE-331,2010,-0.0,0,0
CWE-332,2010,-0.0,0,0
CWE-333,2010,-0.0,0,0
CWE-334,2010,-0.0,0,0
CWE-335,2010,-0.0,0,0
CWE-336,2010,-0.0,0,0
CWE-337,2010,-0.0,0,0
CWE-338,2010,-0.0,0,0
CWE-339,2010,-0.0,0,0
CWE-340,2010,-0.0,0,0
CWE-341,2010,-0.0,0,0
CWE-342,2010,-0.0,0,0
CWE-343,2010,-0.0,0,0
CWE-344,2010,-0.0,0,0
CWE-345,2010,-0.0,0,0
CWE-346,2010,-0.0,0,0
CWE-347,2010,-0.0,0,0
CWE-348,2010,-0.0,0,0
CWE-349,2010,-0.0,0,0
CWE-350,2010,-0.0,0,0
CWE-351,2010,-0.0,0,0
CWE-352,2010,0.09276122528236423,38,75
CWE-353,2010,-0.0,0,0
CWE-354,2010,-0.0,0,0
CWE-356,2010,-0.0,0,0
CWE-357,2010,-0.0,0,0
CWE-358,2010,-0.0,0,0
CWE-359,2010,-0.0,0,0
CWE-361,2010,-0.0,0,0
CWE-362,2010,0.14236097546872117,46,32
CWE-363,2010,-0.0,0,0
CWE-364,2010,-0.0,0,0
CWE-366,2010,-0.0,0,0
CWE-367,2010,-0.0,0,0
CWE-369,2010,0.031133536712178833,27,1
CWE-371,2010,-0.0,0,0
CWE-372,2010,-0.0,0,0
CWE-377,2010,-0.0,0,0
CWE-378,2010,-0.0,0,0
CWE-379,2010,-0.0,0,0
CWE-384,2010,-0.0,0,0
CWE-385,2010,-0.0,0,0
CWE-386,2010,-0.0,0,0
CWE-388,2010,-0.0,0,0
CWE-390,2010,-0.0,0,0
CWE-391,2010,-0.0,0,0
CWE-392,2010,-0.0,0,0
CWE-393,2010,-0.0,0,0
CWE-394,2010,-0.0,0,0
CWE-395,2010,-0.0,0,0
CWE-396,2010,-0.0,0,0
CWE-399,2010,0.27044549112483246,48,192
CWE-400,2010,0.05637452461610469,40,5
CWE-401,2010,0.09570200469768368,40,2
CWE-402,2010,-0.0,0,0
CWE-403,2010,-0.0,0,0
CWE-404,2010,0.009775823502709346,24,1
CWE-405,2010,-0.0,0,0
CWE-406,2010,-0.0,0,0
CWE-407,2010,-0.0,0,0
CWE-408,2010,-0.0,0,0
CWE-409,2010,-0.0,0,0
CWE-410,2010,-0.0,0,0
CWE-412,2010,-0.0,0,0
CWE-413,2010,-0.0,0,0
CWE-414,2010,-0.0,0,0
CWE-415,2010,0.10573774716641733,46,2
CWE-416,2010,0.15349070125147635,47,25
CWE-417,2010,-0.0,0,0
CWE-419,2010,-0.0,0,0
CWE-420,2010,-0.0,0,0
CWE-421,2010,-0.0,0,0
CWE-422,2010,-0.0,0,0
CWE-424,2010,-0.0,0,0
CWE-425,2010,-0.0,0,0
CWE-426,2010,0.0036278262006355175,7,2
CWE-427,2010,-0.0,0,0
CWE-428,2010,-0.0,0,0
CWE-430,2010,-0.0,0,0
CWE-431,2010,-0.0,0,0
CWE-433,2010,-0.0,0,0
CWE-434,2010,-0.0,0,0
CWE-435,2010,-0.0,0,0
CWE-436,2010,-0.0,0,0
CWE-437,2010,-0.0,0,0
CWE-440,2010,-0.0,0,0
CWE-441,2010,-0.0,0,0
CWE-444,2010,-0.0,0,0
CWE-446,2010,-0.0,0,0
CWE-447,2010,-0.0,0,0
CWE-448,2010,-0.0,0,0
CWE-449,2010,-0.0,0,0
CWE-450,2010,-0.0,0,0
CWE-451,2010,-0.0,0,0
CWE-453,2010,-0.0,0,0
CWE-454,2010,-0.0,0,0
CWE-455,2010,-0.0,0,0
CWE-456,2010,-0.0,0,0
CWE-457,2010,-0.0,0,0
CWE-459,2010,-0.0,0,0
CWE-460,2010,-0.0,0,0
CWE-462,2010,-0.0,0,0
CWE-463,2010,-0.0,0,0
CWE-465,2010,-0.0,0,0
CWE-466,2010,-0.0,0,0
CWE-467,2010,-0.0,0,0
CWE-468,2010,-0.0,0,0
CWE-469,2010,-0.0,0,0
CWE-470,2010,-0.0,0,0
CWE-471,2010,-0.0,0,0
CWE-472,2010,-0.0,0,0
CWE-473,2010,-0.0,0,0
CWE-474,2010,-0.0,0,0
CWE-475,2010,-0.0,0,0
CWE-476,2010,0.10282722767981202,43,17
CWE-477,2010,-0.0,0,0
CWE-479,2010,-0.0,0,0
CWE-480,2010,-0.0,0,0
CWE-484,2010,-0.0,0,0
CWE-488,2010,-0.0,0,0
CWE-489,2010,-0.0,0,0
CWE-491,2010,-0.0,0,0
CWE-494,2010,-0.0,0,0
CWE-495,2010,-0.0,0,0
CWE-497,2010,-0.0,0,0
CWE-501,2010,-0.0,0,0
CWE-502,2010,0.010989374962022751,24,2
CWE-506,2010,-0.0,0,0
CWE-507,2010,-0.0,0,0
CWE-514,2010,-0.0,0,0
CWE-520,2010,-0.0,0,0
CWE-521,2010,-0.0,0,0
CWE-522,2010,-0.0,0,0
CWE-523,2010,-0.0,0,0
CWE-524,2010,-0.0,0,0
CWE-525,2010,-0.0,0,0
CWE-526,2010,-0.0,0,0
CWE-527,2010,-0.0,0,0
CWE-530,2010,-0.0,0,0
CWE-531,2010,-0.0,0,0
CWE-532,2010,-0.0,0,0
CWE-533,2010,-0.0,0,0
CWE-534,2010,-0.0,0,0
CWE-538,2010,-0.0,0,0
CWE-539,2010,-0.0,0,0
CWE-540,2010,-0.0,0,0
CWE-544,2010,-0.0,0,0
CWE-547,2010,-0.0,0,0
CWE-548,2010,-0.0,0,0
CWE-549,2010,-0.0,0,0
CWE-550,2010,-0.0,0,0
CWE-551,2010,-0.0,0,0
CWE-552,2010,-0.0,0,0
CWE-553,2010,-0.0,0,0
CWE-555,2010,-0.0,0,0
CWE-556,2010,-0.0,0,0
CWE-557,2010,-0.0,0,0
CWE-561,2010,-0.0,0,0
CWE-562,2010,-0.0,0,0
CWE-563,2010,-0.0,0,0
CWE-564,2010,-0.0,0,0
CWE-565,2010,-0.0,0,0
CWE-566,2010,-0.0,0,0
CWE-567,2010,-0.0,0,0
CWE-570,2010,-0.0,0,0
CWE-571,2010,-0.0,0,0
CWE-573,2010,-0.0,0,0
CWE-590,2010,-0.0,0,0
CWE-591,2010,-0.0,0,0
CWE-592,2010,-0.0,0,0
CWE-597,2010,-0.0,0,0
CWE-598,2010,-0.0,0,0
CWE-599,2010,-0.0,0,0
CWE-600,2010,-0.0,0,0
CWE-601,2010,-0.0,0,0
CWE-602,2010,-0.0,0,0
CWE-603,2010,-0.0,0,0
CWE-605,2010,-0.0,0,0
CWE-606,2010,-0.0,0,0
CWE-610,2010,-0.0,0,0
CWE-611,2010,0.0012276290954840558,2,1
CWE-612,2010,-0.0,0,0
CWE-613,2010,-0.0,0,0
CWE-614,2010,-0.0,0,0
CWE-615,2010,-0.0,0,0
CWE-616,2010,-0.0,0,0
CWE-617,2010,0.009775823502709344,24,1
CWE-618,2010,-0.0,0,0
CWE-620,2010,-0.0,0,0
CWE-622,2010,-0.0,0,0
CWE-623,2010,-0.0,0,0
CWE-624,2010,-0.0,0,0
CWE-625,2010,-0.0,0,0
CWE-626,2010,-0.0,0,0
CWE-627,2010,-0.0,0,0
CWE-628,2010,-0.0,0,0
CWE-636,2010,-0.0,0,0
CWE-639,2010,-0.0,0,0
CWE-640,2010,-0.0,0,0
CWE-641,2010,-0.0,0,0
CWE-642,2010,-0.0,0,0
CWE-643,2010,-0.0,0,0
CWE-644,2010,-0.0,0,0
CWE-645,2010,-0.0,0,0
CWE-646,2010,-0.0,0,0
CWE-647,2010,-0.0,0,0
CWE-648,2010,-0.0,0,0
CWE-649,2010,-0.0,0,0
CWE-650,2010,-0.0,0,0
CWE-653,2010,-0.0,0,0
CWE-655,2010,-0.0,0,0
CWE-656,2010,-0.0,0,0
CWE-657,2010,-0.0,0,0
CWE-662,2010,-0.0,0,0
CWE-664,2010,-0.0,0,0
CWE-665,2010,0.013252440089987253,23,1
CWE-666,2010,-0.0,0,0
CWE-667,2010,0.021876063091893497,24,2
CWE-668,2010,-0.0,0,0
CWE-669,2010,-0.0,0,0
CWE-670,2010,-0.0,0,0
CWE-671,2010,-0.0,0,0
CWE-672,2010,-0.0,0,0
CWE-673,2010,-0.0,0,0
CWE-674,2010,-0.0,0,0
CWE-675,2010,-0.0,0,0
CWE-676,2010,-0.0,0,0
CWE-680,2010,-0.0,0,0
CWE-681,2010,0.029597942810070808,34,1
CWE-682,2010,-0.0,0,0
CWE-683,2010,-0.0,0,0
CWE-684,2010,-0.0,0,0
CWE-686,2010,-0.0,0,0
CWE-688,2010,-0.0,0,0
CWE-689,2010,-0.0,0,0
CWE-690,2010,-0.0,0,0
CWE-691,2010,-0.0,0,0
CWE-692,2010,-0.0,0,0
CWE-693,2010,-0.0,0,0
CWE-694,2010,-0.0,0,0
CWE-696,2010,-0.0,0,0
CWE-697,2010,-0.0,0,0
CWE-698,2010,-0.0,0,0
CWE-701,2010,-0.0,0,0
CWE-703,2010,-0.0,0,0
CWE-704,2010,0.027412078794357454,34,1
CWE-705,2010,-0.0,0,0
CWE-706,2010,-0.0,0,0
CWE-707,2010,-0.0,0,0
CWE-708,2010,-0.0,0,0
CWE-710,2010,-0.0,0,0
CWE-732,2010,-0.0,0,1
CWE-733,2010,-0.0,0,0
CWE-749,2010,-0.0,0,0
CWE-754,2010,-0.0,0,0
CWE-755,2010,-0.0,0,0
CWE-757,2010,-0.0,0,0
CWE-758,2010,-0.0,0,0
CWE-759,2010,-0.0,0,0
CWE-760,2010,-0.0,0,0
CWE-761,2010,-0.0,0,0
CWE-762,2010,-0.0,0,0
CWE-763,2010,-0.0,0,0
CWE-767,2010,-0.0,0,0
CWE-768,2010,-0.0,0,0
CWE-769,2010,-0.0,0,0
CWE-770,2010,-0.0,0,0
CWE-771,2010,-0.0,0,0
CWE-772,2010,-0.0,0,0
CWE-774,2010,-0.0,0,0
CWE-775,2010,-0.0,0,0
CWE-776,2010,-0.0,0,0
CWE-777,2010,-0.0,0,0
CWE-778,2010,-0.0,0,0
CWE-779,2010,-0.0,0,0
CWE-780,2010,-0.0,0,0
CWE-782,2010,-0.0,0,0
CWE-783,2010,-0.0,0,0
CWE-784,2010,-0.0,0,0
CWE-786,2010,-0.0,0,0
CWE-787,2010,0.1516199609670822,47,27
CWE-788,2010,-0.0,0,0
CWE-789,2010,-0.0,0,0
CWE-790,2010,-0.0,0,0
CWE-791,2010,-0.0,0,0
CWE-792,2010,-0.0,0,0
CWE-794,2010,-0.0,0,0
CWE-798,2010,-0.0,0,3
CWE-799,2010,-0.0,0,0
CWE-804,2010,-0.0,0,0
CWE-805,2010,-0.0,0,0
CWE-807,2010,-0.0,0,0
CWE-820,2010,-0.0,0,0
CWE-821,2010,-0.0,0,0
CWE-822,2010,-0.0,0,0
CWE-823,2010,-0.0,0,0
CWE-824,2010,0.003261776847419169,4,1
CWE-825,2010,-0.0,0,0
CWE-826,2010,-0.0,0,0
CWE-828,2010,-0.0,0,0
CWE-829,2010,-0.0,0,1
CWE-830,2010,-0.0,0,0
CWE-832,2010,-0.0,0,0
CWE-833,2010,-0.0,0,0
CWE-834,2010,-0.0,0,0
CWE-835,2010,0.02178742640469372,27,2
CWE-836,2010,-0.0,0,0
CWE-837,2010,-0.0,0,0
CWE-838,2010,-0.0,0,0
CWE-839,2010,-0.0,0,0
CWE-840,2010,-0.0,0,0
CWE-841,2010,-0.0,0,0
CWE-842,2010,-0.0,0,0
CWE-843,2010,0.025873472434710415,24,2
CWE-862,2010,-0.0,0,0
CWE-863,2010,0.020523144628638613,12,2
CWE-882,2010,-0.0,0,0
CWE-908,2010,0.005916297079805423,9,6
CWE-909,2010,0.05120687675927324,33,5
CWE-910,2010,-0.0,0,0
CWE-911,2010,-0.0,0,0
CWE-912,2010,-0.0,0,0
CWE-913,2010,-0.0,0,0
CWE-914,2010,-0.0,0,0
CWE-915,2010,-0.0,0,0
CWE-916,2010,-0.0,0,0
CWE-917,2010,0.001988105839441368,3,1
CWE-918,2010,0.0327365449809211,33,1
CWE-920,2010,-0.0,0,0
CWE-921,2010,-0.0,0,0
CWE-922,2010,-0.0,0,0
CWE-923,2010,-0.0,0,0
CWE-924,2010,-0.0,0,0
CWE-925,2010,-0.0,0,0
CWE-926,2010,-0.0,0,0
CWE-927,2010,-0.0,0,0
CWE-939,2010,-0.0,0,0
CWE-940,2010,-0.0,0,0
CWE-941,2010,-0.0,0,0
CWE-942,2010,-0.0,0,0
CWE-943,2010,-0.0,0,0
CWE-1004,2010,-0.0,0,0
CWE-1007,2010,-0.0,0,0
CWE-1018,2010,-0.0,0,0
CWE-1021,2010,-0.0,0,0
CWE-1022,2010,-0.0,0,0
CWE-1023,2010,-0.0,0,0
CWE-1025,2010,-0.0,0,0
CWE-1026,2010,-0.0,0,0
CWE-1027,2010,-0.0,0,0
CWE-1032,2010,-0.0,0,0
CWE-1035,2010,-0.0,0,0
CWE-1037,2010,-0.0,0,0
CWE-1038,2010,-0.0,0,0
CWE-1039,2010,-0.0,0,0
CWE-1046,2010,-0.0,0,0
CWE-1049,2010,-0.0,0,0
CWE-1050,2010,-0.0,0,0
CWE-1059,2010,-0.0,0,0
CWE-1068,2010,-0.0,0,0
CWE-1072,2010,-0.0,0,0
CWE-1076,2010,-0.0,0,0
CWE-1077,2010,-0.0,0,0
CWE-1088,2010,-0.0,0,0
CWE-1100,2010,-0.0,0,0
CWE-1102,2010,-0.0,0,0
CWE-1103,2010,-0.0,0,0
CWE-1104,2010,-0.0,0,0
CWE-1106,2010,-0.0,0,0
CWE-1108,2010,-0.0,0,0
CWE-1112,2010,-0.0,0,0
CWE-1116,2010,-0.0,0,0
CWE-1119,2010,-0.0,0,0
CWE-1124,2010,-0.0,0,0
CWE-1125,2010,-0.0,0,0
CWE-1149,2010,-0.0,0,0
CWE-1164,2010,-0.0,0,0
CWE-1173,2010,-0.0,0,0
CWE-1174,2010,-0.0,0,0
CWE-1176,2010,-0.0,0,0
CWE-1187,2010,-0.0,0,0
CWE-1188,2010,-0.0,0,0
CWE-1189,2010,-0.0,0,0
CWE-1191,2010,-0.0,0,0
CWE-1204,2010,-0.0,0,0
CWE-1220,2010,-0.0,0,0
CWE-1223,2010,-0.0,0,0
CWE-1230,2010,-0.0,0,0
CWE-1231,2010,-0.0,0,0
CWE-1233,2010,-0.0,0,0
CWE-1234,2010,-0.0,0,0
CWE-1236,2010,-0.0,0,0
CWE-1240,2010,-0.0,0,0
CWE-1241,2010,-0.0,0,0
CWE-1242,2010,-0.0,0,0
CWE-1244,2010,-0.0,0,0
CWE-1245,2010,-0.0,0,0
CWE-1246,2010,-0.0,0,0
CWE-1247,2010,-0.0,0,0
CWE-1250,2010,-0.0,0,0
CWE-1251,2010,-0.0,0,0
CWE-1254,2010,-0.0,0,0
CWE-1255,2010,-0.0,0,0
CWE-1256,2010,-0.0,0,0
CWE-1257,2010,-0.0,0,0
CWE-1258,2010,-0.0,0,0
CWE-1259,2010,-0.0,0,0
CWE-1260,2010,-0.0,0,0
CWE-1262,2010,-0.0,0,0
CWE-1263,2010,-0.0,0,0
CWE-1264,2010,-0.0,0,0
CWE-1268,2010,-0.0,0,0
CWE-1270,2010,-0.0,0,0
CWE-1274,2010,-0.0,0,0
CWE-1275,2010,-0.0,0,0
CWE-1276,2010,-0.0,0,0
CWE-1277,2010,-0.0,0,0
CWE-1278,2010,-0.0,0,0
CWE-1280,2010,-0.0,0,0
CWE-1281,2010,-0.0,0,0
CWE-1282,2010,-0.0,0,0
CWE-1283,2010,-0.0,0,0
CWE-1284,2010,0.04596190066725629,33,1
CWE-1285,2010,-0.0,0,0
CWE-1286,2010,-0.0,0,0
CWE-1287,2010,-0.0,0,0
CWE-1288,2010,-0.0,0,0
CWE-1289,2010,-0.0,0,0
CWE-1294,2010,-0.0,0,0
CWE-1295,2010,-0.0,0,0
CWE-1298,2010,-0.0,0,0
CWE-1299,2010,-0.0,0,0
CWE-1300,2010,-0.0,0,0
CWE-1301,2010,-0.0,0,0
CWE-1303,2010,-0.0,0,0
CWE-1304,2010,-0.0,0,0
CWE-1310,2010,-0.0,0,0
CWE-1312,2010,-0.0,0,0
CWE-1313,2010,-0.0,0,0
CWE-1314,2010,-0.0,0,0
CWE-1316,2010,-0.0,0,0
CWE-1319,2010,-0.0,0,0
CWE-1320,2010,-0.0,0,0
CWE-1321,2010,-0.0,0,0
CWE-1322,2010,-0.0,0,0
CWE-1323,2010,-0.0,0,0
CWE-1325,2010,-0.0,0,0
CWE-1326,2010,-0.0,0,0
CWE-1327,2010,-0.0,0,0
CWE-1328,2010,-0.0,0,0
CWE-1329,2010,-0.0,0,0
CWE-1330,2010,-0.0,0,0
CWE-1332,2010,-0.0,0,0
CWE-1333,2010,-0.0,0,0
CWE-1334,2010,-0.0,0,0
CWE-1335,2010,-0.0,0,0
CWE-1336,2010,-0.0,0,0
CWE-1342,2010,-0.0,0,0
CWE-1357,2010,-0.0,0,0
CWE-1366,2010,-0.0,0,0
CWE-1384,2010,-0.0,0,0
CWE-1385,2010,-0.0,0,0
CWE-1386,2010,-0.0,0,0
CWE-1389,2010,-0.0,0,0
CWE-1390,2010,-0.0,0,0
CWE-1391,2010,-0.0,0,0
CWE-1392,2010,-0.0,0,0
CWE-1393,2010,-0.0,0,0
CWE-1394,2010,-0.0,0,0
CWE-1,2011,0.0,0,0
CWE-5,2011,0.0,0,0
CWE-14,2011,0.0,0,0
CWE-15,2011,0.0,0,0
CWE-16,2011,0.09274623343946681,41,29
CWE-17,2011,2.220446049250313e-16,0,0
CWE-18,2011,0.0,0,0
CWE-19,2011,0.0,0,0
CWE-20,2011,0.3914320820680756,54,355
CWE-21,2011,0.0,0,0
CWE-22,2011,0.1444182520575338,41,106
CWE-23,2011,0.0,0,0
CWE-24,2011,0.0,0,0
CWE-25,2011,0.0,0,0
CWE-26,2011,0.0,0,0
CWE-27,2011,0.0,0,0
CWE-28,2011,0.0,0,0
CWE-29,2011,0.0,0,0
CWE-31,2011,0.0,0,0
CWE-32,2011,0.0,0,0
CWE-35,2011,0.0,0,0
CWE-36,2011,0.0,0,0
CWE-37,2011,0.0,0,0
CWE-38,2011,0.0,0,0
CWE-40,2011,0.0,0,0
CWE-41,2011,0.0,0,0
CWE-42,2011,0.0,0,0
CWE-43,2011,0.0,0,0
CWE-46,2011,0.0,0,0
CWE-50,2011,0.0,0,0
CWE-55,2011,0.0,0,0
CWE-57,2011,0.0,0,0
CWE-59,2011,0.04307347102285877,29,33
CWE-61,2011,0.0,0,0
CWE-64,2011,0.0,0,0
CWE-65,2011,0.0,0,0
CWE-66,2011,0.0,0,0
CWE-67,2011,0.0,0,0
CWE-69,2011,0.0,0,0
CWE-73,2011,0.0,0,0
CWE-74,2011,0.029207911533107412,34,2
CWE-75,2011,0.0,0,0
CWE-76,2011,0.0,0,0
CWE-77,2011,0.0,0,0
CWE-78,2011,0.0405923857061787,16,14
CWE-79,2011,0.3340262214580971,52,459
CWE-80,2011,0.0,0,0
CWE-81,2011,0.0,0,0
CWE-82,2011,0.0,0,0
CWE-83,2011,0.0,0,0
CWE-84,2011,0.0,0,0
CWE-85,2011,0.0,0,0
CWE-86,2011,0.0,0,0
CWE-87,2011,0.0,0,0
CWE-88,2011,0.0,0,0
CWE-89,2011,0.13080954988901475,34,289
CWE-90,2011,0.0,0,0
CWE-91,2011,0.0,0,0
CWE-92,2011,0.0,0,0
CWE-93,2011,0.0,0,0
CWE-94,2011,0.17671887429696392,38,101
CWE-95,2011,0.0,0,0
CWE-96,2011,0.0,0,0
CWE-97,2011,0.0,0,0
CWE-98,2011,0.0,0,0
CWE-99,2011,0.0,0,0
CWE-112,2011,0.0,0,0
CWE-113,2011,0.0,0,0
CWE-114,2011,0.0,0,0
CWE-115,2011,0.0,0,0
CWE-116,2011,0.0,0,0
CWE-117,2011,0.0,0,0
CWE-118,2011,0.0,0,0
CWE-119,2011,0.3497135687264314,56,579
CWE-120,2011,0.08526668205496275,52,15
CWE-121,2011,0.0,0,0
CWE-122,2011,0.0,0,0
CWE-123,2011,0.0,0,0
CWE-124,2011,0.0,0,0
CWE-125,2011,0.06681848293442073,48,25
CWE-126,2011,0.0,0,0
CWE-127,2011,0.0,0,0
CWE-128,2011,0.0,0,0
CWE-129,2011,0.007245397440492276,18,1
CWE-130,2011,0.0,0,0
CWE-131,2011,0.0,0,0
CWE-134,2011,0.02885024773477631,25,10
CWE-138,2011,0.0,0,0
CWE-140,2011,0.0,0,0
CWE-141,2011,0.0,0,0
CWE-142,2011,0.0,0,0
CWE-143,2011,0.0,0,0
CWE-144,2011,0.0,0,0
CWE-145,2011,0.0,0,0
CWE-146,2011,0.0,0,0
CWE-147,2011,0.0,0,0
CWE-148,2011,0.0,0,0
CWE-149,2011,0.0,0,0
CWE-150,2011,0.0,0,0
CWE-153,2011,0.0,0,0
CWE-155,2011,0.0,0,0
CWE-156,2011,0.0,0,0
CWE-158,2011,0.0,0,0
CWE-159,2011,0.0,0,0
CWE-162,2011,0.0,0,0
CWE-164,2011,0.0,0,0
CWE-166,2011,0.0,0,0
CWE-167,2011,0.0,0,0
CWE-168,2011,0.0,0,0
CWE-170,2011,0.0,0,0
CWE-172,2011,0.0,0,0
CWE-173,2011,0.0,0,0
CWE-174,2011,0.0,0,0
CWE-176,2011,0.0,0,0
CWE-177,2011,0.0,0,0
CWE-178,2011,0.0,0,0
CWE-179,2011,0.0,0,0
CWE-180,2011,0.0,0,0
CWE-183,2011,0.0,0,0
CWE-184,2011,0.0,0,0
CWE-185,2011,0.0,0,0
CWE-186,2011,0.0,0,0
CWE-187,2011,0.0,0,0
CWE-188,2011,0.0,0,0
CWE-189,2011,0.26427121127759884,49,105
CWE-190,2011,0.10107279468989139,50,14
CWE-191,2011,0.030757758300341602,38,4
CWE-192,2011,0.0,0,0
CWE-193,2011,0.036490227830646524,46,4
CWE-194,2011,0.0,0,0
CWE-195,2011,0.0,0,0
CWE-196,2011,0.0,0,0
CWE-197,2011,0.0,0,0
CWE-198,2011,0.0,0,0
CWE-199,2011,0.0,0,0
CWE-200,2011,0.30263164861723274,54,292
CWE-201,2011,0.0,0,0
CWE-202,2011,0.0,0,0
CWE-203,2011,0.0,0,0
CWE-204,2011,0.0,0,0
CWE-207,2011,0.0,0,0
CWE-208,2011,0.0,0,0
CWE-209,2011,0.0,0,0
CWE-212,2011,0.0,0,0
CWE-213,2011,0.0,0,0
CWE-214,2011,0.0,0,0
CWE-215,2011,0.0,0,0
CWE-216,2011,0.0,0,0
CWE-219,2011,0.0,0,0
CWE-221,2011,0.0,0,0
CWE-223,2011,0.0,0,0
CWE-226,2011,0.0,0,0
CWE-227,2011,0.0,0,0
CWE-228,2011,0.0,0,0
CWE-229,2011,0.0,0,0
CWE-230,2011,0.0,0,0
CWE-231,2011,0.0,0,0
CWE-232,2011,0.0,0,0
CWE-233,2011,0.0,0,0
CWE-235,2011,0.0,0,0
CWE-236,2011,0.0,0,0
CWE-237,2011,0.0,0,0
CWE-239,2011,0.0,0,0
CWE-240,2011,0.0,0,0
CWE-241,2011,0.0,0,0
CWE-242,2011,0.0,0,0
CWE-244,2011,0.0,0,0
CWE-248,2011,0.0,0,0
CWE-250,2011,0.0,0,0
CWE-252,2011,0.0,0,0
CWE-253,2011,0.0,0,0
CWE-254,2011,0.009082131812326732,21,1
CWE-255,2011,0.10493472201198346,44,39
CWE-256,2011,0.0,0,0
CWE-257,2011,0.0,0,0
CWE-258,2011,0.0,0,0
CWE-259,2011,0.0,0,0
CWE-260,2011,0.0,0,0
CWE-261,2011,0.0,0,0
CWE-262,2011,0.0,0,0
CWE-263,2011,0.0,0,0
CWE-264,2011,0.34076302058640884,53,249
CWE-265,2011,0.0,0,0
CWE-266,2011,0.0,0,0
CWE-267,2011,0.0,0,0
CWE-268,2011,0.0,0,0
CWE-269,2011,0.03154959346251743,44,2
CWE-270,2011,0.0,0,0
CWE-271,2011,0.0,0,0
CWE-272,2011,0.0,0,0
CWE-273,2011,0.0,0,0
CWE-274,2011,0.0,0,0
CWE-275,2011,0.0,0,0
CWE-276,2011,0.009245461445595115,30,3
CWE-277,2011,0.0,0,0
CWE-278,2011,0.0,0,0
CWE-279,2011,0.0,0,0
CWE-280,2011,0.0,0,0
CWE-281,2011,0.0,0,0
CWE-282,2011,0.0,0,0
CWE-283,2011,0.0,0,0
CWE-284,2011,0.0,0,0
CWE-285,2011,0.0,0,0
CWE-286,2011,0.0,0,0
CWE-287,2011,0.12781240588061693,44,55
CWE-288,2011,0.0,0,0
CWE-289,2011,0.0,0,0
CWE-290,2011,0.0,0,0
CWE-291,2011,0.0,0,0
CWE-292,2011,0.0,0,0
CWE-294,2011,0.0,0,0
CWE-295,2011,0.030700404240154588,41,3
CWE-296,2011,0.0,0,0
CWE-297,2011,0.0,0,0
CWE-298,2011,0.0,0,0
CWE-299,2011,0.0,0,0
CWE-300,2011,0.0,0,0
CWE-302,2011,0.0,0,0
CWE-303,2011,0.0,0,0
CWE-304,2011,0.0,0,0
CWE-305,2011,0.0,0,0
CWE-306,2011,0.0,0,0
CWE-307,2011,0.0,0,0
CWE-308,2011,0.0,0,0
CWE-309,2011,0.0,0,0
CWE-310,2011,0.13517948444264588,35,58
CWE-311,2011,0.0,0,0
CWE-312,2011,0.0,0,1
CWE-313,2011,0.0,0,0
CWE-315,2011,0.0,0,0
CWE-316,2011,0.0,0,0
CWE-317,2011,0.0,0,0
CWE-319,2011,0.0,0,0
CWE-320,2011,0.0,0,0
CWE-321,2011,0.0,0,0
CWE-322,2011,0.0,0,0
CWE-323,2011,0.0,0,0
CWE-324,2011,0.0,0,0
CWE-325,2011,0.0,0,0
CWE-326,2011,0.06791243382237361,47,1
CWE-327,2011,0.0,0,0
CWE-328,2011,0.0,0,0
CWE-329,2011,0.0,0,0
CWE-330,2011,0.0,0,0
CWE-331,2011,0.0,0,0
CWE-332,2011,0.0,0,0
CWE-333,2011,0.0,0,0
CWE-334,2011,0.0,0,0
CWE-335,2011,0.0,0,0
CWE-336,2011,0.0,0,0
CWE-337,2011,0.0,0,0
CWE-338,2011,0.0,0,0
CWE-339,2011,0.0,0,0
CWE-340,2011,0.0,0,0
CWE-341,2011,0.0,0,0
CWE-342,2011,0.0,0,0
CWE-343,2011,0.0,0,0
CWE-344,2011,0.0,0,0
CWE-345,2011,0.0,0,0
CWE-346,2011,0.009245461445595113,30,1
CWE-347,2011,0.0,0,0
CWE-348,2011,0.0,0,0
CWE-349,2011,0.0,0,0
CWE-350,2011,0.0,0,0
CWE-351,2011,0.0,0,0
CWE-352,2011,0.09769219478288,35,55
CWE-353,2011,0.0,0,0
CWE-354,2011,0.0,0,0
CWE-356,2011,0.0,0,0
CWE-357,2011,0.0,0,0
CWE-358,2011,0.0,0,0
CWE-359,2011,0.0,0,0
CWE-361,2011,0.0,0,0
CWE-362,2011,0.11940607541462442,52,17
CWE-363,2011,0.0,0,0
CWE-364,2011,0.0,0,0
CWE-366,2011,0.0,0,0
CWE-367,2011,0.0,0,0
CWE-369,2011,0.014181469432600404,26,1
CWE-371,2011,0.0,0,0
CWE-372,2011,0.0,0,0
CWE-377,2011,0.0,0,0
CWE-378,2011,0.0,0,0
CWE-379,2011,0.0,0,0
CWE-384,2011,0.0,0,0
CWE-385,2011,0.0,0,0
CWE-386,2011,0.0,0,0
CWE-388,2011,0.0,0,0
CWE-390,2011,0.0,0,0
CWE-391,2011,0.0,0,0
CWE-392,2011,0.0,0,0
CWE-393,2011,0.0,0,0
CWE-394,2011,0.0,0,0
CWE-395,2011,0.0,0,0
CWE-396,2011,0.0,0,0
CWE-399,2011,0.3301383917979573,54,282
CWE-400,2011,0.07610468053329246,49,17
CWE-401,2011,0.002476465748026542,5,1
CWE-402,2011,0.0,0,0
CWE-403,2011,0.0,0,0
CWE-404,2011,0.0,0,0
CWE-405,2011,0.0,0,0
CWE-406,2011,0.0,0,0
CWE-407,2011,0.0,0,0
CWE-408,2011,0.0,0,0
CWE-409,2011,0.0,0,0
CWE-410,2011,0.0,0,0
CWE-412,2011,0.0,0,0
CWE-413,2011,0.0,0,0
CWE-414,2011,0.0,0,0
CWE-415,2011,0.055880607823632356,46,3
CWE-416,2011,0.049193787713742804,44,52
CWE-417,2011,0.0,0,0
CWE-419,2011,0.0,0,0
CWE-420,2011,0.0,0,0
CWE-421,2011,0.0,0,0
CWE-422,2011,0.0,0,0
CWE-424,2011,0.0,0,0
CWE-425,2011,0.0,0,0
CWE-426,2011,0.016290607722248388,34,5
CWE-427,2011,0.0,0,0
CWE-428,2011,0.0,0,0
CWE-430,2011,0.0,0,0
CWE-431,2011,0.0,0,0
CWE-433,2011,0.0,0,0
CWE-434,2011,0.0,0,0
CWE-435,2011,0.0,0,0
CWE-436,2011,0.0,0,0
CWE-437,2011,0.0,0,0
CWE-440,2011,0.0,0,0
CWE-441,2011,0.0,0,0
CWE-444,2011,0.0,0,0
CWE-446,2011,0.0,0,0
CWE-447,2011,0.0,0,0
CWE-448,2011,0.0,0,0
CWE-449,2011,0.0,0,0
CWE-450,2011,0.0,0,0
CWE-451,2011,0.0,0,0
CWE-453,2011,0.0,0,0
CWE-454,2011,0.0,0,0
CWE-455,2011,0.0,0,0
CWE-456,2011,0.0,0,0
CWE-457,2011,0.0,0,0
CWE-459,2011,0.0,0,0
CWE-460,2011,0.0,0,0
CWE-462,2011,0.0,0,0
CWE-463,2011,0.0,0,0
CWE-465,2011,0.0,0,0
CWE-466,2011,0.0,0,0
CWE-467,2011,0.0,0,0
CWE-468,2011,0.0,0,0
CWE-469,2011,0.0,0,0
CWE-470,2011,0.0,0,0
CWE-471,2011,0.0,0,0
CWE-472,2011,0.0,0,0
CWE-473,2011,0.0,0,0
CWE-474,2011,0.0,0,0
CWE-475,2011,0.0,0,0
CWE-476,2011,0.11333954428221757,52,15
CWE-477,2011,0.0,0,0
CWE-479,2011,0.0,0,0
CWE-480,2011,0.0,0,0
CWE-484,2011,0.0,0,0
CWE-488,2011,0.0,0,0
CWE-489,2011,0.0,0,0
CWE-491,2011,0.0,0,0
CWE-494,2011,0.0,0,0
CWE-495,2011,0.0,0,0
CWE-497,2011,0.0,0,0
CWE-501,2011,0.0,0,0
CWE-502,2011,0.003079919295313351,15,2
CWE-506,2011,0.0,0,0
CWE-507,2011,0.0,0,0
CWE-514,2011,0.0,0,0
CWE-520,2011,0.0,0,0
CWE-521,2011,0.0,0,0
CWE-522,2011,0.0,0,0
CWE-523,2011,0.0,0,0
CWE-524,2011,0.0,0,0
CWE-525,2011,0.0,0,0
CWE-526,2011,0.0,0,0
CWE-527,2011,0.0,0,0
CWE-530,2011,0.0,0,0
CWE-531,2011,0.0,0,0
CWE-532,2011,0.0034138913324035106,16,1
CWE-533,2011,0.0,0,0
CWE-534,2011,0.0,0,0
CWE-538,2011,0.0,0,0
CWE-539,2011,0.0,0,0
CWE-540,2011,0.0,0,0
CWE-544,2011,0.0,0,0
CWE-547,2011,0.0,0,0
CWE-548,2011,0.0,0,0
CWE-549,2011,0.0,0,0
CWE-550,2011,0.0,0,0
CWE-551,2011,0.0,0,0
CWE-552,2011,0.0,0,0
CWE-553,2011,0.0,0,0
CWE-555,2011,0.0,0,0
CWE-556,2011,0.0,0,0
CWE-557,2011,0.0,0,0
CWE-561,2011,0.0,0,0
CWE-562,2011,0.0,0,0
CWE-563,2011,0.0,0,0
CWE-564,2011,0.0,0,0
CWE-565,2011,0.025637280357501235,34,1
CWE-566,2011,0.0,0,0
CWE-567,2011,0.0,0,0
CWE-570,2011,0.0,0,0
CWE-571,2011,0.0,0,0
CWE-573,2011,0.0,0,0
CWE-590,2011,0.0,0,0
CWE-591,2011,0.0,0,0
CWE-592,2011,0.0,0,0
CWE-597,2011,0.0,0,0
CWE-598,2011,0.0,0,0
CWE-599,2011,0.0,0,0
CWE-600,2011,0.0,0,0
CWE-601,2011,0.0,0,0
CWE-602,2011,0.0,0,0
CWE-603,2011,0.0,0,0
CWE-605,2011,0.0,0,0
CWE-606,2011,0.0,0,0
CWE-610,2011,0.0,0,0
CWE-611,2011,0.0145027328709799,32,1
CWE-612,2011,0.0,0,0
CWE-613,2011,0.0,0,0
CWE-614,2011,0.0,0,0
CWE-615,2011,0.0,0,0
CWE-616,2011,0.0,0,0
CWE-617,2011,0.0,0,0
CWE-618,2011,0.0,0,0
CWE-620,2011,0.0,0,0
CWE-622,2011,0.0,0,0
CWE-623,2011,0.0,0,0
CWE-624,2011,0.0,0,0
CWE-625,2011,0.0,0,0
CWE-626,2011,0.0,0,0
CWE-627,2011,0.0,0,0
CWE-628,2011,0.0,0,0
CWE-636,2011,0.0,0,0
CWE-639,2011,0.0,0,0
CWE-640,2011,0.0,0,0
CWE-641,2011,0.0,0,0
CWE-642,2011,0.0,0,0
CWE-643,2011,0.0,0,0
CWE-644,2011,0.0,0,0
CWE-645,2011,0.0,0,0
CWE-646,2011,0.0,0,0
CWE-647,2011,0.0,0,0
CWE-648,2011,0.0,0,0
CWE-649,2011,0.0,0,0
CWE-650,2011,0.0,0,0
CWE-653,2011,0.0,0,0
CWE-655,2011,0.0,0,0
CWE-656,2011,0.0,0,0
CWE-657,2011,0.0,0,0
CWE-662,2011,0.0,0,0
CWE-664,2011,0.0,0,0
CWE-665,2011,0.017875887948098444,27,1
CWE-666,2011,0.0,0,0
CWE-667,2011,0.0,0,0
CWE-668,2011,0.006397176412088007,12,2
CWE-669,2011,0.0,0,0
CWE-670,2011,0.0,0,0
CWE-671,2011,0.0,0,0
CWE-672,2011,0.0,0,0
CWE-673,2011,0.0,0,0
CWE-674,2011,0.0,0,0
CWE-675,2011,0.0,0,0
CWE-676,2011,0.0,0,0
CWE-680,2011,0.0,0,0
CWE-681,2011,0.0,0,0
CWE-682,2011,0.0,0,0
CWE-683,2011,0.0,0,0
CWE-684,2011,0.0,0,0
CWE-686,2011,0.0,0,0
CWE-688,2011,0.0,0,0
CWE-689,2011,0.0,0,0
CWE-690,2011,0.0,0,0
CWE-691,2011,0.0,0,0
CWE-692,2011,0.0,0,0
CWE-693,2011,0.0,0,0
CWE-694,2011,0.0,0,0
CWE-696,2011,0.0,0,0
CWE-697,2011,0.009245461445595115,30,1
CWE-698,2011,0.0,0,0
CWE-701,2011,0.0,0,0
CWE-703,2011,0.0,0,0
CWE-704,2011,0.021989842159855822,40,5
CWE-705,2011,0.0,0,0
CWE-706,2011,0.0,0,0
CWE-707,2011,0.0,0,0
CWE-708,2011,0.0,0,0
CWE-710,2011,0.0,0,0
CWE-732,2011,0.0,0,1
CWE-733,2011,0.0,0,0
CWE-749,2011,0.0,0,0
CWE-754,2011,0.0,0,0
CWE-755,2011,0.0,0,0
CWE-757,2011,0.0,0,0
CWE-758,2011,0.0,0,0
CWE-759,2011,0.0,0,0
CWE-760,2011,0.0,0,0
CWE-761,2011,0.0,0,0
CWE-762,2011,0.0,0,0
CWE-763,2011,0.0,0,0
CWE-767,2011,0.0,0,0
CWE-768,2011,0.0,0,0
CWE-769,2011,0.0,0,0
CWE-770,2011,0.03761071141336411,37,1
CWE-771,2011,0.0,0,0
CWE-772,2011,0.004765741069745174,9,2
CWE-774,2011,0.0,0,0
CWE-775,2011,0.0,0,0
CWE-776,2011,0.01990575329424391,31,2
CWE-777,2011,0.0,0,0
CWE-778,2011,0.0,0,0
CWE-779,2011,0.0,0,0
CWE-780,2011,0.0,0,0
CWE-782,2011,0.0,0,0
CWE-783,2011,0.0,0,0
CWE-784,2011,0.0,0,0
CWE-786,2011,0.0,0,0
CWE-787,2011,0.08535611718135756,51,30
CWE-788,2011,0.0,0,0
CWE-789,2011,0.0,0,0
CWE-790,2011,0.0,0,0
CWE-791,2011,0.0,0,0
CWE-792,2011,0.0,0,0
CWE-794,2011,0.0,0,0
CWE-798,2011,0.0,0,0
CWE-799,2011,0.0,0,0
CWE-804,2011,0.0,0,0
CWE-805,2011,0.0,0,0
CWE-807,2011,0.0,0,0
CWE-820,2011,0.0,0,0
CWE-821,2011,0.0,0,0
CWE-822,2011,0.0,0,0
CWE-823,2011,0.0,0,0
CWE-824,2011,0.013343923249251885,30,2
CWE-825,2011,0.0,0,0
CWE-826,2011,0.0,0,0
CWE-828,2011,0.0,0,0
CWE-829,2011,0.0,0,0
CWE-830,2011,0.0,0,0
CWE-832,2011,0.0,0,0
CWE-833,2011,0.0,0,0
CWE-834,2011,0.0,0,0
CWE-835,2011,0.05639070142307545,36,3
CWE-836,2011,0.0,0,0
CWE-837,2011,0.0,0,0
CWE-838,2011,0.0,0,0
CWE-839,2011,0.0,0,0
CWE-840,2011,0.0,0,0
CWE-841,2011,0.0,0,0
CWE-842,2011,0.0,0,0
CWE-843,2011,0.03494289207742101,34,2
CWE-862,2011,0.0,0,0
CWE-863,2011,0.009245461445595115,30,2
CWE-882,2011,0.0,0,0
CWE-908,2011,0.006397176412088007,12,12
CWE-909,2011,0.05040470195271248,35,3
CWE-910,2011,0.0,0,0
CWE-911,2011,0.0,0,0
CWE-912,2011,0.0,0,0
CWE-913,2011,0.0,0,0
CWE-914,2011,0.0,0,0
CWE-915,2011,0.0,0,0
CWE-916,2011,0.0,0,0
CWE-917,2011,0.0,0,0
CWE-918,2011,0.0,0,0
CWE-920,2011,0.0,0,0
CWE-921,2011,0.0,0,0
CWE-922,2011,0.0,0,0
CWE-923,2011,0.0,0,0
CWE-924,2011,0.0,0,0
CWE-925,2011,0.0,0,0
CWE-926,2011,0.0,0,0
CWE-927,2011,0.0,0,0
CWE-939,2011,0.0,0,0
CWE-940,2011,0.0,0,0
CWE-941,2011,0.0,0,0
CWE-942,2011,0.0,0,0
CWE-943,2011,0.0,0,0
CWE-1004,2011,0.0,0,0
CWE-1007,2011,0.0,0,0
CWE-1018,2011,0.0,0,0
CWE-1021,2011,0.006397176412088007,12,1
CWE-1022,2011,0.0,0,0
CWE-1023,2011,0.0,0,0
CWE-1025,2011,0.0,0,0
CWE-1026,2011,0.0,0,0
CWE-1027,2011,0.0,0,0
CWE-1032,2011,0.0,0,0
CWE-1035,2011,0.0,0,0
CWE-1037,2011,0.0,0,0
CWE-1038,2011,0.0,0,0
CWE-1039,2011,0.0,0,0
CWE-1046,2011,0.0,0,0
CWE-1049,2011,0.0,0,0
CWE-1050,2011,0.0,0,0
CWE-1059,2011,0.0,0,0
CWE-1068,2011,0.0,0,0
CWE-1072,2011,0.0,0,0
CWE-1076,2011,0.0,0,0
CWE-1077,2011,0.0,0,0
CWE-1088,2011,0.0,0,0
CWE-1100,2011,0.0,0,0
CWE-1102,2011,0.0,0,0
CWE-1103,2011,0.0,0,0
CWE-1104,2011,0.0,0,0
CWE-1106,2011,0.0,0,0
CWE-1108,2011,0.0,0,0
CWE-1112,2011,0.0,0,0
CWE-1116,2011,0.0,0,0
CWE-1119,2011,0.0,0,0
CWE-1124,2011,0.0,0,0
CWE-1125,2011,0.0,0,0
CWE-1149,2011,0.0,0,0
CWE-1164,2011,0.0,0,0
CWE-1173,2011,0.0,0,0
CWE-1174,2011,0.0,0,0
CWE-1176,2011,0.0,0,0
CWE-1187,2011,0.0,0,0
CWE-1188,2011,0.0,0,0
CWE-1189,2011,0.0,0,0
CWE-1191,2011,0.0,0,0
CWE-1204,2011,0.0,0,0
CWE-1220,2011,0.0,0,0
CWE-1223,2011,0.0,0,0
CWE-1230,2011,0.0,0,0
CWE-1231,2011,0.0,0,0
CWE-1233,2011,0.0,0,0
CWE-1234,2011,0.0,0,0
CWE-1236,2011,0.0,0,0
CWE-1240,2011,0.0,0,0
CWE-1241,2011,0.0,0,0
CWE-1242,2011,0.0,0,0
CWE-1244,2011,0.0,0,0
CWE-1245,2011,0.0,0,0
CWE-1246,2011,0.0,0,0
CWE-1247,2011,0.0,0,0
CWE-1250,2011,0.0,0,0
CWE-1251,2011,0.0,0,0
CWE-1254,2011,0.0,0,0
CWE-1255,2011,0.0,0,0
CWE-1256,2011,0.0,0,0
CWE-1257,2011,0.0,0,0
CWE-1258,2011,0.0,0,0
CWE-1259,2011,0.0,0,0
CWE-1260,2011,0.0,0,0
CWE-1262,2011,0.0,0,0
CWE-1263,2011,0.0,0,0
CWE-1264,2011,0.0,0,0
CWE-1268,2011,0.0,0,0
CWE-1270,2011,0.0,0,0
CWE-1274,2011,0.0,0,0
CWE-1275,2011,0.0,0,0
CWE-1276,2011,0.0,0,0
CWE-1277,2011,0.0,0,0
CWE-1278,2011,0.0,0,0
CWE-1280,2011,0.0,0,0
CWE-1281,2011,0.0,0,0
CWE-1282,2011,0.0,0,0
CWE-1283,2011,0.0,0,0
CWE-1284,2011,0.0,0,0
CWE-1285,2011,0.0,0,0
CWE-1286,2011,0.0,0,0
CWE-1287,2011,0.0,0,0
CWE-1288,2011,0.0,0,0
CWE-1289,2011,0.0,0,0
CWE-1294,2011,0.0,0,0
CWE-1295,2011,0.0,0,0
CWE-1298,2011,0.0,0,0
CWE-1299,2011,0.0,0,0
CWE-1300,2011,0.0,0,0
CWE-1301,2011,0.0,0,0
CWE-1303,2011,0.0,0,0
CWE-1304,2011,0.0,0,0
CWE-1310,2011,0.0,0,0
CWE-1312,2011,0.0,0,0
CWE-1313,2011,0.0,0,0
CWE-1314,2011,0.0,0,0
CWE-1316,2011,0.0,0,0
CWE-1319,2011,0.0,0,0
CWE-1320,2011,0.0,0,0
CWE-1321,2011,0.0,0,0
CWE-1322,2011,0.0,0,0
CWE-1323,2011,0.0,0,0
CWE-1325,2011,0.0,0,0
CWE-1326,2011,0.0,0,0
CWE-1327,2011,0.0,0,0
CWE-1328,2011,0.0,0,0
CWE-1329,2011,0.0,0,0
CWE-1330,2011,0.0,0,0
CWE-1332,2011,0.0,0,0
CWE-1333,2011,0.0,0,0
CWE-1334,2011,0.0,0,0
CWE-1335,2011,0.0,0,0
CWE-1336,2011,0.0,0,0
CWE-1342,2011,0.0,0,0
CWE-1357,2011,0.0,0,0
CWE-1366,2011,0.0,0,0
CWE-1384,2011,0.0,0,0
CWE-1385,2011,0.0,0,0
CWE-1386,2011,0.0,0,0
CWE-1389,2011,0.0,0,0
CWE-1390,2011,0.0,0,0
CWE-1391,2011,0.0,0,0
CWE-1392,2011,0.0,0,0
CWE-1393,2011,0.0,0,0
CWE-1394,2011,0.0,0,0
CWE-1,2012,-0.0,0,0
CWE-5,2012,-0.0,0,0
CWE-14,2012,-0.0,0,0
CWE-15,2012,-0.0,0,0
CWE-16,2012,0.03545865173874529,30,19
CWE-17,2012,-0.0,0,0
CWE-18,2012,-5.551115123125783e-17,0,0
CWE-19,2012,-1.3877787807814457e-17,0,0
CWE-20,2012,0.34770401984597277,48,351
CWE-21,2012,-2.168404344971009e-19,0,0
CWE-22,2012,0.12472052571157176,16,119
CWE-23,2012,-0.0,0,0
CWE-24,2012,-0.0,0,0
CWE-25,2012,-0.0,0,0
CWE-26,2012,-0.0,0,0
CWE-27,2012,-0.0,0,0
CWE-28,2012,-0.0,0,0
CWE-29,2012,-0.0,0,0
CWE-31,2012,-0.0,0,0
CWE-32,2012,-0.0,0,0
CWE-35,2012,-0.0,0,0
CWE-36,2012,-0.0,0,0
CWE-37,2012,-0.0,0,0
CWE-38,2012,-0.0,0,0
CWE-40,2012,-0.0,0,0
CWE-41,2012,-0.0,0,0
CWE-42,2012,-0.0,0,0
CWE-43,2012,-0.0,0,0
CWE-46,2012,-0.0,0,0
CWE-50,2012,-0.0,0,0
CWE-55,2012,-0.0,0,0
CWE-57,2012,-0.0,0,0
CWE-59,2012,0.00948994924252786,12,17
CWE-61,2012,-0.0,0,0
CWE-64,2012,-0.0,0,0
CWE-65,2012,-0.0,0,0
CWE-66,2012,-0.0,0,0
CWE-67,2012,-0.0,0,0
CWE-69,2012,-0.0,0,0
CWE-73,2012,-0.0,0,0
CWE-74,2012,0.07149715615362967,34,1
CWE-75,2012,-0.0,0,0
CWE-76,2012,-0.0,0,0
CWE-77,2012,0.05932196411017908,36,1
CWE-78,2012,0.028941293712068508,31,15
CWE-79,2012,0.3782228129075271,45,729
CWE-80,2012,-0.0,0,0
CWE-81,2012,-0.0,0,0
CWE-82,2012,-0.0,0,0
CWE-83,2012,-0.0,0,0
CWE-84,2012,-0.0,0,0
CWE-85,2012,-0.0,0,0
CWE-86,2012,-0.0,0,0
CWE-87,2012,-0.0,0,0
CWE-88,2012,-0.0,0,0
CWE-89,2012,0.17877074335070617,22,236
CWE-90,2012,-0.0,0,0
CWE-91,2012,-0.0,0,0
CWE-92,2012,-0.0,0,0
CWE-93,2012,-0.0,0,0
CWE-94,2012,0.18721690506846983,43,132
CWE-95,2012,-0.0,0,0
CWE-96,2012,-0.0,0,0
CWE-97,2012,-0.0,0,0
CWE-98,2012,-0.0,0,0
CWE-99,2012,-0.0,0,0
CWE-112,2012,-0.0,0,0
CWE-113,2012,-0.0,0,0
CWE-114,2012,-0.0,0,0
CWE-115,2012,-0.0,0,0
CWE-116,2012,-0.0,0,0
CWE-117,2012,-0.0,0,0
CWE-118,2012,-0.0,0,0
CWE-119,2012,0.33363931471670333,47,682
CWE-120,2012,0.02063543549481668,39,5
CWE-121,2012,-0.0,0,0
CWE-122,2012,-0.0,0,0
CWE-123,2012,-0.0,0,0
CWE-124,2012,-0.0,0,0
CWE-125,2012,0.10708840749947238,41,16
CWE-126,2012,-0.0,0,0
CWE-127,2012,-0.0,0,0
CWE-128,2012,-0.0,0,0
CWE-129,2012,-0.0,0,0
CWE-130,2012,-0.0,0,0
CWE-131,2012,-0.0,0,0
CWE-134,2012,0.03610916892440672,20,11
CWE-138,2012,-0.0,0,0
CWE-140,2012,-0.0,0,0
CWE-141,2012,-0.0,0,0
CWE-142,2012,-0.0,0,0
CWE-143,2012,-0.0,0,0
CWE-144,2012,-0.0,0,0
CWE-145,2012,-0.0,0,0
CWE-146,2012,-0.0,0,0
CWE-147,2012,-0.0,0,0
CWE-148,2012,-0.0,0,0
CWE-149,2012,-0.0,0,0
CWE-150,2012,-0.0,0,0
CWE-153,2012,-0.0,0,0
CWE-155,2012,-0.0,0,0
CWE-156,2012,-0.0,0,0
CWE-158,2012,-0.0,0,0
CWE-159,2012,-0.0,0,0
CWE-162,2012,-0.0,0,0
CWE-164,2012,-0.0,0,0
CWE-166,2012,-0.0,0,0
CWE-167,2012,-0.0,0,0
CWE-168,2012,-0.0,0,0
CWE-170,2012,-0.0,0,0
CWE-172,2012,-0.0,0,0
CWE-173,2012,-0.0,0,0
CWE-174,2012,-0.0,0,0
CWE-176,2012,-0.0,0,0
CWE-177,2012,-0.0,0,0
CWE-178,2012,-0.0,0,0
CWE-179,2012,-0.0,0,0
CWE-180,2012,-0.0,0,0
CWE-183,2012,-0.0,0,0
CWE-184,2012,-0.0,0,0
CWE-185,2012,-0.0,0,0
CWE-186,2012,-0.0,0,0
CWE-187,2012,-0.0,0,0
CWE-188,2012,-0.0,0,0
CWE-189,2012,0.2037392206886933,47,132
CWE-190,2012,0.12753245812120095,45,17
CWE-191,2012,0.0020683916559949456,4,1
CWE-192,2012,-0.0,0,0
CWE-193,2012,-0.0,0,0
CWE-194,2012,-0.0,0,0
CWE-195,2012,-0.0,0,0
CWE-196,2012,-0.0,0,0
CWE-197,2012,-0.0,0,0
CWE-198,2012,-0.0,0,0
CWE-199,2012,-0.0,0,0
CWE-200,2012,0.3009694605990992,45,222
CWE-201,2012,-0.0,0,0
CWE-202,2012,-0.0,0,0
CWE-203,2012,-0.0,0,0
CWE-204,2012,-0.0,0,0
CWE-207,2012,-0.0,0,0
CWE-208,2012,-0.0,0,0
CWE-209,2012,-0.0,0,0
CWE-212,2012,-0.0,0,0
CWE-213,2012,-0.0,0,0
CWE-214,2012,-0.0,0,0
CWE-215,2012,-0.0,0,0
CWE-216,2012,-0.0,0,0
CWE-219,2012,-0.0,0,0
CWE-221,2012,-0.0,0,0
CWE-223,2012,-0.0,0,0
CWE-226,2012,-0.0,0,0
CWE-227,2012,-0.0,0,0
CWE-228,2012,-0.0,0,0
CWE-229,2012,-0.0,0,0
CWE-230,2012,-0.0,0,0
CWE-231,2012,-0.0,0,0
CWE-232,2012,-0.0,0,0
CWE-233,2012,-0.0,0,0
CWE-235,2012,-0.0,0,0
CWE-236,2012,-0.0,0,0
CWE-237,2012,-0.0,0,0
CWE-239,2012,-0.0,0,0
CWE-240,2012,-0.0,0,0
CWE-241,2012,-0.0,0,0
CWE-242,2012,-0.0,0,0
CWE-244,2012,-0.0,0,0
CWE-248,2012,-0.0,0,0
CWE-250,2012,-0.0,0,0
CWE-252,2012,-0.0,0,0
CWE-253,2012,-0.0,0,0
CWE-254,2012,-0.0,0,0
CWE-255,2012,0.05754521535644912,19,50
CWE-256,2012,-0.0,0,0
CWE-257,2012,-0.0,0,0
CWE-258,2012,-0.0,0,0
CWE-259,2012,-0.0,0,0
CWE-260,2012,-0.0,0,0
CWE-261,2012,-0.0,0,0
CWE-262,2012,-0.0,0,0
CWE-263,2012,-0.0,0,0
CWE-264,2012,0.3869054232104186,46,571
CWE-265,2012,-0.0,0,0
CWE-266,2012,-0.0,0,0
CWE-267,2012,-0.0,0,0
CWE-268,2012,-0.0,0,0
CWE-269,2012,0.041109399228465,33,4
CWE-270,2012,-0.0,0,0
CWE-271,2012,-0.0,0,0
CWE-272,2012,-0.0,0,0
CWE-273,2012,-0.0,0,0
CWE-274,2012,-0.0,0,0
CWE-275,2012,-0.0,0,0
CWE-276,2012,0.0264466826639268,27,2
CWE-277,2012,-0.0,0,0
CWE-278,2012,-0.0,0,0
CWE-279,2012,-0.0,0,0
CWE-280,2012,-0.0,0,0
CWE-281,2012,-0.0,0,0
CWE-282,2012,-0.0,0,0
CWE-283,2012,-0.0,0,0
CWE-284,2012,0.01251782765221014,23,2
CWE-285,2012,-0.0,0,0
CWE-286,2012,-0.0,0,0
CWE-287,2012,0.1608427993485727,34,97
CWE-288,2012,-0.0,0,0
CWE-289,2012,-0.0,0,0
CWE-290,2012,-0.0,0,0
CWE-291,2012,-0.0,0,0
CWE-292,2012,-0.0,0,0
CWE-294,2012,-0.0,0,0
CWE-295,2012,0.01900990755850036,31,13
CWE-296,2012,-0.0,0,0
CWE-297,2012,-0.0,0,0
CWE-298,2012,-0.0,0,0
CWE-299,2012,-0.0,0,0
CWE-300,2012,-0.0,0,0
CWE-302,2012,-0.0,0,0
CWE-303,2012,-0.0,0,0
CWE-304,2012,-0.0,0,0
CWE-305,2012,-0.0,0,0
CWE-306,2012,0.012818771021654912,32,1
CWE-307,2012,-0.0,0,0
CWE-308,2012,-0.0,0,0
CWE-309,2012,-0.0,0,0
CWE-310,2012,0.13271490096818767,42,92
CWE-311,2012,-0.0,0,0
CWE-312,2012,-0.0,0,0
CWE-313,2012,-0.0,0,0
CWE-315,2012,-0.0,0,0
CWE-316,2012,-0.0,0,0
CWE-317,2012,-0.0,0,0
CWE-319,2012,0.00613806055639632,25,1
CWE-320,2012,-0.0,0,0
CWE-321,2012,-0.0,0,0
CWE-322,2012,-0.0,0,0
CWE-323,2012,-0.0,0,0
CWE-324,2012,-0.0,0,0
CWE-325,2012,-0.0,0,0
CWE-326,2012,-0.0,0,0
CWE-327,2012,-0.0,0,0
CWE-328,2012,-0.0,0,0
CWE-329,2012,-0.0,0,0
CWE-330,2012,-0.0,0,0
CWE-331,2012,-0.0,0,0
CWE-332,2012,-0.0,0,0
CWE-333,2012,-0.0,0,0
CWE-334,2012,-0.0,0,0
CWE-335,2012,-0.0,0,0
CWE-336,2012,-0.0,0,0
CWE-337,2012,-0.0,0,0
CWE-338,2012,-0.0,0,0
CWE-339,2012,-0.0,0,0
CWE-340,2012,-0.0,0,0
CWE-341,2012,-0.0,0,0
CWE-342,2012,-0.0,0,0
CWE-343,2012,-0.0,0,0
CWE-344,2012,-0.0,0,0
CWE-345,2012,-0.0,0,0
CWE-346,2012,0.0873363780064176,39,5
CWE-347,2012,0.00613806055639632,25,1
CWE-348,2012,-0.0,0,0
CWE-349,2012,-0.0,0,0
CWE-350,2012,-0.0,0,0
CWE-351,2012,-0.0,0,0
CWE-352,2012,0.2024685208146861,36,153
CWE-353,2012,-0.0,0,0
CWE-354,2012,-0.0,0,0
CWE-356,2012,-0.0,0,0
CWE-357,2012,-0.0,0,0
CWE-358,2012,-0.0,0,0
CWE-359,2012,-0.0,0,0
CWE-361,2012,-0.0,0,0
CWE-362,2012,0.05534653263079481,39,67
CWE-363,2012,-0.0,0,0
CWE-364,2012,-0.0,0,0
CWE-366,2012,-0.0,0,0
CWE-367,2012,-0.0,0,0
CWE-369,2012,0.009651396342928718,23,1
CWE-371,2012,-0.0,0,0
CWE-372,2012,-0.0,0,0
CWE-377,2012,-0.0,0,0
CWE-378,2012,-0.0,0,0
CWE-379,2012,-0.0,0,0
CWE-384,2012,-0.0,0,0
CWE-385,2012,-0.0,0,0
CWE-386,2012,-0.0,0,0
CWE-388,2012,-0.0,0,0
CWE-390,2012,-0.0,0,0
CWE-391,2012,-0.0,0,0
CWE-392,2012,-0.0,0,0
CWE-393,2012,-0.0,0,0
CWE-394,2012,-0.0,0,0
CWE-395,2012,-0.0,0,0
CWE-396,2012,-0.0,0,0
CWE-399,2012,0.26307758544094,46,231
CWE-400,2012,0.07998749290748168,40,10
CWE-401,2012,-0.0,0,0
CWE-402,2012,-0.0,0,0
CWE-403,2012,-0.0,0,0
CWE-404,2012,-0.0,0,0
CWE-405,2012,-0.0,0,0
CWE-406,2012,-0.0,0,0
CWE-407,2012,-0.0,0,0
CWE-408,2012,-0.0,0,0
CWE-409,2012,-0.0,0,0
CWE-410,2012,-0.0,0,0
CWE-412,2012,-0.0,0,0
CWE-413,2012,-0.0,0,0
CWE-414,2012,-0.0,0,0
CWE-415,2012,-0.0,0,0
CWE-416,2012,0.10586260451144958,41,79
CWE-417,2012,-0.0,0,0
CWE-419,2012,-0.0,0,0
CWE-420,2012,-0.0,0,0
CWE-421,2012,-0.0,0,0
CWE-422,2012,-0.0,0,0
CWE-424,2012,-0.0,0,0
CWE-425,2012,-0.0,0,0
CWE-426,2012,0.019316599874418385,26,3
CWE-427,2012,-0.0,0,0
CWE-428,2012,-0.0,0,0
CWE-430,2012,-0.0,0,0
CWE-431,2012,-0.0,0,0
CWE-433,2012,-0.0,0,0
CWE-434,2012,-0.0,0,0
CWE-435,2012,-0.0,0,0
CWE-436,2012,-0.0,0,0
CWE-437,2012,-0.0,0,0
CWE-440,2012,-0.0,0,0
CWE-441,2012,-0.0,0,0
CWE-444,2012,-0.0,0,0
CWE-446,2012,-0.0,0,0
CWE-447,2012,-0.0,0,0
CWE-448,2012,-0.0,0,0
CWE-449,2012,-0.0,0,0
CWE-450,2012,-0.0,0,0
CWE-451,2012,-0.0,0,0
CWE-453,2012,-0.0,0,0
CWE-454,2012,-0.0,0,0
CWE-455,2012,-0.0,0,0
CWE-456,2012,-0.0,0,0
CWE-457,2012,-0.0,0,0
CWE-459,2012,-0.0,0,0
CWE-460,2012,-0.0,0,0
CWE-462,2012,-0.0,0,0
CWE-463,2012,-0.0,0,0
CWE-465,2012,-0.0,0,0
CWE-466,2012,-0.0,0,0
CWE-467,2012,-0.0,0,0
CWE-468,2012,-0.0,0,0
CWE-469,2012,-0.0,0,0
CWE-470,2012,-0.0,0,0
CWE-471,2012,-0.0,0,0
CWE-472,2012,-0.0,0,0
CWE-473,2012,-0.0,0,0
CWE-474,2012,-0.0,0,0
CWE-475,2012,-0.0,0,0
CWE-476,2012,0.06344402415852458,38,8
CWE-477,2012,-0.0,0,0
CWE-479,2012,-0.0,0,0
CWE-480,2012,-0.0,0,0
CWE-484,2012,-0.0,0,0
CWE-488,2012,-0.0,0,0
CWE-489,2012,-0.0,0,0
CWE-491,2012,-0.0,0,0
CWE-494,2012,-0.0,0,0
CWE-495,2012,-0.0,0,0
CWE-497,2012,-0.0,0,0
CWE-501,2012,-0.0,0,0
CWE-502,2012,0.02047611847153294,28,3
CWE-506,2012,-0.0,0,0
CWE-507,2012,-0.0,0,0
CWE-514,2012,-0.0,0,0
CWE-520,2012,-0.0,0,0
CWE-521,2012,0.00023908371668718273,1,1
CWE-522,2012,0.0005144376449581535,2,2
CWE-523,2012,-0.0,0,0
CWE-524,2012,-0.0,0,0
CWE-525,2012,-0.0,0,0
CWE-526,2012,-0.0,0,0
CWE-527,2012,-0.0,0,0
CWE-530,2012,-0.0,0,0
CWE-531,2012,-0.0,0,0
CWE-532,2012,-0.0,0,0
CWE-533,2012,-0.0,0,0
CWE-534,2012,-0.0,0,0
CWE-538,2012,-0.0,0,0
CWE-539,2012,-0.0,0,0
CWE-540,2012,-0.0,0,0
CWE-544,2012,-0.0,0,0
CWE-547,2012,-0.0,0,0
CWE-548,2012,-0.0,0,0
CWE-549,2012,-0.0,0,0
CWE-550,2012,-0.0,0,0
CWE-551,2012,-0.0,0,0
CWE-552,2012,-0.0,0,0
CWE-553,2012,-0.0,0,0
CWE-555,2012,-0.0,0,0
CWE-556,2012,-0.0,0,0
CWE-557,2012,-0.0,0,0
CWE-561,2012,-0.0,0,0
CWE-562,2012,-0.0,0,0
CWE-563,2012,-0.0,0,0
CWE-564,2012,-0.0,0,0
CWE-565,2012,-0.0,0,0
CWE-566,2012,-0.0,0,0
CWE-567,2012,-0.0,0,0
CWE-570,2012,-0.0,0,0
CWE-571,2012,-0.0,0,0
CWE-573,2012,-0.0,0,0
CWE-590,2012,-0.0,0,0
CWE-591,2012,-0.0,0,0
CWE-592,2012,-0.0,0,0
CWE-597,2012,-0.0,0,0
CWE-598,2012,-0.0,0,0
CWE-599,2012,-0.0,0,0
CWE-600,2012,-0.0,0,0
CWE-601,2012,-0.0,0,1
CWE-602,2012,-0.0,0,0
CWE-603,2012,-0.0,0,0
CWE-605,2012,-0.0,0,0
CWE-606,2012,-0.0,0,0
CWE-610,2012,-0.0,0,0
CWE-611,2012,0.057430147442297325,36,4
CWE-612,2012,-0.0,0,0
CWE-613,2012,-0.0,0,0
CWE-614,2012,-0.0,0,0
CWE-615,2012,-0.0,0,0
CWE-616,2012,-0.0,0,0
CWE-617,2012,-0.0,0,0
CWE-618,2012,-0.0,0,0
CWE-620,2012,-0.0,0,0
CWE-622,2012,-0.0,0,0
CWE-623,2012,-0.0,0,0
CWE-624,2012,-0.0,0,0
CWE-625,2012,-0.0,0,0
CWE-626,2012,-0.0,0,0
CWE-627,2012,-0.0,0,0
CWE-628,2012,-0.0,0,0
CWE-636,2012,-0.0,0,0
CWE-639,2012,-0.0,0,0
CWE-640,2012,-0.0,0,0
CWE-641,2012,-0.0,0,0
CWE-642,2012,-0.0,0,0
CWE-643,2012,-0.0,0,0
CWE-644,2012,-0.0,0,0
CWE-645,2012,-0.0,0,0
CWE-646,2012,-0.0,0,0
CWE-647,2012,-0.0,0,0
CWE-648,2012,-0.0,0,0
CWE-649,2012,-0.0,0,0
CWE-650,2012,-0.0,0,0
CWE-653,2012,-0.0,0,0
CWE-655,2012,-0.0,0,0
CWE-656,2012,-0.0,0,0
CWE-657,2012,-0.0,0,0
CWE-662,2012,-0.0,0,0
CWE-664,2012,-0.0,0,0
CWE-665,2012,0.009325858025963755,25,2
CWE-666,2012,-0.0,0,0
CWE-667,2012,-0.0,0,0
CWE-668,2012,0.006138060556396321,25,1
CWE-669,2012,-0.0,0,0
CWE-670,2012,-0.0,0,0
CWE-671,2012,-0.0,0,0
CWE-672,2012,-0.0,0,0
CWE-673,2012,-0.0,0,0
CWE-674,2012,-0.0,0,0
CWE-675,2012,-0.0,0,0
CWE-676,2012,-0.0,0,0
CWE-680,2012,-0.0,0,0
CWE-681,2012,-0.0,0,0
CWE-682,2012,0.03424734071543179,32,2
CWE-683,2012,-0.0,0,0
CWE-684,2012,-0.0,0,0
CWE-686,2012,-0.0,0,0
CWE-688,2012,-0.0,0,0
CWE-689,2012,-0.0,0,0
CWE-690,2012,-0.0,0,0
CWE-691,2012,-0.0,0,0
CWE-692,2012,-0.0,0,0
CWE-693,2012,-0.0,0,0
CWE-694,2012,-0.0,0,0
CWE-696,2012,-0.0,0,0
CWE-697,2012,-0.0,0,0
CWE-698,2012,-0.0,0,0
CWE-701,2012,-0.0,0,0
CWE-703,2012,-0.0,0,0
CWE-704,2012,0.024451501604104916,34,3
CWE-705,2012,-0.0,0,0
CWE-706,2012,-0.0,0,0
CWE-707,2012,-0.0,0,0
CWE-708,2012,-0.0,0,0
CWE-710,2012,-0.0,0,0
CWE-732,2012,-0.0,0,0
CWE-733,2012,-0.0,0,0
CWE-749,2012,-0.0,0,0
CWE-754,2012,-0.0,0,0
CWE-755,2012,-0.0,0,0
CWE-757,2012,-0.0,0,0
CWE-758,2012,-0.0,0,0
CWE-759,2012,-0.0,0,0
CWE-760,2012,-0.0,0,0
CWE-761,2012,-0.0,0,0
CWE-762,2012,-0.0,0,0
CWE-763,2012,-0.0,0,0
CWE-767,2012,-0.0,0,0
CWE-768,2012,-0.0,0,0
CWE-769,2012,-0.0,0,0
CWE-770,2012,-0.0,0,0
CWE-771,2012,-0.0,0,0
CWE-772,2012,-0.0,0,0
CWE-774,2012,-0.0,0,0
CWE-775,2012,-0.0,0,0
CWE-776,2012,-0.0,0,0
CWE-777,2012,-0.0,0,0
CWE-778,2012,-0.0,0,0
CWE-779,2012,-0.0,0,0
CWE-780,2012,-0.0,0,0
CWE-782,2012,-0.0,0,0
CWE-783,2012,-0.0,0,0
CWE-784,2012,-0.0,0,0
CWE-786,2012,-0.0,0,0
CWE-787,2012,0.1360074923019632,46,32
CWE-788,2012,-0.0,0,0
CWE-789,2012,-0.0,0,0
CWE-790,2012,-0.0,0,0
CWE-791,2012,-0.0,0,0
CWE-792,2012,-0.0,0,0
CWE-794,2012,-0.0,0,0
CWE-798,2012,0.005311548762770648,19,1
CWE-799,2012,-0.0,0,0
CWE-804,2012,-0.0,0,0
CWE-805,2012,-0.0,0,0
CWE-807,2012,-0.0,0,0
CWE-820,2012,-0.0,0,0
CWE-821,2012,-0.0,0,0
CWE-822,2012,-0.0,0,0
CWE-823,2012,-0.0,0,0
CWE-824,2012,-0.0,0,0
CWE-825,2012,-0.0,0,0
CWE-826,2012,-0.0,0,0
CWE-828,2012,-0.0,0,0
CWE-829,2012,-0.0,0,0
CWE-830,2012,-0.0,0,0
CWE-832,2012,-0.0,0,0
CWE-833,2012,-0.0,0,0
CWE-834,2012,-0.0,0,0
CWE-835,2012,0.05481909458715628,36,3
CWE-836,2012,-0.0,0,0
CWE-837,2012,-0.0,0,0
CWE-838,2012,-0.0,0,0
CWE-839,2012,-0.0,0,0
CWE-840,2012,-0.0,0,0
CWE-841,2012,-0.0,0,0
CWE-842,2012,-0.0,0,0
CWE-843,2012,0.0046128039687884596,11,1
CWE-862,2012,0.0006262306639826264,4,1
CWE-863,2012,0.0006263830870941559,1,1
CWE-882,2012,-0.0,0,0
CWE-908,2012,-0.0,0,0
CWE-909,2012,-0.0,0,0
CWE-910,2012,-0.0,0,0
CWE-911,2012,-0.0,0,0
CWE-912,2012,-0.0,0,0
CWE-913,2012,-0.0,0,1
CWE-914,2012,-0.0,0,0
CWE-915,2012,-0.0,0,0
CWE-916,2012,-0.0,0,0
CWE-917,2012,-0.0,0,0
CWE-918,2012,-0.0,0,0
CWE-920,2012,-0.0,0,0
CWE-921,2012,-0.0,0,0
CWE-922,2012,-0.0,0,0
CWE-923,2012,-0.0,0,0
CWE-924,2012,-0.0,0,0
CWE-925,2012,-0.0,0,0
CWE-926,2012,-0.0,0,0
CWE-927,2012,-0.0,0,0
CWE-939,2012,-0.0,0,0
CWE-940,2012,-0.0,0,0
CWE-941,2012,-0.0,0,0
CWE-942,2012,-0.0,0,0
CWE-943,2012,-0.0,0,0
CWE-1004,2012,-0.0,0,0
CWE-1007,2012,-0.0,0,0
CWE-1018,2012,-0.0,0,0
CWE-1021,2012,-0.0,0,0
CWE-1022,2012,-0.0,0,0
CWE-1023,2012,-0.0,0,0
CWE-1025,2012,-0.0,0,0
CWE-1026,2012,-0.0,0,0
CWE-1027,2012,-0.0,0,0
CWE-1032,2012,-0.0,0,0
CWE-1035,2012,-0.0,0,0
CWE-1037,2012,-0.0,0,0
CWE-1038,2012,-0.0,0,0
CWE-1039,2012,-0.0,0,0
CWE-1046,2012,-0.0,0,0
CWE-1049,2012,-0.0,0,0
CWE-1050,2012,-0.0,0,0
CWE-1059,2012,-0.0,0,0
CWE-1068,2012,-0.0,0,0
CWE-1072,2012,-0.0,0,0
CWE-1076,2012,-0.0,0,0
CWE-1077,2012,-0.0,0,0
CWE-1088,2012,-0.0,0,0
CWE-1100,2012,-0.0,0,0
CWE-1102,2012,-0.0,0,0
CWE-1103,2012,-0.0,0,0
CWE-1104,2012,-0.0,0,0
CWE-1106,2012,-0.0,0,0
CWE-1108,2012,-0.0,0,0
CWE-1112,2012,-0.0,0,0
CWE-1116,2012,-0.0,0,0
CWE-1119,2012,-0.0,0,0
CWE-1124,2012,-0.0,0,0
CWE-1125,2012,-0.0,0,0
CWE-1149,2012,-0.0,0,0
CWE-1164,2012,-0.0,0,0
CWE-1173,2012,-0.0,0,0
CWE-1174,2012,-0.0,0,0
CWE-1176,2012,-0.0,0,0
CWE-1187,2012,-0.0,0,0
CWE-1188,2012,-0.0,0,0
CWE-1189,2012,-0.0,0,0
CWE-1191,2012,-0.0,0,0
CWE-1204,2012,-0.0,0,0
CWE-1220,2012,-0.0,0,0
CWE-1223,2012,-0.0,0,0
CWE-1230,2012,-0.0,0,0
CWE-1231,2012,-0.0,0,0
CWE-1233,2012,-0.0,0,0
CWE-1234,2012,-0.0,0,0
CWE-1236,2012,-0.0,0,0
CWE-1240,2012,-0.0,0,0
CWE-1241,2012,-0.0,0,0
CWE-1242,2012,-0.0,0,0
CWE-1244,2012,-0.0,0,0
CWE-1245,2012,-0.0,0,0
CWE-1246,2012,-0.0,0,0
CWE-1247,2012,-0.0,0,0
CWE-1250,2012,-0.0,0,0
CWE-1251,2012,-0.0,0,0
CWE-1254,2012,-0.0,0,0
CWE-1255,2012,-0.0,0,0
CWE-1256,2012,-0.0,0,0
CWE-1257,2012,-0.0,0,0
CWE-1258,2012,-0.0,0,0
CWE-1259,2012,-0.0,0,0
CWE-1260,2012,-0.0,0,0
CWE-1262,2012,-0.0,0,0
CWE-1263,2012,-0.0,0,0
CWE-1264,2012,-0.0,0,0
CWE-1268,2012,-0.0,0,0
CWE-1270,2012,-0.0,0,0
CWE-1274,2012,-0.0,0,0
CWE-1275,2012,-0.0,0,0
CWE-1276,2012,-0.0,0,0
CWE-1277,2012,-0.0,0,0
CWE-1278,2012,-0.0,0,0
CWE-1280,2012,-0.0,0,0
CWE-1281,2012,-0.0,0,0
CWE-1282,2012,-0.0,0,0
CWE-1283,2012,-0.0,0,0
CWE-1284,2012,-0.0,0,0
CWE-1285,2012,-0.0,0,0
CWE-1286,2012,-0.0,0,0
CWE-1287,2012,-0.0,0,0
CWE-1288,2012,-0.0,0,0
CWE-1289,2012,-0.0,0,0
CWE-1294,2012,-0.0,0,0
CWE-1295,2012,-0.0,0,0
CWE-1298,2012,-0.0,0,0
CWE-1299,2012,-0.0,0,0
CWE-1300,2012,-0.0,0,0
CWE-1301,2012,-0.0,0,0
CWE-1303,2012,-0.0,0,0
CWE-1304,2012,-0.0,0,0
CWE-1310,2012,-0.0,0,0
CWE-1312,2012,-0.0,0,0
CWE-1313,2012,-0.0,0,0
CWE-1314,2012,-0.0,0,0
CWE-1316,2012,-0.0,0,0
CWE-1319,2012,-0.0,0,0
CWE-1320,2012,-0.0,0,0
CWE-1321,2012,-0.0,0,0
CWE-1322,2012,-0.0,0,0
CWE-1323,2012,-0.0,0,0
CWE-1325,2012,-0.0,0,0
CWE-1326,2012,-0.0,0,0
CWE-1327,2012,-0.0,0,0
CWE-1328,2012,-0.0,0,0
CWE-1329,2012,-0.0,0,0
CWE-1330,2012,-0.0,0,0
CWE-1332,2012,-0.0,0,0
CWE-1333,2012,-0.0,0,0
CWE-1334,2012,-0.0,0,0
CWE-1335,2012,-0.0,0,0
CWE-1336,2012,-0.0,0,0
CWE-1342,2012,-0.0,0,0
CWE-1357,2012,-0.0,0,0
CWE-1366,2012,-0.0,0,0
CWE-1384,2012,-0.0,0,0
CWE-1385,2012,-0.0,0,0
CWE-1386,2012,-0.0,0,0
CWE-1389,2012,-0.0,0,0
CWE-1390,2012,-0.0,0,0
CWE-1391,2012,-0.0,0,0
CWE-1392,2012,-0.0,0,0
CWE-1393,2012,-0.0,0,0
CWE-1394,2012,-0.0,0,0
CWE-1,2013,0.0,0,0
CWE-5,2013,0.0,0,0
CWE-14,2013,0.0,0,0
CWE-15,2013,0.0,0,0
CWE-16,2013,0.026487203179535804,24,20
CWE-17,2013,0.00040943952105187975,1,1
CWE-18,2013,0.0,0,0
CWE-19,2013,-1.3877787807814457e-17,0,0
CWE-20,2013,0.42547662130490405,44,493
CWE-21,2013,0.0,0,0
CWE-22,2013,0.13875876588995567,40,103
CWE-23,2013,0.0,0,0
CWE-24,2013,0.0,0,0
CWE-25,2013,0.0,0,0
CWE-26,2013,0.0,0,0
CWE-27,2013,0.0,0,0
CWE-28,2013,0.0,0,0
CWE-29,2013,0.0,0,0
CWE-31,2013,0.0,0,0
CWE-32,2013,0.0,0,0
CWE-35,2013,0.0,0,0
CWE-36,2013,0.0,0,0
CWE-37,2013,0.0,0,0
CWE-38,2013,0.0,0,0
CWE-40,2013,0.0,0,0
CWE-41,2013,0.0,0,0
CWE-42,2013,0.0,0,0
CWE-43,2013,0.0,0,0
CWE-46,2013,0.0,0,0
CWE-50,2013,0.0,0,0
CWE-55,2013,0.0,0,0
CWE-57,2013,0.0,0,0
CWE-59,2013,0.022477675942822878,35,19
CWE-61,2013,0.0,0,0
CWE-64,2013,0.0,0,0
CWE-65,2013,0.0,0,0
CWE-66,2013,0.0,0,0
CWE-67,2013,0.0,0,0
CWE-69,2013,0.0,0,0
CWE-73,2013,0.0,0,0
CWE-74,2013,0.0017490873502840714,5,1
CWE-75,2013,0.0,0,0
CWE-76,2013,0.0,0,0
CWE-77,2013,0.003255805382997673,10,1
CWE-78,2013,0.03584812680960799,15,33
CWE-79,2013,0.2642108978720507,41,615
CWE-80,2013,0.0,0,0
CWE-81,2013,0.0,0,0
CWE-82,2013,0.0,0,0
CWE-83,2013,0.0,0,0
CWE-84,2013,0.0,0,0
CWE-85,2013,0.0,0,0
CWE-86,2013,0.0,0,0
CWE-87,2013,0.0,0,0
CWE-88,2013,0.0,0,0
CWE-89,2013,0.09219432171560085,36,145
CWE-90,2013,0.0,0,0
CWE-91,2013,0.0,0,0
CWE-92,2013,0.0,0,0
CWE-93,2013,0.0,0,0
CWE-94,2013,0.193972104821947,40,138
CWE-95,2013,0.0,0,0
CWE-96,2013,0.0,0,0
CWE-97,2013,0.0,0,0
CWE-98,2013,0.0,0,0
CWE-99,2013,0.0,0,0
CWE-112,2013,0.0,0,0
CWE-113,2013,0.0,0,0
CWE-114,2013,0.0,0,0
CWE-115,2013,0.0,0,0
CWE-116,2013,0.0073030440020447895,30,1
CWE-117,2013,0.0,0,0
CWE-118,2013,0.0,0,0
CWE-119,2013,0.38642460386056,42,730
CWE-120,2013,0.08152287629869245,36,6
CWE-121,2013,0.0,0,0
CWE-122,2013,0.0,0,0
CWE-123,2013,0.0,0,0
CWE-124,2013,0.0,0,0
CWE-125,2013,0.06244602816259923,35,4
CWE-126,2013,0.0,0,0
CWE-127,2013,0.0,0,0
CWE-128,2013,0.0,0,0
CWE-129,2013,0.0,0,0
CWE-130,2013,0.0,0,0
CWE-131,2013,0.0,0,0
CWE-134,2013,0.02735969795546006,38,9
CWE-138,2013,0.0,0,0
CWE-140,2013,0.0,0,0
CWE-141,2013,0.0,0,0
CWE-142,2013,0.0,0,0
CWE-143,2013,0.0,0,0
CWE-144,2013,0.0,0,0
CWE-145,2013,0.0,0,0
CWE-146,2013,0.0,0,0
CWE-147,2013,0.0,0,0
CWE-148,2013,0.0,0,0
CWE-149,2013,0.0,0,0
CWE-150,2013,0.0,0,0
CWE-153,2013,0.0,0,0
CWE-155,2013,0.0,0,0
CWE-156,2013,0.0,0,0
CWE-158,2013,0.0,0,0
CWE-159,2013,0.0,0,0
CWE-162,2013,0.0,0,0
CWE-164,2013,0.0,0,0
CWE-166,2013,0.0,0,0
CWE-167,2013,0.0,0,0
CWE-168,2013,0.0,0,0
CWE-170,2013,0.0,0,0
CWE-172,2013,0.0,0,0
CWE-173,2013,0.0,0,0
CWE-174,2013,0.0,0,0
CWE-176,2013,0.0,0,0
CWE-177,2013,0.0,0,0
CWE-178,2013,0.0,0,0
CWE-179,2013,0.0,0,0
CWE-180,2013,0.0,0,0
CWE-183,2013,0.0,0,0
CWE-184,2013,0.0,0,0
CWE-185,2013,0.0,0,0
CWE-186,2013,0.0,0,0
CWE-187,2013,0.0,0,0
CWE-188,2013,0.0,0,0
CWE-189,2013,0.15284475953825635,39,130
CWE-190,2013,0.11939743959668807,38,14
CWE-191,2013,0.0,0,0
CWE-192,2013,0.0,0,0
CWE-193,2013,0.010104109033009297,31,1
CWE-194,2013,0.0,0,0
CWE-195,2013,0.0,0,0
CWE-196,2013,0.0,0,0
CWE-197,2013,0.0,0,0
CWE-198,2013,0.0,0,0
CWE-199,2013,0.0,0,0
CWE-200,2013,0.3022805835112472,44,244
CWE-201,2013,0.0,0,0
CWE-202,2013,0.0,0,0
CWE-203,2013,0.02689854478867233,28,1
CWE-204,2013,0.0,0,0
CWE-207,2013,0.0,0,0
CWE-208,2013,0.0,0,0
CWE-209,2013,0.0,0,0
CWE-212,2013,0.0,0,0
CWE-213,2013,0.0,0,0
CWE-214,2013,0.0,0,0
CWE-215,2013,0.0,0,0
CWE-216,2013,0.0,0,0
CWE-219,2013,0.0,0,0
CWE-221,2013,0.0,0,0
CWE-223,2013,0.0,0,0
CWE-226,2013,0.0,0,0
CWE-227,2013,0.0,0,0
CWE-228,2013,0.0,0,0
CWE-229,2013,0.0,0,0
CWE-230,2013,0.0,0,0
CWE-231,2013,0.0,0,0
CWE-232,2013,0.0,0,0
CWE-233,2013,0.0,0,0
CWE-235,2013,0.0,0,0
CWE-236,2013,0.0,0,0
CWE-237,2013,0.0,0,0
CWE-239,2013,0.0,0,0
CWE-240,2013,0.0,0,0
CWE-241,2013,0.0,0,0
CWE-242,2013,0.0,0,0
CWE-244,2013,0.0,0,0
CWE-248,2013,0.0,0,0
CWE-250,2013,0.0,0,0
CWE-252,2013,0.0,0,0
CWE-253,2013,0.0,0,0
CWE-254,2013,0.0,0,0
CWE-255,2013,0.19047971790789742,38,86
CWE-256,2013,0.0,0,0
CWE-257,2013,0.0,0,0
CWE-258,2013,0.0,0,0
CWE-259,2013,0.0,0,0
CWE-260,2013,0.0,0,0
CWE-261,2013,0.0,0,0
CWE-262,2013,0.0,0,0
CWE-263,2013,0.0,0,0
CWE-264,2013,0.38116756156939113,44,552
CWE-265,2013,0.0,0,0
CWE-266,2013,0.0,0,0
CWE-267,2013,0.0,0,0
CWE-268,2013,0.0,0,0
CWE-269,2013,0.009644344241684397,29,1
CWE-270,2013,0.0,0,0
CWE-271,2013,0.0,0,0
CWE-272,2013,0.0,0,0
CWE-273,2013,0.0,0,0
CWE-274,2013,0.0,0,0
CWE-275,2013,0.0,0,0
CWE-276,2013,0.006261892472724867,25,2
CWE-277,2013,0.0,0,0
CWE-278,2013,0.0,0,0
CWE-279,2013,0.0,0,0
CWE-280,2013,0.0,0,0
CWE-281,2013,0.0,0,0
CWE-282,2013,0.0,0,0
CWE-283,2013,0.0,0,0
CWE-284,2013,0.0023905350386353406,7,1
CWE-285,2013,0.0,0,0
CWE-286,2013,0.0,0,0
CWE-287,2013,0.2632789428915523,43,108
CWE-288,2013,0.0,0,0
CWE-289,2013,0.0,0,0
CWE-290,2013,0.0,0,0
CWE-291,2013,0.0,0,0
CWE-292,2013,0.0,0,0
CWE-294,2013,0.0,0,0
CWE-295,2013,0.049229428757500325,36,1
CWE-296,2013,0.0,0,0
CWE-297,2013,0.0,0,0
CWE-298,2013,0.0,0,0
CWE-299,2013,0.0,0,0
CWE-300,2013,0.0,0,0
CWE-302,2013,0.0,0,0
CWE-303,2013,0.0,0,0
CWE-304,2013,0.0,0,0
CWE-305,2013,0.0,0,0
CWE-306,2013,0.0,0,0
CWE-307,2013,0.0,0,0
CWE-308,2013,0.0,0,0
CWE-309,2013,0.0,0,0
CWE-310,2013,0.17571109020495168,42,123
CWE-311,2013,0.0,0,0
CWE-312,2013,0.0,0,0
CWE-313,2013,0.0,0,0
CWE-315,2013,0.0,0,0
CWE-316,2013,0.0,0,0
CWE-317,2013,0.0,0,0
CWE-319,2013,0.0,0,0
CWE-320,2013,0.0,0,0
CWE-321,2013,0.0,0,0
CWE-322,2013,0.0,0,0
CWE-323,2013,0.0,0,0
CWE-324,2013,0.0,0,0
CWE-325,2013,0.0,0,0
CWE-326,2013,0.044408373680093045,35,3
CWE-327,2013,0.0,0,1
CWE-328,2013,0.0,0,0
CWE-329,2013,0.0,0,0
CWE-330,2013,1.85083738342906e-05,1,1
CWE-331,2013,0.0,0,0
CWE-332,2013,0.0,0,0
CWE-333,2013,0.0,0,0
CWE-334,2013,0.0,0,0
CWE-335,2013,0.0,0,0
CWE-336,2013,0.0,0,0
CWE-337,2013,0.0,0,0
CWE-338,2013,0.0,0,0
CWE-339,2013,0.0,0,0
CWE-340,2013,0.0,0,0
CWE-341,2013,0.0,0,0
CWE-342,2013,0.0,0,0
CWE-343,2013,0.0,0,0
CWE-344,2013,0.0,0,0
CWE-345,2013,0.0,0,0
CWE-346,2013,0.0,0,0
CWE-347,2013,0.012802843606505167,12,1
CWE-348,2013,0.0,0,0
CWE-349,2013,0.0,0,0
CWE-350,2013,0.0,0,0
CWE-351,2013,0.0,0,0
CWE-352,2013,0.10426659599573243,18,119
CWE-353,2013,0.0,0,0
CWE-354,2013,0.0,0,0
CWE-356,2013,0.0,0,0
CWE-357,2013,0.0,0,0
CWE-358,2013,0.0,0,0
CWE-359,2013,0.0,0,0
CWE-361,2013,0.0,0,0
CWE-362,2013,0.07173887273696308,39,63
CWE-363,2013,0.0,0,0
CWE-364,2013,0.0,0,0
CWE-366,2013,0.0,0,0
CWE-367,2013,0.0,0,0
CWE-369,2013,0.0,0,0
CWE-371,2013,0.0,0,0
CWE-372,2013,0.0,0,0
CWE-377,2013,0.0,0,0
CWE-378,2013,0.0,0,0
CWE-379,2013,0.0,0,0
CWE-384,2013,0.0,0,0
CWE-385,2013,0.0,0,0
CWE-386,2013,0.0,0,0
CWE-388,2013,0.0,0,0
CWE-390,2013,0.0,0,0
CWE-391,2013,0.0,0,0
CWE-392,2013,0.0,0,0
CWE-393,2013,0.0,0,0
CWE-394,2013,0.0,0,0
CWE-395,2013,0.0,0,0
CWE-396,2013,0.0,0,0
CWE-399,2013,0.22516217978801037,41,261
CWE-400,2013,0.015477773714851567,23,3
CWE-401,2013,0.0,0,0
CWE-402,2013,0.0,0,0
CWE-403,2013,0.0,0,0
CWE-404,2013,0.0,0,0
CWE-405,2013,0.0,0,0
CWE-406,2013,0.0,0,0
CWE-407,2013,0.0,0,0
CWE-408,2013,0.0,0,0
CWE-409,2013,0.0,0,0
CWE-410,2013,0.0,0,0
CWE-412,2013,0.0,0,0
CWE-413,2013,0.0,0,0
CWE-414,2013,0.0,0,0
CWE-415,2013,0.0,0,0
CWE-416,2013,0.11051140042319273,38,39
CWE-417,2013,0.0,0,0
CWE-419,2013,0.0,0,0
CWE-420,2013,0.0,0,0
CWE-421,2013,0.0,0,0
CWE-422,2013,0.0,0,0
CWE-424,2013,0.0,0,0
CWE-425,2013,0.0,0,0
CWE-426,2013,0.0,0,0
CWE-427,2013,0.0,0,0
CWE-428,2013,0.0,0,0
CWE-430,2013,0.0,0,0
CWE-431,2013,0.0,0,0
CWE-433,2013,0.0,0,0
CWE-434,2013,0.0,0,0
CWE-435,2013,0.0,0,0
CWE-436,2013,0.0,0,0
CWE-437,2013,0.0,0,0
CWE-440,2013,0.0,0,0
CWE-441,2013,0.0,0,0
CWE-444,2013,0.0,0,0
CWE-446,2013,0.0,0,0
CWE-447,2013,0.0,0,0
CWE-448,2013,0.0,0,0
CWE-449,2013,0.0,0,0
CWE-450,2013,0.0,0,0
CWE-451,2013,0.0,0,0
CWE-453,2013,0.0,0,0
CWE-454,2013,0.0,0,0
CWE-455,2013,0.0,0,0
CWE-456,2013,0.0,0,0
CWE-457,2013,0.0,0,0
CWE-459,2013,0.0,0,0
CWE-460,2013,0.0,0,0
CWE-462,2013,0.0,0,0
CWE-463,2013,0.0,0,0
CWE-465,2013,0.0,0,0
CWE-466,2013,0.0,0,0
CWE-467,2013,0.0,0,0
CWE-468,2013,0.0,0,0
CWE-469,2013,0.0,0,0
CWE-470,2013,0.0,0,0
CWE-471,2013,0.0,0,0
CWE-472,2013,0.0,0,0
CWE-473,2013,0.0,0,0
CWE-474,2013,0.0,0,0
CWE-475,2013,0.0,0,0
CWE-476,2013,0.04540956512479825,37,8
CWE-477,2013,0.0,0,0
CWE-479,2013,0.0,0,0
CWE-480,2013,0.0,0,0
CWE-484,2013,0.0,0,0
CWE-488,2013,0.0,0,0
CWE-489,2013,0.0,0,0
CWE-491,2013,0.0,0,0
CWE-494,2013,0.0,0,0
CWE-495,2013,0.0,0,0
CWE-497,2013,0.0,0,0
CWE-501,2013,0.0,0,0
CWE-502,2013,3.58769579502879e-05,1,2
CWE-506,2013,0.0,0,0
CWE-507,2013,0.0,0,0
CWE-514,2013,0.0,0,0
CWE-520,2013,0.0,0,0
CWE-521,2013,0.0,0,0
CWE-522,2013,0.020244374948453527,30,4
CWE-523,2013,0.0,0,0
CWE-524,2013,0.0,0,0
CWE-525,2013,0.0,0,0
CWE-526,2013,0.0,0,0
CWE-527,2013,0.0,0,0
CWE-530,2013,0.0,0,0
CWE-531,2013,0.0,0,0
CWE-532,2013,0.0,0,1
CWE-533,2013,0.0,0,0
CWE-534,2013,0.0,0,0
CWE-538,2013,0.0,0,0
CWE-539,2013,0.0,0,0
CWE-540,2013,0.0,0,0
CWE-544,2013,0.0,0,0
CWE-547,2013,0.0,0,0
CWE-548,2013,0.0,0,0
CWE-549,2013,0.0,0,0
CWE-550,2013,0.0,0,0
CWE-551,2013,0.0,0,0
CWE-552,2013,0.0,0,0
CWE-553,2013,0.0,0,0
CWE-555,2013,0.0,0,0
CWE-556,2013,0.0,0,0
CWE-557,2013,0.0,0,0
CWE-561,2013,0.0,0,0
CWE-562,2013,0.0,0,0
CWE-563,2013,0.0,0,0
CWE-564,2013,0.0,0,0
CWE-565,2013,0.0,0,0
CWE-566,2013,0.0,0,0
CWE-567,2013,0.0,0,0
CWE-570,2013,0.0,0,0
CWE-571,2013,0.0,0,0
CWE-573,2013,0.0,0,0
CWE-590,2013,0.0,0,0
CWE-591,2013,0.0,0,0
CWE-592,2013,0.0,0,0
CWE-597,2013,0.0,0,0
CWE-598,2013,0.0,0,0
CWE-599,2013,0.0,0,0
CWE-600,2013,0.0,0,0
CWE-601,2013,0.0,0,0
CWE-602,2013,0.0,0,0
CWE-603,2013,0.0,0,0
CWE-605,2013,0.0,0,0
CWE-606,2013,0.0,0,0
CWE-610,2013,0.0,0,0
CWE-611,2013,0.031231394693636862,36,4
CWE-612,2013,0.0,0,0
CWE-613,2013,0.0,0,0
CWE-614,2013,0.0,0,0
CWE-615,2013,0.0,0,0
CWE-616,2013,0.0,0,0
CWE-617,2013,0.0,0,0
CWE-618,2013,0.0,0,0
CWE-620,2013,0.0,0,0
CWE-622,2013,0.0,0,0
CWE-623,2013,0.0,0,0
CWE-624,2013,0.0,0,0
CWE-625,2013,0.0,0,0
CWE-626,2013,0.0,0,0
CWE-627,2013,0.0,0,0
CWE-628,2013,0.0,0,0
CWE-636,2013,0.0,0,0
CWE-639,2013,0.0,0,0
CWE-640,2013,0.0,0,0
CWE-641,2013,0.0,0,0
CWE-642,2013,0.0,0,0
CWE-643,2013,0.0,0,0
CWE-644,2013,0.0,0,0
CWE-645,2013,0.0,0,0
CWE-646,2013,0.0,0,0
CWE-647,2013,0.0,0,0
CWE-648,2013,0.0,0,0
CWE-649,2013,0.0,0,0
CWE-650,2013,0.0,0,0
CWE-653,2013,0.0,0,0
CWE-655,2013,0.0,0,0
CWE-656,2013,0.0,0,0
CWE-657,2013,0.0,0,0
CWE-662,2013,0.0,0,0
CWE-664,2013,0.0,0,0
CWE-665,2013,0.051235944098870716,36,2
CWE-666,2013,0.0,0,0
CWE-667,2013,0.0,0,0
CWE-668,2013,0.00035661173810222745,1,1
CWE-669,2013,0.0,0,0
CWE-670,2013,0.0,0,0
CWE-671,2013,0.0,0,0
CWE-672,2013,0.0,0,0
CWE-673,2013,0.0,0,0
CWE-674,2013,0.0,0,0
CWE-675,2013,0.0,0,0
CWE-676,2013,0.0,0,0
CWE-680,2013,0.0,0,0
CWE-681,2013,0.0,0,0
CWE-682,2013,0.0,0,0
CWE-683,2013,0.0,0,0
CWE-684,2013,0.0,0,0
CWE-686,2013,0.0,0,0
CWE-688,2013,0.0,0,0
CWE-689,2013,0.0,0,0
CWE-690,2013,0.0,0,0
CWE-691,2013,0.0,0,0
CWE-692,2013,0.0,0,0
CWE-693,2013,0.0,0,0
CWE-694,2013,0.0,0,0
CWE-696,2013,0.0,0,0
CWE-697,2013,0.0,0,0
CWE-698,2013,0.0,0,0
CWE-701,2013,0.0,0,0
CWE-703,2013,0.0,0,0
CWE-704,2013,0.0,0,0
CWE-705,2013,0.0,0,0
CWE-706,2013,0.0,0,0
CWE-707,2013,0.0,0,0
CWE-708,2013,0.0,0,0
CWE-710,2013,0.0,0,0
CWE-732,2013,0.010104109033009297,31,2
CWE-733,2013,0.0,0,0
CWE-749,2013,0.0,0,0
CWE-754,2013,0.0,0,0
CWE-755,2013,0.0,0,0
CWE-757,2013,0.0,0,0
CWE-758,2013,0.0,0,0
CWE-759,2013,0.0,0,0
CWE-760,2013,0.0,0,0
CWE-761,2013,0.0,0,0
CWE-762,2013,0.0,0,0
CWE-763,2013,0.0,0,0
CWE-767,2013,0.0,0,0
CWE-768,2013,0.0,0,0
CWE-769,2013,0.0,0,0
CWE-770,2013,0.0,0,0
CWE-771,2013,0.0,0,0
CWE-772,2013,0.003380092744345343,9,1
CWE-774,2013,0.0,0,0
CWE-775,2013,0.0,0,0
CWE-776,2013,0.0,0,0
CWE-777,2013,0.0,0,0
CWE-778,2013,0.0,0,0
CWE-779,2013,0.0,0,0
CWE-780,2013,0.0,0,0
CWE-782,2013,0.0,0,0
CWE-783,2013,0.0,0,0
CWE-784,2013,0.0,0,0
CWE-786,2013,0.0,0,0
CWE-787,2013,0.12361889050463291,38,20
CWE-788,2013,0.0,0,0
CWE-789,2013,0.0,0,0
CWE-790,2013,0.0,0,0
CWE-791,2013,0.0,0,0
CWE-792,2013,0.0,0,0
CWE-794,2013,0.0,0,0
CWE-798,2013,0.0,0,1
CWE-799,2013,0.0,0,0
CWE-804,2013,0.0,0,0
CWE-805,2013,0.0,0,0
CWE-807,2013,0.0,0,0
CWE-820,2013,0.0,0,0
CWE-821,2013,0.0,0,0
CWE-822,2013,0.0,0,0
CWE-823,2013,0.0,0,0
CWE-824,2013,0.0,0,0
CWE-825,2013,0.0,0,0
CWE-826,2013,0.0,0,0
CWE-828,2013,0.0,0,0
CWE-829,2013,0.0,0,0
CWE-830,2013,0.0,0,0
CWE-832,2013,0.0,0,0
CWE-833,2013,0.0,0,0
CWE-834,2013,0.0,0,0
CWE-835,2013,0.0,0,1
CWE-836,2013,0.0,0,0
CWE-837,2013,0.0,0,0
CWE-838,2013,0.0,0,0
CWE-839,2013,0.0,0,0
CWE-840,2013,0.0,0,0
CWE-841,2013,0.0,0,0
CWE-842,2013,0.0,0,0
CWE-843,2013,0.011309035547480216,31,1
CWE-862,2013,0.0,0,0
CWE-863,2013,0.013664342973300835,33,3
CWE-882,2013,0.0,0,0
CWE-908,2013,0.0,0,0
CWE-909,2013,0.0,0,0
CWE-910,2013,0.0,0,0
CWE-911,2013,0.0,0,0
CWE-912,2013,0.0,0,0
CWE-913,2013,0.0,0,0
CWE-914,2013,0.0,0,0
CWE-915,2013,0.0,0,0
CWE-916,2013,0.0,0,0
CWE-917,2013,0.0,0,0
CWE-918,2013,0.0,0,0
CWE-920,2013,0.0,0,0
CWE-921,2013,0.0,0,0
CWE-922,2013,0.0,0,0
CWE-923,2013,0.0,0,0
CWE-924,2013,0.0,0,0
CWE-925,2013,0.0,0,0
CWE-926,2013,0.0,0,0
CWE-927,2013,0.0,0,0
CWE-939,2013,0.0,0,0
CWE-940,2013,0.0,0,0
CWE-941,2013,0.0,0,0
CWE-942,2013,0.0,0,0
CWE-943,2013,0.0,0,0
CWE-1004,2013,0.0,0,0
CWE-1007,2013,0.0,0,0
CWE-1018,2013,0.0,0,0
CWE-1021,2013,0.05813985067822928,34,1
CWE-1022,2013,0.0,0,0
CWE-1023,2013,0.0,0,0
CWE-1025,2013,0.0,0,0
CWE-1026,2013,0.0,0,0
CWE-1027,2013,0.0,0,0
CWE-1032,2013,0.0,0,0
CWE-1035,2013,0.0,0,0
CWE-1037,2013,0.0,0,0
CWE-1038,2013,0.0,0,0
CWE-1039,2013,0.0,0,0
CWE-1046,2013,0.0,0,0
CWE-1049,2013,0.0,0,0
CWE-1050,2013,0.0,0,0
CWE-1059,2013,0.0,0,0
CWE-1068,2013,0.0,0,0
CWE-1072,2013,0.0,0,0
CWE-1076,2013,0.0,0,0
CWE-1077,2013,0.0,0,0
CWE-1088,2013,0.0,0,0
CWE-1100,2013,0.0,0,0
CWE-1102,2013,0.0,0,0
CWE-1103,2013,0.0,0,0
CWE-1104,2013,0.0,0,0
CWE-1106,2013,0.0,0,0
CWE-1108,2013,0.0,0,0
CWE-1112,2013,0.0,0,0
CWE-1116,2013,0.0,0,0
CWE-1119,2013,0.0,0,0
CWE-1124,2013,0.0,0,0
CWE-1125,2013,0.0,0,0
CWE-1149,2013,0.0,0,0
CWE-1164,2013,0.0,0,0
CWE-1173,2013,0.0,0,0
CWE-1174,2013,0.0,0,0
CWE-1176,2013,0.0,0,0
CWE-1187,2013,0.0,0,0
CWE-1188,2013,0.0,0,0
CWE-1189,2013,0.0,0,0
CWE-1191,2013,0.0,0,0
CWE-1204,2013,0.0,0,0
CWE-1220,2013,0.0,0,0
CWE-1223,2013,0.0,0,0
CWE-1230,2013,0.0,0,0
CWE-1231,2013,0.0,0,0
CWE-1233,2013,0.0,0,0
CWE-1234,2013,0.0,0,0
CWE-1236,2013,0.0,0,0
CWE-1240,2013,0.0,0,0
CWE-1241,2013,0.0,0,0
CWE-1242,2013,0.0,0,0
CWE-1244,2013,0.0,0,0
CWE-1245,2013,0.0,0,0
CWE-1246,2013,0.0,0,0
CWE-1247,2013,0.0,0,0
CWE-1250,2013,0.0,0,0
CWE-1251,2013,0.0,0,0
CWE-1254,2013,0.0,0,0
CWE-1255,2013,0.0,0,0
CWE-1256,2013,0.0,0,0
CWE-1257,2013,0.0,0,0
CWE-1258,2013,0.0,0,0
CWE-1259,2013,0.0,0,0
CWE-1260,2013,0.0,0,0
CWE-1262,2013,0.0,0,0
CWE-1263,2013,0.0,0,0
CWE-1264,2013,0.0,0,0
CWE-1268,2013,0.0,0,0
CWE-1270,2013,0.0,0,0
CWE-1274,2013,0.0,0,0
CWE-1275,2013,0.0,0,0
CWE-1276,2013,0.0,0,0
CWE-1277,2013,0.0,0,0
CWE-1278,2013,0.0,0,0
CWE-1280,2013,0.0,0,0
CWE-1281,2013,0.0,0,0
CWE-1282,2013,0.0,0,0
CWE-1283,2013,0.0,0,0
CWE-1284,2013,0.0,0,0
CWE-1285,2013,0.0,0,0
CWE-1286,2013,0.0,0,0
CWE-1287,2013,0.0,0,0
CWE-1288,2013,0.0,0,0
CWE-1289,2013,0.0,0,0
CWE-1294,2013,0.0,0,0
CWE-1295,2013,0.0,0,0
CWE-1298,2013,0.0,0,0
CWE-1299,2013,0.0,0,0
CWE-1300,2013,0.0,0,0
CWE-1301,2013,0.0,0,0
CWE-1303,2013,0.0,0,0
CWE-1304,2013,0.0,0,0
CWE-1310,2013,0.0,0,0
CWE-1312,2013,0.0,0,0
CWE-1313,2013,0.0,0,0
CWE-1314,2013,0.0,0,0
CWE-1316,2013,0.0,0,0
CWE-1319,2013,0.0,0,0
CWE-1320,2013,0.0,0,0
CWE-1321,2013,0.0,0,0
CWE-1322,2013,0.0,0,0
CWE-1323,2013,0.0,0,0
CWE-1325,2013,0.0,0,0
CWE-1326,2013,0.0,0,0
CWE-1327,2013,0.0,0,0
CWE-1328,2013,0.0,0,0
CWE-1329,2013,0.0,0,0
CWE-1330,2013,0.0,0,0
CWE-1332,2013,0.0,0,0
CWE-1333,2013,0.0,0,0
CWE-1334,2013,0.0,0,0
CWE-1335,2013,0.0,0,0
CWE-1336,2013,0.0,0,0
CWE-1342,2013,0.0,0,0
CWE-1357,2013,0.0,0,0
CWE-1366,2013,0.0,0,0
CWE-1384,2013,0.0,0,0
CWE-1385,2013,0.0,0,0
CWE-1386,2013,0.0,0,0
CWE-1389,2013,0.0,0,0
CWE-1390,2013,0.0,0,0
CWE-1391,2013,0.0,0,0
CWE-1392,2013,0.0,0,0
CWE-1393,2013,0.0,0,0
CWE-1394,2013,0.0,0,0
CWE-1,2014,-0.0,0,0
CWE-5,2014,-0.0,0,0
CWE-14,2014,-0.0,0,0
CWE-15,2014,-0.0,0,0
CWE-16,2014,0.00985234240285203,20,5
CWE-17,2014,0.04514802003253626,45,21
CWE-18,2014,-0.0,0,1
CWE-19,2014,0.0311086474235234,43,16
CWE-20,2014,0.33598567833754245,55,534
CWE-21,2014,-0.0,0,1
CWE-22,2014,0.13418645787953834,50,198
CWE-23,2014,-0.0,0,0
CWE-24,2014,-0.0,0,0
CWE-25,2014,-0.0,0,0
CWE-26,2014,-0.0,0,0
CWE-27,2014,-0.0,0,0
CWE-28,2014,-0.0,0,0
CWE-29,2014,-0.0,0,0
CWE-31,2014,-0.0,0,0
CWE-32,2014,4.930380657631324e-32,0,0
CWE-35,2014,-0.0,0,0
CWE-36,2014,-0.0,0,0
CWE-37,2014,-0.0,0,0
CWE-38,2014,-0.0,0,0
CWE-40,2014,-0.0,0,0
CWE-41,2014,-0.0,0,0
CWE-42,2014,-0.0,0,0
CWE-43,2014,-0.0,0,0
CWE-46,2014,-0.0,0,0
CWE-50,2014,-0.0,0,0
CWE-55,2014,-0.0,0,0
CWE-57,2014,-0.0,0,0
CWE-59,2014,0.08615986775425381,47,59
CWE-61,2014,-0.0,0,0
CWE-64,2014,-0.0,0,0
CWE-65,2014,-0.0,0,0
CWE-66,2014,-0.0,0,0
CWE-67,2014,-0.0,0,0
CWE-69,2014,-0.0,0,0
CWE-73,2014,-0.0,0,0
CWE-74,2014,0.006904199541424325,37,2
CWE-75,2014,-0.0,0,0
CWE-76,2014,-0.0,0,0
CWE-77,2014,0.023668611729849517,42,14
CWE-78,2014,0.13246734731070148,49,48
CWE-79,2014,0.3530097951809262,54,1026
CWE-80,2014,-0.0,0,0
CWE-81,2014,-0.0,0,0
CWE-82,2014,-0.0,0,0
CWE-83,2014,-0.0,0,0
CWE-84,2014,-0.0,0,0
CWE-85,2014,-0.0,0,0
CWE-86,2014,-0.0,0,0
CWE-87,2014,-0.0,0,0
CWE-88,2014,-0.0,0,0
CWE-89,2014,0.17004954463099622,46,295
CWE-90,2014,-0.0,0,0
CWE-91,2014,-0.0,0,0
CWE-92,2014,-0.0,0,0
CWE-93,2014,-0.0,0,0
CWE-94,2014,0.21276098801829973,55,188
CWE-95,2014,-0.0,0,0
CWE-96,2014,-0.0,0,0
CWE-97,2014,-0.0,0,0
CWE-98,2014,-0.0,0,0
CWE-99,2014,-0.0,0,0
CWE-112,2014,-0.0,0,0
CWE-113,2014,-0.0,0,0
CWE-114,2014,-0.0,0,0
CWE-115,2014,-0.0,0,0
CWE-116,2014,-0.0,0,0
CWE-117,2014,-0.0,0,0
CWE-118,2014,-0.0,0,0
CWE-119,2014,0.2682991803883536,55,742
CWE-120,2014,0.07221871061337296,47,5
CWE-121,2014,-0.0,0,0
CWE-122,2014,-0.0,0,0
CWE-123,2014,-0.0,0,0
CWE-124,2014,-0.0,0,0
CWE-125,2014,0.07653537511064527,47,9
CWE-126,2014,-0.0,0,0
CWE-127,2014,-0.0,0,0
CWE-128,2014,-0.0,0,0
CWE-129,2014,0.025704401822563845,11,1
CWE-130,2014,-0.0,0,0
CWE-131,2014,0.042581005786680955,40,1
CWE-134,2014,0.01831617509662493,41,7
CWE-138,2014,-0.0,0,0
CWE-140,2014,-0.0,0,0
CWE-141,2014,-0.0,0,0
CWE-142,2014,-0.0,0,0
CWE-143,2014,-0.0,0,0
CWE-144,2014,-0.0,0,0
CWE-145,2014,-0.0,0,0
CWE-146,2014,-0.0,0,0
CWE-147,2014,-0.0,0,0
CWE-148,2014,-0.0,0,0
CWE-149,2014,-0.0,0,0
CWE-150,2014,-0.0,0,0
CWE-153,2014,-0.0,0,0
CWE-155,2014,-0.0,0,0
CWE-156,2014,-0.0,0,0
CWE-158,2014,-0.0,0,0
CWE-159,2014,-0.0,0,0
CWE-162,2014,-0.0,0,0
CWE-164,2014,-0.0,0,0
CWE-166,2014,-0.0,0,0
CWE-167,2014,-0.0,0,0
CWE-168,2014,-0.0,0,0
CWE-170,2014,-0.0,0,0
CWE-172,2014,-0.0,0,0
CWE-173,2014,-0.0,0,0
CWE-174,2014,-0.0,0,0
CWE-176,2014,-0.0,0,0
CWE-177,2014,-0.0,0,0
CWE-178,2014,-0.0,0,0
CWE-179,2014,-0.0,0,0
CWE-180,2014,-0.0,0,0
CWE-183,2014,-0.0,0,0
CWE-184,2014,-0.0,0,0
CWE-185,2014,-0.0,0,0
CWE-186,2014,-0.0,0,0
CWE-187,2014,-0.0,0,0
CWE-188,2014,-0.0,0,0
CWE-189,2014,0.11552830287557886,50,100
CWE-190,2014,0.07113623088635036,47,8
CWE-191,2014,0.058022821637093075,47,5
CWE-192,2014,-0.0,0,0
CWE-193,2014,0.0077087913543258625,31,1
CWE-194,2014,-0.0,0,0
CWE-195,2014,-0.0,0,0
CWE-196,2014,-0.0,0,0
CWE-197,2014,-0.0,0,0
CWE-198,2014,-0.0,0,0
CWE-199,2014,0.012514380964111307,22,2
CWE-200,2014,0.35467677819477716,56,352
CWE-201,2014,-0.0,0,0
CWE-202,2014,-0.0,0,0
CWE-203,2014,-0.0,0,0
CWE-204,2014,-0.0,0,0
CWE-207,2014,-0.0,0,0
CWE-208,2014,-0.0,0,0
CWE-209,2014,0.0026905824992860925,8,1
CWE-212,2014,-0.0,0,0
CWE-213,2014,-0.0,0,0
CWE-214,2014,-0.0,0,0
CWE-215,2014,-0.0,0,0
CWE-216,2014,-0.0,0,0
CWE-219,2014,-0.0,0,0
CWE-221,2014,-0.0,0,0
CWE-223,2014,-0.0,0,0
CWE-226,2014,-0.0,0,0
CWE-227,2014,-0.0,0,0
CWE-228,2014,-0.0,0,0
CWE-229,2014,-0.0,0,0
CWE-230,2014,-0.0,0,0
CWE-231,2014,-0.0,0,0
CWE-232,2014,-0.0,0,0
CWE-233,2014,-0.0,0,0
CWE-235,2014,-0.0,0,0
CWE-236,2014,-0.0,0,0
CWE-237,2014,-0.0,0,0
CWE-239,2014,-0.0,0,0
CWE-240,2014,-0.0,0,0
CWE-241,2014,-0.0,0,0
CWE-242,2014,-0.0,0,0
CWE-244,2014,-0.0,0,0
CWE-248,2014,-0.0,0,0
CWE-250,2014,-0.0,0,0
CWE-252,2014,-0.0,0,0
CWE-253,2014,-0.0,0,0
CWE-254,2014,0.01859423022553958,38,6
CWE-255,2014,0.12378522424347481,47,112
CWE-256,2014,-0.0,0,0
CWE-257,2014,-0.0,0,0
CWE-258,2014,-0.0,0,0
CWE-259,2014,-0.0,0,0
CWE-260,2014,-0.0,0,0
CWE-261,2014,-0.0,0,0
CWE-262,2014,-0.0,0,0
CWE-263,2014,-0.0,0,0
CWE-264,2014,0.3668576657330219,58,677
CWE-265,2014,-0.0,0,0
CWE-266,2014,-0.0,0,0
CWE-267,2014,-0.0,0,0
CWE-268,2014,-0.0,0,0
CWE-269,2014,0.08523009861266569,47,15
CWE-270,2014,-0.0,0,0
CWE-271,2014,-0.0,0,0
CWE-272,2014,-0.0,0,0
CWE-273,2014,-0.0,0,0
CWE-274,2014,-0.0,0,0
CWE-275,2014,-0.0,0,0
CWE-276,2014,-0.0,0,0
CWE-277,2014,-0.0,0,0
CWE-278,2014,-0.0,0,0
CWE-279,2014,-0.0,0,0
CWE-280,2014,-0.0,0,0
CWE-281,2014,0.0008188925193927905,2,1
CWE-282,2014,-0.0,0,0
CWE-283,2014,-0.0,0,0
CWE-284,2014,0.023308197405860456,33,18
CWE-285,2014,-0.0,0,0
CWE-286,2014,-0.0,0,0
CWE-287,2014,0.19627358506589088,52,144
CWE-288,2014,-0.0,0,0
CWE-289,2014,-0.0,0,0
CWE-290,2014,-0.0,0,0
CWE-291,2014,-0.0,0,0
CWE-292,2014,-0.0,0,0
CWE-294,2014,-0.0,0,0
CWE-295,2014,0.013960257690345985,25,3
CWE-296,2014,-0.0,0,0
CWE-297,2014,0.01264123437580201,38,1
CWE-298,2014,-0.0,0,0
CWE-299,2014,-0.0,0,0
CWE-300,2014,-0.0,0,0
CWE-302,2014,-0.0,0,0
CWE-303,2014,-0.0,0,0
CWE-304,2014,-0.0,0,0
CWE-305,2014,-0.0,0,0
CWE-306,2014,0.0011494978966213674,3,2
CWE-307,2014,-0.0,0,0
CWE-308,2014,-0.0,0,0
CWE-309,2014,-0.0,0,0
CWE-310,2014,0.23462645123197773,54,1578
CWE-311,2014,-0.0,0,0
CWE-312,2014,-0.0,0,0
CWE-313,2014,-0.0,0,0
CWE-315,2014,-0.0,0,0
CWE-316,2014,-0.0,0,0
CWE-317,2014,-0.0,0,0
CWE-319,2014,-0.0,0,0
CWE-320,2014,-0.0,0,0
CWE-321,2014,-0.0,0,0
CWE-322,2014,-0.0,0,0
CWE-323,2014,-0.0,0,0
CWE-324,2014,-0.0,0,0
CWE-325,2014,-0.0,0,0
CWE-326,2014,0.057113446378782,47,2
CWE-327,2014,-0.0,0,0
CWE-328,2014,-0.0,0,0
CWE-329,2014,-0.0,0,0
CWE-330,2014,-0.0,0,0
CWE-331,2014,-0.0,0,0
CWE-332,2014,-0.0,0,1
CWE-333,2014,-0.0,0,0
CWE-334,2014,-0.0,0,0
CWE-335,2014,-0.0,0,0
CWE-336,2014,-0.0,0,0
CWE-337,2014,-0.0,0,0
CWE-338,2014,-0.0,0,0
CWE-339,2014,-0.0,0,0
CWE-340,2014,-0.0,0,0
CWE-341,2014,-0.0,0,0
CWE-342,2014,-0.0,0,0
CWE-343,2014,-0.0,0,0
CWE-344,2014,-0.0,0,0
CWE-345,2014,0.001101188967183675,4,4
CWE-346,2014,0.07982183020988297,47,2
CWE-347,2014,0.029271324327226265,38,1
CWE-348,2014,-0.0,0,0
CWE-349,2014,-0.0,0,0
CWE-350,2014,-0.0,0,0
CWE-351,2014,-0.0,0,0
CWE-352,2014,0.16835384487477115,49,244
CWE-353,2014,-0.0,0,0
CWE-354,2014,-0.0,0,0
CWE-356,2014,-0.0,0,0
CWE-357,2014,-0.0,0,0
CWE-358,2014,-0.0,0,0
CWE-359,2014,-0.0,0,0
CWE-361,2014,-0.0,0,0
CWE-362,2014,0.1534285095391776,50,42
CWE-363,2014,-0.0,0,0
CWE-364,2014,-0.0,0,0
CWE-366,2014,-0.0,0,0
CWE-367,2014,-0.0,0,0
CWE-369,2014,-0.0,0,0
CWE-371,2014,-0.0,0,0
CWE-372,2014,-0.0,0,0
CWE-377,2014,-0.0,0,0
CWE-378,2014,-0.0,0,0
CWE-379,2014,-0.0,0,0
CWE-384,2014,0.0013047557970612808,4,1
CWE-385,2014,-0.0,0,0
CWE-386,2014,-0.0,0,0
CWE-388,2014,-0.0,0,0
CWE-390,2014,-0.0,0,0
CWE-391,2014,-0.0,0,0
CWE-392,2014,-0.0,0,0
CWE-393,2014,-0.0,0,0
CWE-394,2014,-0.0,0,0
CWE-395,2014,-0.0,0,0
CWE-396,2014,-0.0,0,0
CWE-399,2014,0.20985022513438992,54,222
CWE-400,2014,0.07446636996138838,48,13
CWE-401,2014,-0.0,0,0
CWE-402,2014,-0.0,0,0
CWE-403,2014,-0.0,0,0
CWE-404,2014,-0.0,0,0
CWE-405,2014,-0.0,0,0
CWE-406,2014,-0.0,0,0
CWE-407,2014,-0.0,0,0
CWE-408,2014,-0.0,0,0
CWE-409,2014,-0.0,0,0
CWE-410,2014,-0.0,0,0
CWE-412,2014,-0.0,0,0
CWE-413,2014,-0.0,0,0
CWE-414,2014,-0.0,0,0
CWE-415,2014,0.07838133895345935,48,5
CWE-416,2014,0.10383704408669807,51,27
CWE-417,2014,-0.0,0,0
CWE-419,2014,-0.0,0,0
CWE-420,2014,-0.0,0,0
CWE-421,2014,-0.0,0,0
CWE-422,2014,-0.0,0,0
CWE-424,2014,-0.0,0,0
CWE-425,2014,-0.0,0,0
CWE-426,2014,0.027152094113822637,11,1
CWE-427,2014,-0.0,0,0
CWE-428,2014,0.0002705548725560072,1,1
CWE-430,2014,-0.0,0,0
CWE-431,2014,-0.0,0,0
CWE-433,2014,-0.0,0,0
CWE-434,2014,-0.0,0,0
CWE-435,2014,-0.0,0,0
CWE-436,2014,-0.0,0,0
CWE-437,2014,-0.0,0,0
CWE-440,2014,-0.0,0,0
CWE-441,2014,-0.0,0,0
CWE-444,2014,-0.0,0,0
CWE-446,2014,-0.0,0,0
CWE-447,2014,-0.0,0,0
CWE-448,2014,-0.0,0,0
CWE-449,2014,-0.0,0,0
CWE-450,2014,-0.0,0,0
CWE-451,2014,-0.0,0,0
CWE-453,2014,-0.0,0,0
CWE-454,2014,-0.0,0,0
CWE-455,2014,-0.0,0,0
CWE-456,2014,-0.0,0,0
CWE-457,2014,-0.0,0,0
CWE-459,2014,-0.0,0,0
CWE-460,2014,-0.0,0,0
CWE-462,2014,-0.0,0,0
CWE-463,2014,-0.0,0,0
CWE-465,2014,-0.0,0,0
CWE-466,2014,-0.0,0,0
CWE-467,2014,-0.0,0,0
CWE-468,2014,-0.0,0,0
CWE-469,2014,-0.0,0,0
CWE-470,2014,-0.0,0,0
CWE-471,2014,-0.0,0,0
CWE-472,2014,-0.0,0,0
CWE-473,2014,-0.0,0,0
CWE-474,2014,-0.0,0,0
CWE-475,2014,-0.0,0,0
CWE-476,2014,0.120239320000782,45,15
CWE-477,2014,-0.0,0,0
CWE-479,2014,-0.0,0,0
CWE-480,2014,-0.0,0,0
CWE-484,2014,-0.0,0,0
CWE-488,2014,-0.0,0,0
CWE-489,2014,-0.0,0,0
CWE-491,2014,-0.0,0,0
CWE-494,2014,-0.0,0,0
CWE-495,2014,-0.0,0,0
CWE-497,2014,-0.0,0,0
CWE-501,2014,-0.0,0,0
CWE-502,2014,-0.0,0,0
CWE-506,2014,-0.0,0,0
CWE-507,2014,-0.0,0,0
CWE-514,2014,-0.0,0,0
CWE-520,2014,-0.0,0,0
CWE-521,2014,-0.0,0,0
CWE-522,2014,0.0016355938303445822,4,1
CWE-523,2014,-0.0,0,0
CWE-524,2014,-0.0,0,0
CWE-525,2014,-0.0,0,0
CWE-526,2014,-0.0,0,0
CWE-527,2014,-0.0,0,0
CWE-530,2014,-0.0,0,0
CWE-531,2014,-0.0,0,0
CWE-532,2014,-0.0,0,0
CWE-533,2014,-0.0,0,0
CWE-534,2014,-0.0,0,0
CWE-538,2014,-0.0,0,0
CWE-539,2014,-0.0,0,0
CWE-540,2014,-0.0,0,0
CWE-544,2014,-0.0,0,0
CWE-547,2014,-0.0,0,0
CWE-548,2014,-0.0,0,0
CWE-549,2014,-0.0,0,0
CWE-550,2014,-0.0,0,0
CWE-551,2014,-0.0,0,0
CWE-552,2014,-0.0,0,0
CWE-553,2014,-0.0,0,0
CWE-555,2014,-0.0,0,0
CWE-556,2014,-0.0,0,0
CWE-557,2014,-0.0,0,0
CWE-561,2014,-0.0,0,0
CWE-562,2014,-0.0,0,0
CWE-563,2014,-0.0,0,0
CWE-564,2014,-0.0,0,0
CWE-565,2014,-0.0,0,0
CWE-566,2014,-0.0,0,0
CWE-567,2014,-0.0,0,0
CWE-570,2014,-0.0,0,0
CWE-571,2014,-0.0,0,0
CWE-573,2014,-0.0,0,0
CWE-590,2014,-0.0,0,0
CWE-591,2014,-0.0,0,0
CWE-592,2014,-0.0,0,0
CWE-597,2014,-0.0,0,0
CWE-598,2014,-0.0,0,0
CWE-599,2014,-0.0,0,0
CWE-600,2014,-0.0,0,0
CWE-601,2014,-0.0,0,0
CWE-602,2014,-0.0,0,0
CWE-603,2014,-0.0,0,0
CWE-605,2014,-0.0,0,0
CWE-606,2014,-0.0,0,0
CWE-610,2014,-0.0,0,0
CWE-611,2014,0.017182181389023516,36,2
CWE-612,2014,-0.0,0,0
CWE-613,2014,0.0065441280834754294,37,1
CWE-614,2014,-0.0,0,0
CWE-615,2014,-0.0,0,0
CWE-616,2014,-0.0,0,0
CWE-617,2014,-0.0,0,0
CWE-618,2014,-0.0,0,0
CWE-620,2014,-0.0,0,0
CWE-622,2014,-0.0,0,0
CWE-623,2014,-0.0,0,0
CWE-624,2014,-0.0,0,0
CWE-625,2014,-0.0,0,0
CWE-626,2014,-0.0,0,0
CWE-627,2014,-0.0,0,0
CWE-628,2014,-0.0,0,0
CWE-636,2014,-0.0,0,0
CWE-639,2014,-0.0,0,0
CWE-640,2014,-0.0,0,0
CWE-641,2014,-0.0,0,0
CWE-642,2014,-0.0,0,0
CWE-643,2014,-0.0,0,0
CWE-644,2014,-0.0,0,0
CWE-645,2014,-0.0,0,0
CWE-646,2014,-0.0,0,0
CWE-647,2014,-0.0,0,0
CWE-648,2014,-0.0,0,0
CWE-649,2014,-0.0,0,0
CWE-650,2014,-0.0,0,0
CWE-653,2014,-0.0,0,0
CWE-655,2014,-0.0,0,0
CWE-656,2014,-0.0,0,0
CWE-657,2014,-0.0,0,0
CWE-662,2014,-0.0,0,0
CWE-664,2014,-0.0,0,0
CWE-665,2014,0.012591707819151633,23,2
CWE-666,2014,-0.0,0,0
CWE-667,2014,-0.0,0,0
CWE-668,2014,-0.0,0,0
CWE-669,2014,-0.0,0,0
CWE-670,2014,-0.0,0,0
CWE-671,2014,-0.0,0,0
CWE-672,2014,-0.0,0,0
CWE-673,2014,-0.0,0,0
CWE-674,2014,-0.0,0,0
CWE-675,2014,-0.0,0,0
CWE-676,2014,-0.0,0,0
CWE-680,2014,-0.0,0,0
CWE-681,2014,-0.0,0,0
CWE-682,2014,-0.0,0,0
CWE-683,2014,-0.0,0,0
CWE-684,2014,-0.0,0,0
CWE-686,2014,-0.0,0,0
CWE-688,2014,-0.0,0,0
CWE-689,2014,-0.0,0,0
CWE-690,2014,-0.0,0,0
CWE-691,2014,-0.0,0,0
CWE-692,2014,-0.0,0,0
CWE-693,2014,-0.0,0,0
CWE-694,2014,-0.0,0,0
CWE-696,2014,-0.0,0,0
CWE-697,2014,-0.0,0,0
CWE-698,2014,-0.0,0,0
CWE-701,2014,-0.0,0,0
CWE-703,2014,-0.0,0,0
CWE-704,2014,-0.0,0,0
CWE-705,2014,-0.0,0,0
CWE-706,2014,-0.0,0,0
CWE-707,2014,-0.0,0,0
CWE-708,2014,-0.0,0,0
CWE-710,2014,-0.0,0,0
CWE-732,2014,-0.0,0,0
CWE-733,2014,-0.0,0,0
CWE-749,2014,-0.0,0,0
CWE-754,2014,0.024640300572414182,39,1
CWE-755,2014,0.013632388725333606,42,1
CWE-757,2014,-0.0,0,0
CWE-758,2014,-0.0,0,0
CWE-759,2014,-0.0,0,0
CWE-760,2014,-0.0,0,0
CWE-761,2014,-0.0,0,0
CWE-762,2014,-0.0,0,0
CWE-763,2014,-0.0,0,0
CWE-767,2014,-0.0,0,0
CWE-768,2014,-0.0,0,0
CWE-769,2014,-0.0,0,0
CWE-770,2014,-0.0,0,0
CWE-771,2014,-0.0,0,0
CWE-772,2014,-0.0,0,0
CWE-774,2014,-0.0,0,0
CWE-775,2014,-0.0,0,0
CWE-776,2014,-0.0,0,0
CWE-777,2014,-0.0,0,0
CWE-778,2014,-0.0,0,0
CWE-779,2014,-0.0,0,0
CWE-780,2014,-0.0,0,0
CWE-782,2014,-0.0,0,0
CWE-783,2014,-0.0,0,0
CWE-784,2014,-0.0,0,0
CWE-786,2014,-0.0,0,0
CWE-787,2014,0.09486891123358829,51,14
CWE-788,2014,-0.0,0,0
CWE-789,2014,-0.0,0,0
CWE-790,2014,-0.0,0,0
CWE-791,2014,-0.0,0,0
CWE-792,2014,-0.0,0,0
CWE-794,2014,-0.0,0,0
CWE-798,2014,-0.0,0,0
CWE-799,2014,-0.0,0,0
CWE-804,2014,-0.0,0,0
CWE-805,2014,-0.0,0,0
CWE-807,2014,-0.0,0,0
CWE-820,2014,-0.0,0,0
CWE-821,2014,-0.0,0,0
CWE-822,2014,-0.0,0,0
CWE-823,2014,-0.0,0,0
CWE-824,2014,0.01616767991270884,36,1
CWE-825,2014,-0.0,0,0
CWE-826,2014,-0.0,0,0
CWE-828,2014,-0.0,0,0
CWE-829,2014,-0.0,0,0
CWE-830,2014,-0.0,0,0
CWE-832,2014,-0.0,0,0
CWE-833,2014,-0.0,0,0
CWE-834,2014,-0.0,0,0
CWE-835,2014,-0.0,0,0
CWE-836,2014,-0.0,0,0
CWE-837,2014,-0.0,0,0
CWE-838,2014,-0.0,0,0
CWE-839,2014,-0.0,0,0
CWE-840,2014,-0.0,0,0
CWE-841,2014,-0.0,0,0
CWE-842,2014,-0.0,0,0
CWE-843,2014,0.004314859115645995,18,2
CWE-862,2014,-0.0,0,0
CWE-863,2014,0.014417015058976773,35,2
CWE-882,2014,-0.0,0,0
CWE-908,2014,-0.0,0,0
CWE-909,2014,-0.0,0,0
CWE-910,2014,-0.0,0,0
CWE-911,2014,-0.0,0,0
CWE-912,2014,-0.0,0,0
CWE-913,2014,-0.0,0,0
CWE-914,2014,-0.0,0,0
CWE-915,2014,-0.0,0,0
CWE-916,2014,-0.0,0,0
CWE-917,2014,-0.0,0,0
CWE-918,2014,-0.0,0,0
CWE-920,2014,-0.0,0,0
CWE-921,2014,-0.0,0,0
CWE-922,2014,-0.0,0,0
CWE-923,2014,-0.0,0,0
CWE-924,2014,-0.0,0,0
CWE-925,2014,-0.0,0,0
CWE-926,2014,-0.0,0,0
CWE-927,2014,-0.0,0,0
CWE-939,2014,-0.0,0,0
CWE-940,2014,-0.0,0,0
CWE-941,2014,-0.0,0,0
CWE-942,2014,-0.0,0,0
CWE-943,2014,-0.0,0,0
CWE-1004,2014,-0.0,0,0
CWE-1007,2014,-0.0,0,0
CWE-1018,2014,-0.0,0,0
CWE-1021,2014,0.033406623276978915,42,2
CWE-1022,2014,-0.0,0,0
CWE-1023,2014,-0.0,0,0
CWE-1025,2014,-0.0,0,0
CWE-1026,2014,-0.0,0,0
CWE-1027,2014,-0.0,0,0
CWE-1032,2014,-0.0,0,0
CWE-1035,2014,-0.0,0,0
CWE-1037,2014,-0.0,0,0
CWE-1038,2014,-0.0,0,0
CWE-1039,2014,-0.0,0,0
CWE-1046,2014,-0.0,0,0
CWE-1049,2014,-0.0,0,0
CWE-1050,2014,-0.0,0,0
CWE-1059,2014,-0.0,0,0
CWE-1068,2014,-0.0,0,0
CWE-1072,2014,-0.0,0,0
CWE-1076,2014,-0.0,0,0
CWE-1077,2014,-0.0,0,0
CWE-1088,2014,-0.0,0,0
CWE-1100,2014,-0.0,0,0
CWE-1102,2014,-0.0,0,0
CWE-1103,2014,-0.0,0,0
CWE-1104,2014,-0.0,0,0
CWE-1106,2014,-0.0,0,0
CWE-1108,2014,-0.0,0,0
CWE-1112,2014,-0.0,0,0
CWE-1116,2014,-0.0,0,0
CWE-1119,2014,-0.0,0,0
CWE-1124,2014,-0.0,0,0
CWE-1125,2014,-0.0,0,0
CWE-1149,2014,-0.0,0,0
CWE-1164,2014,-0.0,0,0
CWE-1173,2014,-0.0,0,0
CWE-1174,2014,-0.0,0,0
CWE-1176,2014,-0.0,0,0
CWE-1187,2014,-0.0,0,0
CWE-1188,2014,-0.0,0,0
CWE-1189,2014,-0.0,0,0
CWE-1191,2014,-0.0,0,0
CWE-1204,2014,-0.0,0,0
CWE-1220,2014,-0.0,0,0
CWE-1223,2014,-0.0,0,0
CWE-1230,2014,-0.0,0,0
CWE-1231,2014,-0.0,0,0
CWE-1233,2014,-0.0,0,0
CWE-1234,2014,-0.0,0,0
CWE-1236,2014,-0.0,0,0
CWE-1240,2014,-0.0,0,0
CWE-1241,2014,-0.0,0,0
CWE-1242,2014,-0.0,0,0
CWE-1244,2014,-0.0,0,0
CWE-1245,2014,-0.0,0,0
CWE-1246,2014,-0.0,0,0
CWE-1247,2014,-0.0,0,0
CWE-1250,2014,-0.0,0,0
CWE-1251,2014,-0.0,0,0
CWE-1254,2014,-0.0,0,0
CWE-1255,2014,-0.0,0,0
CWE-1256,2014,-0.0,0,0
CWE-1257,2014,-0.0,0,0
CWE-1258,2014,-0.0,0,0
CWE-1259,2014,-0.0,0,0
CWE-1260,2014,-0.0,0,0
CWE-1262,2014,-0.0,0,0
CWE-1263,2014,-0.0,0,0
CWE-1264,2014,-0.0,0,0
CWE-1268,2014,-0.0,0,0
CWE-1270,2014,-0.0,0,0
CWE-1274,2014,-0.0,0,0
CWE-1275,2014,-0.0,0,0
CWE-1276,2014,-0.0,0,0
CWE-1277,2014,-0.0,0,0
CWE-1278,2014,-0.0,0,0
CWE-1280,2014,-0.0,0,0
CWE-1281,2014,-0.0,0,0
CWE-1282,2014,-0.0,0,0
CWE-1283,2014,-0.0,0,0
CWE-1284,2014,-0.0,0,0
CWE-1285,2014,-0.0,0,0
CWE-1286,2014,-0.0,0,0
CWE-1287,2014,-0.0,0,0
CWE-1288,2014,-0.0,0,0
CWE-1289,2014,-0.0,0,0
CWE-1294,2014,-0.0,0,0
CWE-1295,2014,-0.0,0,0
CWE-1298,2014,-0.0,0,0
CWE-1299,2014,-0.0,0,0
CWE-1300,2014,-0.0,0,0
CWE-1301,2014,-0.0,0,0
CWE-1303,2014,-0.0,0,0
CWE-1304,2014,-0.0,0,0
CWE-1310,2014,-0.0,0,0
CWE-1312,2014,-0.0,0,0
CWE-1313,2014,-0.0,0,0
CWE-1314,2014,-0.0,0,0
CWE-1316,2014,-0.0,0,0
CWE-1319,2014,-0.0,0,0
CWE-1320,2014,-0.0,0,0
CWE-1321,2014,-0.0,0,0
CWE-1322,2014,-0.0,0,0
CWE-1323,2014,-0.0,0,0
CWE-1325,2014,-0.0,0,0
CWE-1326,2014,-0.0,0,0
CWE-1327,2014,-0.0,0,0
CWE-1328,2014,-0.0,0,0
CWE-1329,2014,-0.0,0,0
CWE-1330,2014,-0.0,0,0
CWE-1332,2014,-0.0,0,0
CWE-1333,2014,-0.0,0,0
CWE-1334,2014,-0.0,0,0
CWE-1335,2014,-0.0,0,0
CWE-1336,2014,-0.0,0,0
CWE-1342,2014,-0.0,0,0
CWE-1357,2014,-0.0,0,0
CWE-1366,2014,-0.0,0,0
CWE-1384,2014,-0.0,0,0
CWE-1385,2014,-0.0,0,0
CWE-1386,2014,-0.0,0,0
CWE-1389,2014,-0.0,0,0
CWE-1390,2014,-0.0,0,0
CWE-1391,2014,-0.0,0,0
CWE-1392,2014,-0.0,0,0
CWE-1393,2014,-0.0,0,0
CWE-1394,2014,-0.0,0,0
CWE-1,2015,-0.0,0,0
CWE-5,2015,-0.0,0,0
CWE-14,2015,-0.0,0,0
CWE-15,2015,-0.0,0,0
CWE-16,2015,-0.0,0,0
CWE-17,2015,0.14330349371571988,42,120
CWE-18,2015,0.028282133233499374,37,2
CWE-19,2015,0.1617845171916663,44,60
CWE-20,2015,0.32501676200938584,52,378
CWE-21,2015,-0.0,0,0
CWE-22,2015,0.1625961440853306,45,139
CWE-23,2015,-0.0,0,0
CWE-24,2015,-0.0,0,0
CWE-25,2015,-0.0,0,0
CWE-26,2015,-0.0,0,0
CWE-27,2015,-0.0,0,0
CWE-28,2015,-0.0,0,0
CWE-29,2015,-0.0,0,0
CWE-31,2015,-0.0,0,0
CWE-32,2015,-0.0,0,0
CWE-35,2015,-6.162975822039155e-33,0,0
CWE-36,2015,-0.0,0,0
CWE-37,2015,-0.0,0,0
CWE-38,2015,-0.0,0,0
CWE-40,2015,-0.0,0,0
CWE-41,2015,-0.0,0,0
CWE-42,2015,-0.0,0,0
CWE-43,2015,-0.0,0,0
CWE-46,2015,-0.0,0,0
CWE-50,2015,-0.0,0,0
CWE-55,2015,-0.0,0,0
CWE-57,2015,-0.0,0,0
CWE-59,2015,0.05586545115159763,39,23
CWE-61,2015,-0.0,0,0
CWE-64,2015,-0.0,0,0
CWE-65,2015,-0.0,0,0
CWE-66,2015,-0.0,0,0
CWE-67,2015,-0.0,0,0
CWE-69,2015,-0.0,0,0
CWE-73,2015,-0.0,0,0
CWE-74,2015,0.0373758824649909,40,16
CWE-75,2015,-0.0,0,0
CWE-76,2015,-0.0,0,0
CWE-77,2015,0.043956672049942754,41,39
CWE-78,2015,0.029656861030669696,17,34
CWE-79,2015,0.2838038849481861,50,726
CWE-80,2015,-0.0,0,0
CWE-81,2015,-0.0,0,0
CWE-82,2015,-0.0,0,0
CWE-83,2015,-0.0,0,0
CWE-84,2015,-0.0,0,0
CWE-85,2015,-0.0,0,0
CWE-86,2015,-0.0,0,0
CWE-87,2015,-0.0,0,0
CWE-88,2015,-0.0,0,0
CWE-89,2015,0.10671907179583734,40,213
CWE-90,2015,-0.0,0,0
CWE-91,2015,-0.0,0,0
CWE-92,2015,-0.0,0,0
CWE-93,2015,-0.0,0,0
CWE-94,2015,0.07040231694587676,31,50
CWE-95,2015,-0.0,0,0
CWE-96,2015,-0.0,0,0
CWE-97,2015,-0.0,0,0
CWE-98,2015,-0.0,0,0
CWE-99,2015,-0.0,0,0
CWE-112,2015,-0.0,0,0
CWE-113,2015,0.0015925163894711593,4,1
CWE-114,2015,-0.0,0,0
CWE-115,2015,-0.0,0,0
CWE-116,2015,-0.0,0,0
CWE-117,2015,-0.0,0,0
CWE-118,2015,-0.0,0,0
CWE-119,2015,0.3024030664019975,48,963
CWE-120,2015,0.07446542725760746,41,5
CWE-121,2015,-0.0,0,0
CWE-122,2015,-0.0,0,0
CWE-123,2015,-0.0,0,0
CWE-124,2015,-0.0,0,0
CWE-125,2015,0.05914797776048705,39,4
CWE-126,2015,-0.0,0,0
CWE-127,2015,-0.0,0,0
CWE-128,2015,-0.0,0,0
CWE-129,2015,-0.0,0,0
CWE-130,2015,-0.0,0,0
CWE-131,2015,-0.0,0,0
CWE-134,2015,0.0022932972729688746,7,4
CWE-138,2015,-0.0,0,0
CWE-140,2015,-0.0,0,0
CWE-141,2015,-0.0,0,0
CWE-142,2015,-0.0,0,0
CWE-143,2015,-0.0,0,0
CWE-144,2015,-0.0,0,0
CWE-145,2015,-0.0,0,0
CWE-146,2015,-0.0,0,0
CWE-147,2015,-0.0,0,0
CWE-148,2015,-0.0,0,0
CWE-149,2015,-0.0,0,0
CWE-150,2015,-0.0,0,0
CWE-153,2015,-0.0,0,0
CWE-155,2015,-0.0,0,0
CWE-156,2015,-0.0,0,0
CWE-158,2015,-0.0,0,0
CWE-159,2015,-0.0,0,0
CWE-162,2015,-0.0,0,0
CWE-164,2015,-0.0,0,0
CWE-166,2015,-0.0,0,0
CWE-167,2015,-0.0,0,0
CWE-168,2015,-0.0,0,0
CWE-170,2015,-0.0,0,0
CWE-172,2015,-0.0,0,0
CWE-173,2015,-0.0,0,0
CWE-174,2015,-0.0,0,0
CWE-176,2015,-0.0,0,0
CWE-177,2015,-0.0,0,0
CWE-178,2015,-0.0,0,0
CWE-179,2015,-0.0,0,0
CWE-180,2015,-0.0,0,0
CWE-183,2015,-0.0,0,0
CWE-184,2015,-0.0,0,0
CWE-185,2015,-0.0,0,0
CWE-186,2015,-0.0,0,0
CWE-187,2015,-0.0,0,0
CWE-188,2015,-0.0,0,0
CWE-189,2015,0.15302784250848459,45,109
CWE-190,2015,0.14643559657336372,44,14
CWE-191,2015,0.013983498081801037,37,2
CWE-192,2015,-0.0,0,0
CWE-193,2015,-0.0,0,0
CWE-194,2015,-0.0,0,0
CWE-195,2015,-0.0,0,0
CWE-196,2015,-0.0,0,0
CWE-197,2015,-0.0,0,0
CWE-198,2015,-0.0,0,0
CWE-199,2015,-0.0,0,0
CWE-200,2015,0.38954211475621825,51,588
CWE-201,2015,-0.0,0,0
CWE-202,2015,-0.0,0,0
CWE-203,2015,-0.0,0,0
CWE-204,2015,-0.0,0,0
CWE-207,2015,-0.0,0,0
CWE-208,2015,-0.0,0,0
CWE-209,2015,-0.0,0,0
CWE-212,2015,-0.0,0,0
CWE-213,2015,-0.0,0,0
CWE-214,2015,-0.0,0,0
CWE-215,2015,-0.0,0,0
CWE-216,2015,-0.0,0,0
CWE-219,2015,-0.0,0,0
CWE-221,2015,-0.0,0,0
CWE-223,2015,-0.0,0,0
CWE-226,2015,-0.0,0,0
CWE-227,2015,-0.0,0,0
CWE-228,2015,-0.0,0,0
CWE-229,2015,-0.0,0,0
CWE-230,2015,-0.0,0,0
CWE-231,2015,-0.0,0,0
CWE-232,2015,-0.0,0,0
CWE-233,2015,-0.0,0,0
CWE-235,2015,-0.0,0,0
CWE-236,2015,-0.0,0,0
CWE-237,2015,-0.0,0,0
CWE-239,2015,-0.0,0,0
CWE-240,2015,-0.0,0,0
CWE-241,2015,-0.0,0,0
CWE-242,2015,-0.0,0,0
CWE-244,2015,-0.0,0,0
CWE-248,2015,-0.0,0,0
CWE-250,2015,-0.0,0,0
CWE-252,2015,-0.0,0,0
CWE-253,2015,-0.0,0,0
CWE-254,2015,0.13342192807596348,42,94
CWE-255,2015,0.10346806392554708,37,75
CWE-256,2015,-0.0,0,0
CWE-257,2015,-0.0,0,0
CWE-258,2015,-0.0,0,0
CWE-259,2015,-0.0,0,0
CWE-260,2015,-0.0,0,0
CWE-261,2015,-0.0,0,0
CWE-262,2015,-0.0,0,0
CWE-263,2015,-0.0,0,0
CWE-264,2015,0.36873469601266623,46,523
CWE-265,2015,-0.0,0,0
CWE-266,2015,-0.0,0,0
CWE-267,2015,-0.0,0,0
CWE-268,2015,-0.0,0,0
CWE-269,2015,0.03980999972115919,38,7
CWE-270,2015,-0.0,0,0
CWE-271,2015,-0.0,0,0
CWE-272,2015,-0.0,0,0
CWE-273,2015,0.005994325554727557,25,1
CWE-274,2015,-0.0,0,0
CWE-275,2015,-0.0,0,0
CWE-276,2015,0.0004121888049631342,1,1
CWE-277,2015,-0.0,0,0
CWE-278,2015,-0.0,0,0
CWE-279,2015,-0.0,0,0
CWE-280,2015,-0.0,0,0
CWE-281,2015,-0.0,0,0
CWE-282,2015,-0.0,0,0
CWE-283,2015,-0.0,0,0
CWE-284,2015,0.21133314320925695,49,142
CWE-285,2015,-0.0,0,0
CWE-286,2015,-0.0,0,0
CWE-287,2015,0.04645279557346877,39,33
CWE-288,2015,-0.0,0,0
CWE-289,2015,-0.0,0,0
CWE-290,2015,-0.0,0,0
CWE-291,2015,-0.0,0,0
CWE-292,2015,-0.0,0,0
CWE-294,2015,-0.0,0,0
CWE-295,2015,0.0005084962778909296,3,2
CWE-296,2015,-0.0,0,0
CWE-297,2015,-0.0,0,0
CWE-298,2015,-0.0,0,0
CWE-299,2015,-0.0,0,0
CWE-300,2015,-0.0,0,0
CWE-302,2015,-0.0,0,0
CWE-303,2015,-0.0,0,0
CWE-304,2015,-0.0,0,0
CWE-305,2015,-0.0,0,0
CWE-306,2015,-0.0,0,0
CWE-307,2015,-0.0,0,0
CWE-308,2015,-0.0,0,0
CWE-309,2015,-0.0,0,0
CWE-310,2015,0.16961557212557796,44,79
CWE-311,2015,-0.0,0,0
CWE-312,2015,0.0007620347116298931,2,1
CWE-313,2015,-0.0,0,0
CWE-315,2015,-0.0,0,0
CWE-316,2015,-0.0,0,0
CWE-317,2015,-0.0,0,0
CWE-319,2015,-0.0,0,0
CWE-320,2015,-0.0,0,0
CWE-321,2015,-0.0,0,0
CWE-322,2015,-0.0,0,0
CWE-323,2015,-0.0,0,0
CWE-324,2015,-0.0,0,0
CWE-325,2015,-0.0,0,0
CWE-326,2015,-0.0,0,0
CWE-327,2015,0.044592849664430494,38,3
CWE-328,2015,-0.0,0,0
CWE-329,2015,-0.0,0,0
CWE-330,2015,-0.0,0,1
CWE-331,2015,-0.0,0,0
CWE-332,2015,-0.0,0,0
CWE-333,2015,-0.0,0,0
CWE-334,2015,-0.0,0,0
CWE-335,2015,-0.0,0,0
CWE-336,2015,-0.0,0,0
CWE-337,2015,-0.0,0,0
CWE-338,2015,-0.0,0,0
CWE-339,2015,-0.0,0,0
CWE-340,2015,-0.0,0,0
CWE-341,2015,-0.0,0,0
CWE-342,2015,-0.0,0,0
CWE-343,2015,-0.0,0,0
CWE-344,2015,-0.0,0,0
CWE-345,2015,0.0334403090071291,32,10
CWE-346,2015,-0.0,0,0
CWE-347,2015,-0.0,0,0
CWE-348,2015,-0.0,0,0
CWE-349,2015,-0.0,0,0
CWE-350,2015,-0.0,0,0
CWE-351,2015,-0.0,0,0
CWE-352,2015,0.1485859750163349,42,239
CWE-353,2015,-0.0,0,0
CWE-354,2015,-0.0,0,0
CWE-356,2015,-0.0,0,0
CWE-357,2015,-0.0,0,0
CWE-358,2015,-0.0,0,0
CWE-359,2015,-0.0,0,0
CWE-361,2015,-0.0,0,0
CWE-362,2015,0.1327038956668275,43,44
CWE-363,2015,-0.0,0,0
CWE-364,2015,-0.0,0,0
CWE-366,2015,-0.0,0,0
CWE-367,2015,0.0032153563610955176,10,1
CWE-369,2015,0.03140304040785909,39,2
CWE-371,2015,-0.0,0,0
CWE-372,2015,-0.0,0,0
CWE-377,2015,-0.0,0,0
CWE-378,2015,-0.0,0,0
CWE-379,2015,-0.0,0,0
CWE-384,2015,-0.0,0,0
CWE-385,2015,-0.0,0,0
CWE-386,2015,-0.0,0,0
CWE-388,2015,-0.0,0,0
CWE-390,2015,-0.0,0,0
CWE-391,2015,-0.0,0,0
CWE-392,2015,-0.0,0,0
CWE-393,2015,-0.0,0,0
CWE-394,2015,-0.0,0,0
CWE-395,2015,-0.0,0,0
CWE-396,2015,-0.0,0,0
CWE-399,2015,0.257359165035499,49,343
CWE-400,2015,-0.0,0,0
CWE-401,2015,-0.0,0,0
CWE-402,2015,-0.0,0,0
CWE-403,2015,-0.0,0,0
CWE-404,2015,0.024925210453198784,38,1
CWE-405,2015,-0.0,0,0
CWE-406,2015,-0.0,0,0
CWE-407,2015,-0.0,0,0
CWE-408,2015,-0.0,0,0
CWE-409,2015,-0.0,0,0
CWE-410,2015,-0.0,0,0
CWE-412,2015,-0.0,0,0
CWE-413,2015,-0.0,0,0
CWE-414,2015,-0.0,0,0
CWE-415,2015,0.016560343563019234,22,2
CWE-416,2015,0.1361180079398806,44,41
CWE-417,2015,-0.0,0,0
CWE-419,2015,-0.0,0,0
CWE-420,2015,-0.0,0,0
CWE-421,2015,-0.0,0,0
CWE-422,2015,-0.0,0,0
CWE-424,2015,-0.0,0,0
CWE-425,2015,0.00035992231126008714,1,1
CWE-426,2015,0.03977152370735133,21,3
CWE-427,2015,-0.0,0,0
CWE-428,2015,-0.0,0,1
CWE-430,2015,-0.0,0,0
CWE-431,2015,-0.0,0,0
CWE-433,2015,-0.0,0,0
CWE-434,2015,0.002741801046738091,2,1
CWE-435,2015,-0.0,0,0
CWE-436,2015,-0.0,0,0
CWE-437,2015,-0.0,0,0
CWE-440,2015,-0.0,0,0
CWE-441,2015,-0.0,0,0
CWE-444,2015,-0.0,0,0
CWE-446,2015,-0.0,0,0
CWE-447,2015,-0.0,0,0
CWE-448,2015,-0.0,0,0
CWE-449,2015,-0.0,0,0
CWE-450,2015,-0.0,0,0
CWE-451,2015,-0.0,0,0
CWE-453,2015,-0.0,0,0
CWE-454,2015,-0.0,0,0
CWE-455,2015,-0.0,0,0
CWE-456,2015,-0.0,0,0
CWE-457,2015,-0.0,0,0
CWE-459,2015,-0.0,0,0
CWE-460,2015,-0.0,0,0
CWE-462,2015,-0.0,0,0
CWE-463,2015,-0.0,0,0
CWE-465,2015,-0.0,0,0
CWE-466,2015,-0.0,0,0
CWE-467,2015,-0.0,0,0
CWE-468,2015,-0.0,0,0
CWE-469,2015,-0.0,0,0
CWE-470,2015,-0.0,0,0
CWE-471,2015,-0.0,0,0
CWE-472,2015,-0.0,0,0
CWE-473,2015,-0.0,0,0
CWE-474,2015,-0.0,0,0
CWE-475,2015,-0.0,0,0
CWE-476,2015,0.13418782780337082,43,10
CWE-477,2015,-0.0,0,0
CWE-479,2015,-0.0,0,0
CWE-480,2015,-0.0,0,0
CWE-484,2015,-0.0,0,0
CWE-488,2015,-0.0,0,0
CWE-489,2015,-0.0,0,0
CWE-491,2015,-0.0,0,0
CWE-494,2015,-0.0,0,0
CWE-495,2015,-0.0,0,0
CWE-497,2015,-0.0,0,0
CWE-501,2015,-0.0,0,0
CWE-502,2015,0.002890442024809761,7,3
CWE-506,2015,-0.0,0,0
CWE-507,2015,-0.0,0,0
CWE-514,2015,-0.0,0,0
CWE-520,2015,-0.0,0,0
CWE-521,2015,-0.0,0,0
CWE-522,2015,-0.0,0,2
CWE-523,2015,-0.0,0,0
CWE-524,2015,-0.0,0,0
CWE-525,2015,-0.0,0,0
CWE-526,2015,-0.0,0,0
CWE-527,2015,-0.0,0,0
CWE-530,2015,-0.0,0,0
CWE-531,2015,-0.0,0,0
CWE-532,2015,-0.0,0,0
CWE-533,2015,-0.0,0,0
CWE-534,2015,-0.0,0,0
CWE-538,2015,-0.0,0,0
CWE-539,2015,-0.0,0,0
CWE-540,2015,-0.0,0,0
CWE-544,2015,-0.0,0,0
CWE-547,2015,-0.0,0,0
CWE-548,2015,-0.0,0,0
CWE-549,2015,-0.0,0,0
CWE-550,2015,-0.0,0,0
CWE-551,2015,-0.0,0,0
CWE-552,2015,-0.0,0,0
CWE-553,2015,-0.0,0,0
CWE-555,2015,-0.0,0,0
CWE-556,2015,-0.0,0,0
CWE-557,2015,-0.0,0,0
CWE-561,2015,-0.0,0,0
CWE-562,2015,-0.0,0,0
CWE-563,2015,-0.0,0,0
CWE-564,2015,-0.0,0,0
CWE-565,2015,-0.0,0,0
CWE-566,2015,-0.0,0,0
CWE-567,2015,-0.0,0,0
CWE-570,2015,-0.0,0,0
CWE-571,2015,-0.0,0,0
CWE-573,2015,-0.0,0,0
CWE-590,2015,-0.0,0,0
CWE-591,2015,-0.0,0,0
CWE-592,2015,-0.0,0,0
CWE-597,2015,-0.0,0,0
CWE-598,2015,-0.0,0,0
CWE-599,2015,-0.0,0,0
CWE-600,2015,-0.0,0,0
CWE-601,2015,0.001572716079315709,5,2
CWE-602,2015,-0.0,0,0
CWE-603,2015,-0.0,0,0
CWE-605,2015,-0.0,0,0
CWE-606,2015,-0.0,0,0
CWE-610,2015,-0.0,0,0
CWE-611,2015,0.021596764565693927,39,2
CWE-612,2015,-0.0,0,0
CWE-613,2015,-0.0,0,0
CWE-614,2015,-0.0,0,0
CWE-615,2015,-0.0,0,0
CWE-616,2015,-0.0,0,0
CWE-617,2015,-0.0,0,0
CWE-618,2015,-0.0,0,0
CWE-620,2015,-0.0,0,0
CWE-622,2015,-0.0,0,0
CWE-623,2015,-0.0,0,0
CWE-624,2015,-0.0,0,0
CWE-625,2015,-0.0,0,0
CWE-626,2015,-0.0,0,0
CWE-627,2015,-0.0,0,0
CWE-628,2015,-0.0,0,0
CWE-636,2015,-0.0,0,0
CWE-639,2015,-0.0,0,0
CWE-640,2015,-0.0,0,0
CWE-641,2015,-0.0,0,0
CWE-642,2015,-0.0,0,0
CWE-643,2015,-0.0,0,0
CWE-644,2015,-0.0,0,0
CWE-645,2015,-0.0,0,0
CWE-646,2015,-0.0,0,0
CWE-647,2015,-0.0,0,0
CWE-648,2015,-0.0,0,0
CWE-649,2015,-0.0,0,0
CWE-650,2015,-0.0,0,0
CWE-653,2015,-0.0,0,0
CWE-655,2015,-0.0,0,0
CWE-656,2015,-0.0,0,0
CWE-657,2015,-0.0,0,0
CWE-662,2015,-0.0,0,0
CWE-664,2015,-0.0,0,0
CWE-665,2015,-0.0,0,0
CWE-666,2015,-0.0,0,0
CWE-667,2015,-0.0,0,0
CWE-668,2015,-0.0,0,0
CWE-669,2015,-0.0,0,0
CWE-670,2015,-0.0,0,0
CWE-671,2015,-0.0,0,0
CWE-672,2015,-0.0,0,0
CWE-673,2015,-0.0,0,0
CWE-674,2015,-0.0,0,0
CWE-675,2015,-0.0,0,0
CWE-676,2015,-0.0,0,0
CWE-680,2015,-0.0,0,0
CWE-681,2015,-0.0,0,0
CWE-682,2015,-0.0,0,0
CWE-683,2015,-0.0,0,0
CWE-684,2015,-0.0,0,0
CWE-686,2015,-0.0,0,0
CWE-688,2015,-0.0,0,0
CWE-689,2015,-0.0,0,0
CWE-690,2015,-0.0,0,0
CWE-691,2015,-0.0,0,0
CWE-692,2015,-0.0,0,0
CWE-693,2015,-0.0,0,0
CWE-694,2015,-0.0,0,0
CWE-696,2015,-0.0,0,0
CWE-697,2015,-0.0,0,0
CWE-698,2015,-0.0,0,0
CWE-701,2015,-0.0,0,0
CWE-703,2015,-0.0,0,0
CWE-704,2015,0.012264204596831706,13,1
CWE-705,2015,-0.0,0,0
CWE-706,2015,-0.0,0,0
CWE-707,2015,-0.0,0,0
CWE-708,2015,-0.0,0,0
CWE-710,2015,-0.0,0,0
CWE-732,2015,-0.0,0,0
CWE-733,2015,-0.0,0,0
CWE-749,2015,-0.0,0,0
CWE-754,2015,-0.0,0,0
CWE-755,2015,-0.0,0,0
CWE-757,2015,-0.0,0,0
CWE-758,2015,-0.0,0,0
CWE-759,2015,-0.0,0,0
CWE-760,2015,-0.0,0,0
CWE-761,2015,-0.0,0,0
CWE-762,2015,-0.0,0,0
CWE-763,2015,0.03267345862680015,37,1
CWE-767,2015,-0.0,0,0
CWE-768,2015,-0.0,0,0
CWE-769,2015,-0.0,0,0
CWE-770,2015,-0.0,0,0
CWE-771,2015,-0.0,0,0
CWE-772,2015,0.009103814840451158,10,7
CWE-774,2015,-0.0,0,0
CWE-775,2015,-0.0,0,0
CWE-776,2015,-0.0,0,0
CWE-777,2015,-0.0,0,0
CWE-778,2015,-0.0,0,0
CWE-779,2015,-0.0,0,0
CWE-780,2015,-0.0,0,0
CWE-782,2015,-0.0,0,0
CWE-783,2015,-0.0,0,0
CWE-784,2015,-0.0,0,0
CWE-786,2015,-0.0,0,0
CWE-787,2015,0.14097664486440198,46,21
CWE-788,2015,-0.0,0,0
CWE-789,2015,-0.0,0,0
CWE-790,2015,-0.0,0,0
CWE-791,2015,-0.0,0,0
CWE-792,2015,-0.0,0,0
CWE-794,2015,-0.0,0,0
CWE-798,2015,-0.0,0,0
CWE-799,2015,-0.0,0,0
CWE-804,2015,-0.0,0,0
CWE-805,2015,-0.0,0,0
CWE-807,2015,-0.0,0,0
CWE-820,2015,-0.0,0,0
CWE-821,2015,-0.0,0,0
CWE-822,2015,-0.0,0,0
CWE-823,2015,-0.0,0,0
CWE-824,2015,0.002554061516350495,8,1
CWE-825,2015,-0.0,0,0
CWE-826,2015,-0.0,0,0
CWE-828,2015,-0.0,0,0
CWE-829,2015,-0.0,0,0
CWE-830,2015,-0.0,0,0
CWE-832,2015,-0.0,0,0
CWE-833,2015,-0.0,0,0
CWE-834,2015,-0.0,0,0
CWE-835,2015,-0.0,0,0
CWE-836,2015,-0.0,0,0
CWE-837,2015,-0.0,0,0
CWE-838,2015,-0.0,0,0
CWE-839,2015,-0.0,0,0
CWE-840,2015,-0.0,0,0
CWE-841,2015,-0.0,0,0
CWE-842,2015,-0.0,0,0
CWE-843,2015,-0.0,0,0
CWE-862,2015,-0.0,0,0
CWE-863,2015,0.02472613841847481,38,1
CWE-882,2015,-0.0,0,0
CWE-908,2015,0.0659209349102335,40,3
CWE-909,2015,-0.0,0,0
CWE-910,2015,-0.0,0,0
CWE-911,2015,-0.0,0,0
CWE-912,2015,-0.0,0,0
CWE-913,2015,-0.0,0,0
CWE-914,2015,-0.0,0,0
CWE-915,2015,-0.0,0,0
CWE-916,2015,-0.0,0,0
CWE-917,2015,-0.0,0,0
CWE-918,2015,-0.0,0,0
CWE-920,2015,-0.0,0,0
CWE-921,2015,-0.0,0,0
CWE-922,2015,-0.0,0,0
CWE-923,2015,-0.0,0,0
CWE-924,2015,-0.0,0,0
CWE-925,2015,-0.0,0,0
CWE-926,2015,-0.0,0,0
CWE-927,2015,-0.0,0,0
CWE-939,2015,-0.0,0,0
CWE-940,2015,-0.0,0,0
CWE-941,2015,-0.0,0,0
CWE-942,2015,-0.0,0,0
CWE-943,2015,-0.0,0,0
CWE-1004,2015,-0.0,0,0
CWE-1007,2015,-0.0,0,0
CWE-1018,2015,-0.0,0,0
CWE-1021,2015,0.039430441652310425,37,1
CWE-1022,2015,-0.0,0,0
CWE-1023,2015,-0.0,0,0
CWE-1025,2015,-0.0,0,0
CWE-1026,2015,-0.0,0,0
CWE-1027,2015,-0.0,0,0
CWE-1032,2015,-0.0,0,0
CWE-1035,2015,-0.0,0,0
CWE-1037,2015,-0.0,0,0
CWE-1038,2015,-0.0,0,0
CWE-1039,2015,-0.0,0,0
CWE-1046,2015,-0.0,0,0
CWE-1049,2015,-0.0,0,0
CWE-1050,2015,-0.0,0,0
CWE-1059,2015,-0.0,0,0
CWE-1068,2015,-0.0,0,0
CWE-1072,2015,-0.0,0,0
CWE-1076,2015,-0.0,0,0
CWE-1077,2015,-0.0,0,0
CWE-1088,2015,-0.0,0,0
CWE-1100,2015,-0.0,0,0
CWE-1102,2015,-0.0,0,0
CWE-1103,2015,-0.0,0,0
CWE-1104,2015,-0.0,0,0
CWE-1106,2015,-0.0,0,0
CWE-1108,2015,-0.0,0,0
CWE-1112,2015,-0.0,0,0
CWE-1116,2015,-0.0,0,0
CWE-1119,2015,-0.0,0,0
CWE-1124,2015,-0.0,0,0
CWE-1125,2015,-0.0,0,0
CWE-1149,2015,-0.0,0,0
CWE-1164,2015,-0.0,0,0
CWE-1173,2015,-0.0,0,0
CWE-1174,2015,-0.0,0,0
CWE-1176,2015,-0.0,0,0
CWE-1187,2015,-0.0,0,0
CWE-1188,2015,-0.0,0,0
CWE-1189,2015,-0.0,0,0
CWE-1191,2015,-0.0,0,0
CWE-1204,2015,-0.0,0,0
CWE-1220,2015,-0.0,0,0
CWE-1223,2015,-0.0,0,0
CWE-1230,2015,-0.0,0,0
CWE-1231,2015,-0.0,0,0
CWE-1233,2015,-0.0,0,0
CWE-1234,2015,-0.0,0,0
CWE-1236,2015,-0.0,0,0
CWE-1240,2015,-0.0,0,0
CWE-1241,2015,-0.0,0,0
CWE-1242,2015,-0.0,0,0
CWE-1244,2015,-0.0,0,0
CWE-1245,2015,-0.0,0,0
CWE-1246,2015,-0.0,0,0
CWE-1247,2015,-0.0,0,0
CWE-1250,2015,-0.0,0,0
CWE-1251,2015,-0.0,0,0
CWE-1254,2015,-0.0,0,0
CWE-1255,2015,-0.0,0,0
CWE-1256,2015,-0.0,0,0
CWE-1257,2015,-0.0,0,0
CWE-1258,2015,-0.0,0,0
CWE-1259,2015,-0.0,0,0
CWE-1260,2015,-0.0,0,0
CWE-1262,2015,-0.0,0,0
CWE-1263,2015,-0.0,0,0
CWE-1264,2015,-0.0,0,0
CWE-1268,2015,-0.0,0,0
CWE-1270,2015,-0.0,0,0
CWE-1274,2015,-0.0,0,0
CWE-1275,2015,-0.0,0,0
CWE-1276,2015,-0.0,0,0
CWE-1277,2015,-0.0,0,0
CWE-1278,2015,-0.0,0,0
CWE-1280,2015,-0.0,0,0
CWE-1281,2015,-0.0,0,0
CWE-1282,2015,-0.0,0,0
CWE-1283,2015,-0.0,0,0
CWE-1284,2015,-0.0,0,0
CWE-1285,2015,-0.0,0,0
CWE-1286,2015,-0.0,0,0
CWE-1287,2015,-0.0,0,0
CWE-1288,2015,-0.0,0,0
CWE-1289,2015,-0.0,0,0
CWE-1294,2015,-0.0,0,0
CWE-1295,2015,-0.0,0,0
CWE-1298,2015,-0.0,0,0
CWE-1299,2015,-0.0,0,0
CWE-1300,2015,-0.0,0,0
CWE-1301,2015,-0.0,0,0
CWE-1303,2015,-0.0,0,0
CWE-1304,2015,-0.0,0,0
CWE-1310,2015,-0.0,0,0
CWE-1312,2015,-0.0,0,0
CWE-1313,2015,-0.0,0,0
CWE-1314,2015,-0.0,0,0
CWE-1316,2015,-0.0,0,0
CWE-1319,2015,-0.0,0,0
CWE-1320,2015,-0.0,0,0
CWE-1321,2015,-0.0,0,0
CWE-1322,2015,-0.0,0,0
CWE-1323,2015,-0.0,0,0
CWE-1325,2015,-0.0,0,0
CWE-1326,2015,-0.0,0,0
CWE-1327,2015,-0.0,0,0
CWE-1328,2015,-0.0,0,0
CWE-1329,2015,-0.0,0,0
CWE-1330,2015,-0.0,0,0
CWE-1332,2015,-0.0,0,0
CWE-1333,2015,-0.0,0,0
CWE-1334,2015,-0.0,0,0
CWE-1335,2015,-0.0,0,0
CWE-1336,2015,-0.0,0,0
CWE-1342,2015,-0.0,0,0
CWE-1357,2015,-0.0,0,0
CWE-1366,2015,-0.0,0,0
CWE-1384,2015,-0.0,0,0
CWE-1385,2015,-0.0,0,0
CWE-1386,2015,-0.0,0,0
CWE-1389,2015,-0.0,0,0
CWE-1390,2015,-0.0,0,0
CWE-1391,2015,-0.0,0,0
CWE-1392,2015,-0.0,0,0
CWE-1393,2015,-0.0,0,0
CWE-1394,2015,-0.0,0,0
CWE-1,2016,0.0,0,0
CWE-5,2016,0.0,0,0
CWE-14,2016,0.0,0,0
CWE-15,2016,0.0,0,0
CWE-16,2016,0.0,0,0
CWE-17,2016,0.06788037812113158,60,13
CWE-18,2016,0.00017583518792596564,1,1
CWE-19,2016,0.1655916912385709,71,58
CWE-20,2016,0.369346173073683,80,525
CWE-21,2016,0.0008337019318056752,2,1
CWE-22,2016,0.07648391787359804,70,77
CWE-23,2016,0.0,0,0
CWE-24,2016,0.0,0,0
CWE-25,2016,0.0,0,0
CWE-26,2016,0.0,0,0
CWE-27,2016,0.0,0,0
CWE-28,2016,0.0,0,0
CWE-29,2016,0.0,0,0
CWE-31,2016,0.0,0,0
CWE-32,2016,0.0,0,0
CWE-35,2016,0.0,0,0
CWE-36,2016,0.0,0,0
CWE-37,2016,0.0,0,0
CWE-38,2016,0.0,0,0
CWE-40,2016,0.0,0,0
CWE-41,2016,0.0,0,0
CWE-42,2016,0.0,0,0
CWE-43,2016,0.0,0,0
CWE-46,2016,0.0,0,0
CWE-50,2016,0.0,0,0
CWE-55,2016,0.0,0,0
CWE-57,2016,0.0,0,0
CWE-59,2016,0.026130435348519093,57,8
CWE-61,2016,0.0,0,0
CWE-64,2016,0.0,0,0
CWE-65,2016,0.0,0,0
CWE-66,2016,0.0,0,0
CWE-67,2016,0.0,0,0
CWE-69,2016,0.0,0,0
CWE-73,2016,0.0,0,0
CWE-74,2016,0.027257475414928272,54,10
CWE-75,2016,0.0,0,0
CWE-76,2016,0.0,0,0
CWE-77,2016,0.024936223862896397,56,29
CWE-78,2016,0.03396841547991534,47,30
CWE-79,2016,0.19986798141122894,75,472
CWE-80,2016,0.0,0,0
CWE-81,2016,0.0,0,0
CWE-82,2016,0.0,0,0
CWE-83,2016,0.0,0,0
CWE-84,2016,0.0,0,0
CWE-85,2016,0.0,0,0
CWE-86,2016,0.0,0,0
CWE-87,2016,0.0,0,0
CWE-88,2016,0.0027678776496791618,10,1
CWE-89,2016,0.08072827653586108,65,89
CWE-90,2016,0.0,0,0
CWE-91,2016,0.0019794116389677927,12,1
CWE-92,2016,0.0,0,0
CWE-93,2016,0.009068090972392572,52,3
CWE-94,2016,0.0449348559190823,63,23
CWE-95,2016,0.0,0,0
CWE-96,2016,0.0,0,0
CWE-97,2016,0.0,0,0
CWE-98,2016,0.0,0,0
CWE-99,2016,0.0,0,0
CWE-112,2016,0.0,0,0
CWE-113,2016,0.006354252712514815,17,3
CWE-114,2016,0.0,0,0
CWE-115,2016,0.0,0,0
CWE-116,2016,0.0,0,0
CWE-117,2016,0.0,0,0
CWE-118,2016,0.0,0,0
CWE-119,2016,0.35344558407979726,75,1025
CWE-120,2016,0.07648665077512001,64,15
CWE-121,2016,0.0,0,0
CWE-122,2016,0.0,0,0
CWE-123,2016,0.0,0,0
CWE-124,2016,0.0,0,0
CWE-125,2016,0.15729234920969185,71,85
CWE-126,2016,0.0,0,0
CWE-127,2016,0.0,0,0
CWE-128,2016,0.0,0,0
CWE-129,2016,0.01728171726676002,55,3
CWE-130,2016,0.0,0,0
CWE-131,2016,0.0,0,0
CWE-134,2016,0.06234819975073967,45,3
CWE-138,2016,0.0,0,0
CWE-140,2016,0.0,0,0
CWE-141,2016,0.0,0,0
CWE-142,2016,0.0,0,0
CWE-143,2016,0.0,0,0
CWE-144,2016,0.0,0,0
CWE-145,2016,0.0,0,0
CWE-146,2016,0.0,0,0
CWE-147,2016,0.0,0,0
CWE-148,2016,0.0,0,0
CWE-149,2016,0.0,0,0
CWE-150,2016,0.0,0,0
CWE-153,2016,0.0,0,0
CWE-155,2016,0.0,0,0
CWE-156,2016,0.0,0,0
CWE-158,2016,0.0,0,0
CWE-159,2016,0.0,0,0
CWE-162,2016,0.0,0,0
CWE-164,2016,0.0,0,0
CWE-166,2016,0.0,0,0
CWE-167,2016,0.0,0,0
CWE-168,2016,0.0,0,0
CWE-170,2016,0.0,0,0
CWE-172,2016,0.004226685926181406,24,4
CWE-173,2016,0.0,0,0
CWE-174,2016,0.0,0,0
CWE-176,2016,0.0,0,0
CWE-177,2016,0.0,0,0
CWE-178,2016,0.0,0,0
CWE-179,2016,0.0,0,0
CWE-180,2016,0.0,0,0
CWE-183,2016,0.0,0,0
CWE-184,2016,0.0,0,0
CWE-185,2016,0.0,0,0
CWE-186,2016,0.0,0,0
CWE-187,2016,0.0,0,0
CWE-188,2016,0.0,0,0
CWE-189,2016,0.11928420849710254,67,34
CWE-190,2016,0.1651557114148613,74,64
CWE-191,2016,0.00970006742743411,40,2
CWE-192,2016,0.0,0,0
CWE-193,2016,0.0030555201661532916,24,1
CWE-194,2016,0.0,0,0
CWE-195,2016,0.0,0,0
CWE-196,2016,0.0,0,0
CWE-197,2016,0.0,0,0
CWE-198,2016,0.0,0,0
CWE-199,2016,0.007289346059777786,49,2
CWE-200,2016,0.39150347649292255,82,656
CWE-201,2016,0.0,0,0
CWE-202,2016,0.0,0,0
CWE-203,2016,0.02681209925201871,57,1
CWE-204,2016,0.0,0,0
CWE-207,2016,0.0,0,0
CWE-208,2016,0.0,0,0
CWE-209,2016,0.0,0,0
CWE-212,2016,0.0,0,0
CWE-213,2016,0.0,0,0
CWE-214,2016,0.0,0,0
CWE-215,2016,0.0,0,0
CWE-216,2016,0.0,0,0
CWE-219,2016,0.0,0,0
CWE-221,2016,0.0,0,0
CWE-223,2016,0.0,0,0
CWE-226,2016,0.0,0,0
CWE-227,2016,0.0,0,0
CWE-228,2016,0.0,0,0
CWE-229,2016,0.0,0,0
CWE-230,2016,0.0,0,0
CWE-231,2016,0.0,0,0
CWE-232,2016,0.0,0,0
CWE-233,2016,0.0,0,0
CWE-235,2016,0.0,0,0
CWE-236,2016,0.0,0,0
CWE-237,2016,0.0,0,0
CWE-239,2016,0.0,0,0
CWE-240,2016,0.0,0,0
CWE-241,2016,0.0,0,0
CWE-242,2016,0.0,0,0
CWE-244,2016,0.0,0,0
CWE-248,2016,0.0,0,0
CWE-250,2016,0.0,0,0
CWE-252,2016,0.0,0,0
CWE-253,2016,0.0,0,0
CWE-254,2016,0.19613032802543037,73,145
CWE-255,2016,0.07267897297465896,66,40
CWE-256,2016,0.0,0,0
CWE-257,2016,0.0,0,0
CWE-258,2016,0.0,0,0
CWE-259,2016,0.0,0,0
CWE-260,2016,0.0,0,0
CWE-261,2016,0.0,0,0
CWE-262,2016,0.0,0,0
CWE-263,2016,0.0,0,0
CWE-264,2016,0.31985148850283446,76,581
CWE-265,2016,0.0,0,0
CWE-266,2016,0.0,0,0
CWE-267,2016,0.0,0,0
CWE-268,2016,0.0,0,0
CWE-269,2016,0.057184334828941336,66,11
CWE-270,2016,0.0,0,0
CWE-271,2016,0.0,0,0
CWE-272,2016,0.0,0,0
CWE-273,2016,0.0,0,0
CWE-274,2016,0.0,0,0
CWE-275,2016,0.008889626755335757,32,6
CWE-276,2016,0.0018557570851128733,6,3
CWE-277,2016,0.0,0,0
CWE-278,2016,0.0,0,0
CWE-279,2016,0.0,0,0
CWE-280,2016,0.0,0,0
CWE-281,2016,0.0,0,0
CWE-282,2016,0.0,0,0
CWE-283,2016,0.0,0,0
CWE-284,2016,0.3026598249715753,76,362
CWE-285,2016,0.03888948870191642,61,13
CWE-286,2016,0.0,0,0
CWE-287,2016,0.07060163146965223,64,41
CWE-288,2016,0.0,0,0
CWE-289,2016,0.0,0,0
CWE-290,2016,0.0,0,0
CWE-291,2016,0.0,0,0
CWE-292,2016,0.0,0,0
CWE-294,2016,0.0,0,0
CWE-295,2016,0.04437742058273186,60,4
CWE-296,2016,0.0,0,0
CWE-297,2016,0.002087759265920307,8,1
CWE-298,2016,0.0,0,0
CWE-299,2016,0.0,0,0
CWE-300,2016,0.0,0,0
CWE-302,2016,0.0,0,0
CWE-303,2016,0.0,0,0
CWE-304,2016,0.0,0,0
CWE-305,2016,0.0,0,0
CWE-306,2016,0.0,0,1
CWE-307,2016,0.0,0,0
CWE-308,2016,0.0,0,0
CWE-309,2016,0.0,0,0
CWE-310,2016,0.08418596576784224,70,43
CWE-311,2016,0.0,0,0
CWE-312,2016,6.505684280548818e-05,2,1
CWE-313,2016,0.0,0,0
CWE-315,2016,0.0,0,0
CWE-316,2016,0.0,0,0
CWE-317,2016,0.0,0,0
CWE-319,2016,0.0,0,0
CWE-320,2016,0.0003296919520294103,2,1
CWE-321,2016,0.0,0,0
CWE-322,2016,0.0,0,0
CWE-323,2016,0.0,0,0
CWE-324,2016,0.0,0,0
CWE-325,2016,0.0,0,0
CWE-326,2016,0.008220811302254329,21,4
CWE-327,2016,0.0,0,1
CWE-328,2016,0.0,0,0
CWE-329,2016,0.0,0,0
CWE-330,2016,0.00018724195688834197,2,1
CWE-331,2016,0.01442933199043809,54,1
CWE-332,2016,0.0,0,1
CWE-333,2016,0.0,0,0
CWE-334,2016,0.0,0,0
CWE-335,2016,0.0,0,0
CWE-336,2016,0.0,0,0
CWE-337,2016,0.0,0,0
CWE-338,2016,0.0,0,0
CWE-339,2016,0.0,0,0
CWE-340,2016,0.0,0,0
CWE-341,2016,0.0,0,0
CWE-342,2016,0.0,0,0
CWE-343,2016,0.0,0,0
CWE-344,2016,0.0,0,0
CWE-345,2016,0.017784559801812514,41,10
CWE-346,2016,0.0,0,0
CWE-347,2016,0.0,0,0
CWE-348,2016,0.0,0,0
CWE-349,2016,0.0,0,0
CWE-350,2016,0.0,0,0
CWE-351,2016,0.0,0,0
CWE-352,2016,0.07425669030731646,62,80
CWE-353,2016,0.0,0,0
CWE-354,2016,0.0,0,0
CWE-356,2016,0.0,0,0
CWE-357,2016,0.0,0,0
CWE-358,2016,0.0,0,0
CWE-359,2016,0.0,0,0
CWE-361,2016,0.0038930201622120798,19,1
CWE-362,2016,0.09540307833447231,71,39
CWE-363,2016,0.0,0,0
CWE-364,2016,0.0,0,0
CWE-366,2016,0.0,0,0
CWE-367,2016,0.0,0,0
CWE-369,2016,0.044121207295460686,63,9
CWE-371,2016,0.0,0,0
CWE-372,2016,0.0,0,0
CWE-377,2016,0.0,0,0
CWE-378,2016,0.0,0,0
CWE-379,2016,0.0,0,0
CWE-384,2016,0.0,0,0
CWE-385,2016,0.0,0,0
CWE-386,2016,0.0,0,0
CWE-388,2016,0.011026766369564858,34,7
CWE-390,2016,0.0,0,0
CWE-391,2016,0.0,0,0
CWE-392,2016,0.0,0,0
CWE-393,2016,0.0,0,0
CWE-394,2016,0.0,0,0
CWE-395,2016,0.0,0,0
CWE-396,2016,0.0,0,0
CWE-399,2016,0.22940766690917946,71,156
CWE-400,2016,0.09174689646486833,63,12
CWE-401,2016,0.01780399325462123,56,6
CWE-402,2016,0.0,0,0
CWE-403,2016,0.0,0,0
CWE-404,2016,0.0,0,0
CWE-405,2016,0.0,0,0
CWE-406,2016,0.0,0,0
CWE-407,2016,0.0,0,0
CWE-408,2016,0.0,0,0
CWE-409,2016,0.0,0,0
CWE-410,2016,0.0,0,0
CWE-412,2016,0.0,0,0
CWE-413,2016,0.0,0,0
CWE-414,2016,0.0,0,0
CWE-415,2016,0.04238183343638421,63,6
CWE-416,2016,0.1479277411001729,69,150
CWE-417,2016,0.0,0,0
CWE-419,2016,0.0,0,0
CWE-420,2016,0.0,0,0
CWE-421,2016,0.0,0,0
CWE-422,2016,0.0,0,0
CWE-424,2016,0.0,0,0
CWE-425,2016,0.0,0,0
CWE-426,2016,0.0324107723361372,23,8
CWE-427,2016,0.0004735901220473731,1,1
CWE-428,2016,0.0003869148413036646,1,2
CWE-430,2016,0.0,0,0
CWE-431,2016,0.0,0,0
CWE-433,2016,0.0,0,0
CWE-434,2016,0.00473770533463126,11,11
CWE-435,2016,0.0,0,0
CWE-436,2016,0.0,0,0
CWE-437,2016,0.0,0,0
CWE-440,2016,0.0,0,0
CWE-441,2016,0.0,0,0
CWE-444,2016,0.0,0,0
CWE-446,2016,0.0,0,0
CWE-447,2016,0.0,0,0
CWE-448,2016,0.0,0,0
CWE-449,2016,0.0,0,0
CWE-450,2016,0.0,0,0
CWE-451,2016,0.0,0,0
CWE-453,2016,0.0,0,0
CWE-454,2016,0.0,0,0
CWE-455,2016,0.0,0,0
CWE-456,2016,0.0,0,0
CWE-457,2016,0.0,0,0
CWE-459,2016,0.0,0,0
CWE-460,2016,0.0,0,0
CWE-462,2016,0.0,0,0
CWE-463,2016,0.0,0,0
CWE-465,2016,0.0,0,0
CWE-466,2016,0.0,0,0
CWE-467,2016,0.0,0,0
CWE-468,2016,0.0,0,0
CWE-469,2016,0.0,0,0
CWE-470,2016,0.0,0,0
CWE-471,2016,0.0,0,0
CWE-472,2016,0.0,0,0
CWE-473,2016,0.0,0,0
CWE-474,2016,0.0,0,0
CWE-475,2016,0.0,0,0
CWE-476,2016,0.12203292303507075,71,80
CWE-477,2016,0.0,0,0
CWE-479,2016,0.0,0,0
CWE-480,2016,0.0,0,0
CWE-484,2016,0.0,0,0
CWE-488,2016,0.0,0,0
CWE-489,2016,0.0,0,0
CWE-491,2016,0.0,0,0
CWE-494,2016,0.0,0,0
CWE-495,2016,0.0,0,0
CWE-497,2016,0.0,0,0
CWE-501,2016,0.0,0,0
CWE-502,2016,0.013052668011073538,32,9
CWE-506,2016,0.0,0,0
CWE-507,2016,0.0,0,0
CWE-514,2016,0.0,0,0
CWE-520,2016,0.0,0,0
CWE-521,2016,0.0,0,0
CWE-522,2016,0.002917774021772094,13,1
CWE-523,2016,0.0,0,0
CWE-524,2016,0.0,0,0
CWE-525,2016,0.0,0,0
CWE-526,2016,0.0,0,0
CWE-527,2016,0.0,0,0
CWE-530,2016,0.0,0,0
CWE-531,2016,0.0,0,0
CWE-532,2016,0.0020420013179115733,14,7
CWE-533,2016,0.0,0,0
CWE-534,2016,0.0,0,0
CWE-538,2016,0.0,0,0
CWE-539,2016,0.0,0,0
CWE-540,2016,0.0,0,0
CWE-544,2016,0.0,0,0
CWE-547,2016,0.0,0,0
CWE-548,2016,0.0,0,0
CWE-549,2016,0.0,0,0
CWE-550,2016,0.0,0,0
CWE-551,2016,0.0,0,0
CWE-552,2016,0.008375135183831596,28,1
CWE-553,2016,0.0,0,0
CWE-555,2016,0.0,0,0
CWE-556,2016,0.0,0,0
CWE-557,2016,0.0,0,0
CWE-561,2016,0.0,0,0
CWE-562,2016,0.0,0,0
CWE-563,2016,0.0,0,0
CWE-564,2016,0.0,0,0
CWE-565,2016,0.0,0,0
CWE-566,2016,0.0,0,0
CWE-567,2016,0.0,0,0
CWE-570,2016,0.0,0,0
CWE-571,2016,0.0,0,0
CWE-573,2016,0.0,0,0
CWE-590,2016,0.0,0,0
CWE-591,2016,0.0,0,0
CWE-592,2016,0.0,0,0
CWE-597,2016,0.0,0,0
CWE-598,2016,0.0,0,0
CWE-599,2016,0.0,0,0
CWE-600,2016,0.0,0,0
CWE-601,2016,0.052728739929697836,61,13
CWE-602,2016,0.0,0,0
CWE-603,2016,0.0,0,0
CWE-605,2016,0.0,0,0
CWE-606,2016,0.0,0,0
CWE-610,2016,0.0,0,0
CWE-611,2016,0.037810181613858025,55,16
CWE-612,2016,0.0,0,0
CWE-613,2016,0.0,0,0
CWE-614,2016,0.0,0,0
CWE-615,2016,0.0,0,0
CWE-616,2016,0.0,0,0
CWE-617,2016,0.03277058751951401,53,2
CWE-618,2016,0.0,0,0
CWE-620,2016,0.0,0,0
CWE-622,2016,0.0,0,0
CWE-623,2016,0.0,0,0
CWE-624,2016,0.0,0,0
CWE-625,2016,0.0,0,0
CWE-626,2016,0.0,0,0
CWE-627,2016,0.0,0,0
CWE-628,2016,0.0,0,0
CWE-636,2016,0.0,0,0
CWE-639,2016,0.0,0,0
CWE-640,2016,0.000971554862311537,5,3
CWE-641,2016,0.0,0,0
CWE-642,2016,0.0,0,0
CWE-643,2016,0.0,0,0
CWE-644,2016,0.0,0,0
CWE-645,2016,0.0,0,0
CWE-646,2016,0.0,0,0
CWE-647,2016,0.0,0,0
CWE-648,2016,0.0,0,0
CWE-649,2016,0.0,0,0
CWE-650,2016,0.0,0,0
CWE-653,2016,0.0,0,0
CWE-655,2016,0.0,0,0
CWE-656,2016,0.0,0,0
CWE-657,2016,0.0,0,0
CWE-662,2016,0.0,0,0
CWE-664,2016,0.0,0,0
CWE-665,2016,0.009022253358749763,50,1
CWE-666,2016,0.0,0,0
CWE-667,2016,0.0,0,0
CWE-668,2016,0.0002875122112410701,2,2
CWE-669,2016,0.00024177435806656755,1,1
CWE-670,2016,0.0,0,0
CWE-671,2016,0.0,0,0
CWE-672,2016,0.0,0,0
CWE-673,2016,0.0,0,0
CWE-674,2016,0.045807591184568085,58,1
CWE-675,2016,0.0,0,0
CWE-676,2016,0.0,0,0
CWE-680,2016,0.0,0,0
CWE-681,2016,0.02712925132534651,60,1
CWE-682,2016,0.0,0,0
CWE-683,2016,0.0,0,0
CWE-684,2016,0.0,0,0
CWE-686,2016,0.0,0,0
CWE-688,2016,0.0,0,0
CWE-689,2016,0.0,0,0
CWE-690,2016,0.0,0,0
CWE-691,2016,0.0,0,0
CWE-692,2016,0.0,0,0
CWE-693,2016,0.0013089245980989598,5,1
CWE-694,2016,0.0,0,0
CWE-696,2016,0.0,0,0
CWE-697,2016,0.0,0,0
CWE-698,2016,0.0,0,0
CWE-701,2016,0.0,0,0
CWE-703,2016,0.0,0,0
CWE-704,2016,0.047062469487773824,61,8
CWE-705,2016,0.0,0,0
CWE-706,2016,0.0,0,0
CWE-707,2016,0.0,0,0
CWE-708,2016,0.0,0,0
CWE-710,2016,0.0,0,0
CWE-732,2016,0.0,0,0
CWE-733,2016,0.0,0,0
CWE-749,2016,0.0,0,0
CWE-754,2016,0.0,0,0
CWE-755,2016,0.0,0,0
CWE-757,2016,0.0,0,0
CWE-758,2016,0.0,0,0
CWE-759,2016,0.0,0,0
CWE-760,2016,0.0,0,0
CWE-761,2016,0.0,0,0
CWE-762,2016,0.0,0,0
CWE-763,2016,0.0,0,0
CWE-767,2016,0.0,0,0
CWE-768,2016,0.0,0,0
CWE-769,2016,0.0,0,0
CWE-770,2016,0.018928101303808315,53,2
CWE-771,2016,0.0,0,0
CWE-772,2016,0.05173863924505611,59,13
CWE-774,2016,0.0,0,0
CWE-775,2016,0.002557749206948332,9,1
CWE-776,2016,0.0,0,0
CWE-777,2016,0.0,0,0
CWE-778,2016,0.0,0,0
CWE-779,2016,0.0,0,0
CWE-780,2016,0.0,0,0
CWE-782,2016,0.0,0,0
CWE-783,2016,0.0,0,0
CWE-784,2016,0.0,0,0
CWE-786,2016,0.0,0,0
CWE-787,2016,0.14079036587389776,70,160
CWE-788,2016,0.0,0,0
CWE-789,2016,0.0,0,0
CWE-790,2016,0.0,0,0
CWE-791,2016,0.0,0,0
CWE-792,2016,0.0,0,0
CWE-794,2016,0.0,0,0
CWE-798,2016,0.01849785668867767,46,11
CWE-799,2016,0.0,0,0
CWE-804,2016,0.0,0,0
CWE-805,2016,0.0,0,0
CWE-807,2016,0.0,0,0
CWE-820,2016,0.0,0,0
CWE-821,2016,0.0,0,0
CWE-822,2016,0.0,0,0
CWE-823,2016,0.0,0,0
CWE-824,2016,0.019384975157328503,43,2
CWE-825,2016,0.0,0,0
CWE-826,2016,0.0,0,0
CWE-828,2016,0.0,0,0
CWE-829,2016,0.0,0,0
CWE-830,2016,0.0,0,0
CWE-832,2016,0.0,0,0
CWE-833,2016,0.0,0,0
CWE-834,2016,0.009022253358749763,50,1
CWE-835,2016,0.029079186433874575,59,9
CWE-836,2016,0.0,0,0
CWE-837,2016,0.0,0,0
CWE-838,2016,0.0,0,0
CWE-839,2016,0.0,0,0
CWE-840,2016,0.0,0,0
CWE-841,2016,0.0,0,0
CWE-842,2016,0.0,0,0
CWE-843,2016,0.032428961164369725,43,8
CWE-862,2016,0.005674421367473467,30,2
CWE-863,2016,0.0032200025638462215,11,2
CWE-882,2016,0.0,0,0
CWE-908,2016,0.023155829115625307,63,2
CWE-909,2016,0.0,0,0
CWE-910,2016,0.0,0,0
CWE-911,2016,0.0,0,0
CWE-912,2016,0.0,0,0
CWE-913,2016,0.0,0,0
CWE-914,2016,0.0,0,0
CWE-915,2016,0.0,0,0
CWE-916,2016,0.0,0,0
CWE-917,2016,0.0,0,0
CWE-918,2016,0.08257264050657268,61,8
CWE-920,2016,0.0,0,0
CWE-921,2016,0.0,0,0
CWE-922,2016,0.0,0,0
CWE-923,2016,0.0,0,0
CWE-924,2016,0.0,0,0
CWE-925,2016,0.0,0,0
CWE-926,2016,0.0,0,0
CWE-927,2016,0.0,0,0
CWE-939,2016,0.0,0,0
CWE-940,2016,0.0,0,0
CWE-941,2016,0.0,0,0
CWE-942,2016,0.0,0,0
CWE-943,2016,0.0,0,0
CWE-1004,2016,0.0,0,0
CWE-1007,2016,0.0,0,0
CWE-1018,2016,0.0,0,0
CWE-1021,2016,0.004226685926181406,24,1
CWE-1022,2016,0.0,0,0
CWE-1023,2016,0.0,0,0
CWE-1025,2016,0.0,0,0
CWE-1026,2016,0.0,0,0
CWE-1027,2016,0.0,0,0
CWE-1032,2016,0.0,0,0
CWE-1035,2016,0.0,0,0
CWE-1037,2016,0.0,0,0
CWE-1038,2016,0.0,0,0
CWE-1039,2016,0.0,0,0
CWE-1046,2016,0.0,0,0
CWE-1049,2016,0.0,0,0
CWE-1050,2016,0.0,0,0
CWE-1059,2016,0.0,0,0
CWE-1068,2016,0.0,0,0
CWE-1072,2016,0.0,0,0
CWE-1076,2016,0.0,0,0
CWE-1077,2016,0.0,0,0
CWE-1088,2016,0.0,0,0
CWE-1100,2016,0.0,0,0
CWE-1102,2016,0.0,0,0
CWE-1103,2016,0.0,0,0
CWE-1104,2016,0.0,0,0
CWE-1106,2016,0.0,0,0
CWE-1108,2016,0.0,0,0
CWE-1112,2016,0.0,0,0
CWE-1116,2016,0.0,0,0
CWE-1119,2016,0.0,0,0
CWE-1124,2016,0.0,0,0
CWE-1125,2016,0.0,0,0
CWE-1149,2016,0.0,0,0
CWE-1164,2016,0.0,0,0
CWE-1173,2016,0.0,0,0
CWE-1174,2016,0.0,0,0
CWE-1176,2016,0.0,0,0
CWE-1187,2016,0.0,0,0
CWE-1188,2016,0.0,0,0
CWE-1189,2016,0.0,0,0
CWE-1191,2016,0.0,0,0
CWE-1204,2016,0.0,0,0
CWE-1220,2016,0.0,0,0
CWE-1223,2016,0.0,0,0
CWE-1230,2016,0.0,0,0
CWE-1231,2016,0.0,0,0
CWE-1233,2016,0.0,0,0
CWE-1234,2016,0.0,0,0
CWE-1236,2016,0.0,0,0
CWE-1240,2016,0.0,0,0
CWE-1241,2016,0.0,0,0
CWE-1242,2016,0.0,0,0
CWE-1244,2016,0.0,0,0
CWE-1245,2016,0.0,0,0
CWE-1246,2016,0.0,0,0
CWE-1247,2016,0.0,0,0
CWE-1250,2016,0.0,0,0
CWE-1251,2016,0.0,0,0
CWE-1254,2016,0.0,0,0
CWE-1255,2016,0.0,0,0
CWE-1256,2016,0.0,0,0
CWE-1257,2016,0.0,0,0
CWE-1258,2016,0.0,0,0
CWE-1259,2016,0.0,0,0
CWE-1260,2016,0.0,0,0
CWE-1262,2016,0.0,0,0
CWE-1263,2016,0.0,0,0
CWE-1264,2016,0.0,0,0
CWE-1268,2016,0.0,0,0
CWE-1270,2016,0.0,0,0
CWE-1274,2016,0.0,0,0
CWE-1275,2016,0.0,0,0
CWE-1276,2016,0.0,0,0
CWE-1277,2016,0.0,0,0
CWE-1278,2016,0.0,0,0
CWE-1280,2016,0.0,0,0
CWE-1281,2016,0.0,0,0
CWE-1282,2016,0.0,0,0
CWE-1283,2016,0.0,0,0
CWE-1284,2016,0.0,0,0
CWE-1285,2016,0.0,0,0
CWE-1286,2016,0.0,0,0
CWE-1287,2016,0.0,0,0
CWE-1288,2016,0.0,0,0
CWE-1289,2016,0.0,0,0
CWE-1294,2016,0.0,0,0
CWE-1295,2016,0.0,0,0
CWE-1298,2016,0.0,0,0
CWE-1299,2016,0.0,0,0
CWE-1300,2016,0.0,0,0
CWE-1301,2016,0.0,0,0
CWE-1303,2016,0.0,0,0
CWE-1304,2016,0.0,0,0
CWE-1310,2016,0.0,0,0
CWE-1312,2016,0.0,0,0
CWE-1313,2016,0.0,0,0
CWE-1314,2016,0.0,0,0
CWE-1316,2016,0.0,0,0
CWE-1319,2016,0.0,0,0
CWE-1320,2016,0.0,0,0
CWE-1321,2016,0.0,0,0
CWE-1322,2016,0.0,0,0
CWE-1323,2016,0.0,0,0
CWE-1325,2016,0.0,0,0
CWE-1326,2016,0.0,0,0
CWE-1327,2016,0.0,0,0
CWE-1328,2016,0.0,0,0
CWE-1329,2016,0.0,0,0
CWE-1330,2016,0.0,0,0
CWE-1332,2016,0.0,0,0
CWE-1333,2016,0.0,0,0
CWE-1334,2016,0.0,0,0
CWE-1335,2016,0.0,0,0
CWE-1336,2016,0.0,0,0
CWE-1342,2016,0.0,0,0
CWE-1357,2016,0.0,0,0
CWE-1366,2016,0.0,0,0
CWE-1384,2016,0.0,0,0
CWE-1385,2016,0.0,0,0
CWE-1386,2016,0.0,0,0
CWE-1389,2016,0.0,0,0
CWE-1390,2016,0.0,0,0
CWE-1391,2016,0.0,0,0
CWE-1392,2016,0.0,0,0
CWE-1393,2016,0.0,0,0
CWE-1394,2016,0.0,0,0
CWE-1,2017,0.004202842983748324,59,2
CWE-5,2017,2.220446049250313e-16,0,0
CWE-14,2017,-3.3306690738754696e-16,0,0
CWE-15,2017,0.0,0,0
CWE-16,2017,0.0042028429837483415,59,1
CWE-17,2017,4.336808689942018e-19,0,2
CWE-18,2017,0.002903329307731544,22,1
CWE-19,2017,0.07457165796178243,99,34
CWE-20,2017,0.3425115224566982,132,949
CWE-21,2017,0.0,0,0
CWE-22,2017,0.12798060385202786,121,270
CWE-23,2017,0.0,0,0
CWE-24,2017,0.0,0,0
CWE-25,2017,0.0,0,0
CWE-26,2017,0.0,0,0
CWE-27,2017,0.0,0,0
CWE-28,2017,4.930380657631324e-32,0,0
CWE-29,2017,-3.0814879110195774e-33,0,0
CWE-31,2017,0.0,0,0
CWE-32,2017,0.0,0,0
CWE-35,2017,0.0,0,0
CWE-36,2017,0.0,0,0
CWE-37,2017,0.0,0,0
CWE-38,2017,0.0,0,0
CWE-40,2017,0.0,0,0
CWE-41,2017,0.0,0,0
CWE-42,2017,0.0,0,0
CWE-43,2017,0.0,0,0
CWE-46,2017,0.0,0,0
CWE-50,2017,0.0,0,0
CWE-55,2017,0.0,0,0
CWE-57,2017,0.0,0,0
CWE-59,2017,0.057351269230894876,97,36
CWE-61,2017,0.0,0,0
CWE-64,2017,0.0,0,0
CWE-65,2017,0.0,0,0
CWE-66,2017,0.0,0,0
CWE-67,2017,0.0,0,0
CWE-69,2017,0.0,0,0
CWE-73,2017,0.0,0,0
CWE-74,2017,0.07872408778307889,107,66
CWE-75,2017,0.0,0,0
CWE-76,2017,0.0,0,0
CWE-77,2017,0.06542866596567319,108,100
CWE-78,2017,0.07726144869428801,106,154
CWE-79,2017,0.3063505298280607,121,1475
CWE-80,2017,0.0,0,0
CWE-81,2017,0.0,0,0
CWE-82,2017,0.0,0,0
CWE-83,2017,0.0,0,0
CWE-84,2017,0.0,0,0
CWE-85,2017,0.0,0,0
CWE-86,2017,0.0,0,0
CWE-87,2017,0.0,0,0
CWE-88,2017,0.0019481820129667328,5,2
CWE-89,2017,0.10472104048988504,102,504
CWE-90,2017,0.008131338792440757,52,6
CWE-91,2017,0.0037643152808276782,18,6
CWE-92,2017,0.0,0,0
CWE-93,2017,0.005903784828906014,21,10
CWE-94,2017,0.06727373769377429,92,89
CWE-95,2017,0.0,0,0
CWE-96,2017,0.0,0,0
CWE-97,2017,0.0,0,0
CWE-98,2017,0.0,0,0
CWE-99,2017,0.0,0,1
CWE-112,2017,0.0,0,0
CWE-113,2017,0.004017336041197219,15,5
CWE-114,2017,0.0,0,0
CWE-115,2017,0.0,0,0
CWE-116,2017,0.0051731757621835545,31,6
CWE-117,2017,0.0,0,0
CWE-118,2017,0.011561991870789831,80,4
CWE-119,2017,0.3197030761879643,131,2102
CWE-120,2017,0.052859841760284285,103,39
CWE-121,2017,0.0,0,0
CWE-122,2017,0.0,0,0
CWE-123,2017,0.0017693675012737252,8,2
CWE-124,2017,0.0,0,0
CWE-125,2017,0.20755715188881319,115,703
CWE-126,2017,0.0,0,0
CWE-127,2017,0.0,0,0
CWE-128,2017,0.0,0,0
CWE-129,2017,0.02863934870649936,103,20
CWE-130,2017,0.0,0,0
CWE-131,2017,0.022165012786284147,50,3
CWE-134,2017,0.023885347151477023,85,18
CWE-138,2017,0.0,0,0
CWE-140,2017,0.0,0,0
CWE-141,2017,0.0,0,0
CWE-142,2017,0.0,0,0
CWE-143,2017,0.0,0,0
CWE-144,2017,0.0,0,0
CWE-145,2017,0.0,0,0
CWE-146,2017,0.0,0,0
CWE-147,2017,0.0,0,0
CWE-148,2017,0.0,0,0
CWE-149,2017,0.0,0,0
CWE-150,2017,0.0,0,0
CWE-153,2017,0.0,0,0
CWE-155,2017,0.0,0,0
CWE-156,2017,0.0,0,0
CWE-158,2017,0.0,0,0
CWE-159,2017,0.0,0,0
CWE-162,2017,0.0,0,0
CWE-164,2017,0.0,0,0
CWE-166,2017,0.0,0,0
CWE-167,2017,0.0,0,0
CWE-168,2017,0.0,0,0
CWE-170,2017,0.0,0,0
CWE-172,2017,0.0,0,0
CWE-173,2017,0.0,0,0
CWE-174,2017,0.0,0,0
CWE-176,2017,0.0,0,0
CWE-177,2017,0.0,0,0
CWE-178,2017,0.011153036412610833,21,1
CWE-179,2017,0.0,0,0
CWE-180,2017,0.0,0,0
CWE-183,2017,0.0,0,0
CWE-184,2017,0.001228082128359244,5,2
CWE-185,2017,0.0,0,0
CWE-186,2017,0.0,0,0
CWE-187,2017,0.0,0,0
CWE-188,2017,0.0,0,0
CWE-189,2017,0.03761289069497136,103,20
CWE-190,2017,0.15857284880545588,114,213
CWE-191,2017,0.05332440636569853,107,17
CWE-192,2017,0.0,0,0
CWE-193,2017,0.0143130070622785,96,2
CWE-194,2017,0.0,0,0
CWE-195,2017,0.0,0,0
CWE-196,2017,0.0,0,0
CWE-197,2017,0.0,0,0
CWE-198,2017,0.0,0,0
CWE-199,2017,0.014637794837477092,46,1
CWE-200,2017,0.391171411723369,139,1281
CWE-201,2017,0.0,0,0
CWE-202,2017,0.0,0,0
CWE-203,2017,0.05585161644608278,94,12
CWE-204,2017,0.0,0,0
CWE-207,2017,0.0,0,0
CWE-208,2017,0.0,0,0
CWE-209,2017,0.0020316041657351134,9,2
CWE-212,2017,0.0,0,0
CWE-213,2017,0.0,0,0
CWE-214,2017,0.0,0,0
CWE-215,2017,0.0,0,0
CWE-216,2017,0.0,0,0
CWE-219,2017,0.0,0,0
CWE-221,2017,0.0,0,0
CWE-223,2017,0.0,0,0
CWE-226,2017,0.0,0,0
CWE-227,2017,0.0,0,0
CWE-228,2017,0.0,0,0
CWE-229,2017,0.0,0,0
CWE-230,2017,0.0,0,0
CWE-231,2017,0.0,0,0
CWE-232,2017,0.0,0,0
CWE-233,2017,0.0,0,0
CWE-235,2017,0.0,0,0
CWE-236,2017,0.0,0,0
CWE-237,2017,0.0,0,0
CWE-239,2017,0.0,0,0
CWE-240,2017,0.0,0,0
CWE-241,2017,0.0,0,0
CWE-242,2017,0.0,0,0
CWE-244,2017,0.0,0,0
CWE-248,2017,0.0,0,0
CWE-250,2017,0.0,0,0
CWE-252,2017,0.01666267365898662,98,6
CWE-253,2017,0.0,0,0
CWE-254,2017,0.09988405335191913,114,81
CWE-255,2017,0.04207527887575724,69,43
CWE-256,2017,0.0,0,0
CWE-257,2017,0.0,0,0
CWE-258,2017,0.0,0,0
CWE-259,2017,0.0,0,0
CWE-260,2017,0.0,0,0
CWE-261,2017,0.0,0,0
CWE-262,2017,0.0,0,0
CWE-263,2017,0.0,0,0
CWE-264,2017,0.15536592184936446,115,289
CWE-265,2017,0.0,0,0
CWE-266,2017,0.0,0,0
CWE-267,2017,0.0,0,0
CWE-268,2017,0.0,0,0
CWE-269,2017,0.047956670106561884,105,94
CWE-270,2017,0.0,0,0
CWE-271,2017,0.0,0,0
CWE-272,2017,0.0,0,0
CWE-273,2017,0.0008873327333429288,4,1
CWE-274,2017,0.0,0,0
CWE-275,2017,0.02379767509313404,87,25
CWE-276,2017,0.021854093974912458,106,24
CWE-277,2017,0.0,0,0
CWE-278,2017,0.0,0,0
CWE-279,2017,0.0,0,0
CWE-280,2017,0.0,0,0
CWE-281,2017,0.03718461710145693,89,22
CWE-282,2017,0.0,0,0
CWE-283,2017,0.0,0,0
CWE-284,2017,0.14462839807747024,114,261
CWE-285,2017,0.018012183671859312,81,9
CWE-286,2017,0.0,0,0
CWE-287,2017,0.21661835123037906,122,227
CWE-288,2017,0.0,0,0
CWE-289,2017,0.0,0,0
CWE-290,2017,0.002233521539238148,19,7
CWE-291,2017,0.0,0,0
CWE-292,2017,0.0,0,0
CWE-294,2017,0.0023364796518902382,7,2
CWE-295,2017,0.07291168909980393,103,175
CWE-296,2017,0.0,0,0
CWE-297,2017,0.0010662848366636045,10,2
CWE-298,2017,0.0,0,0
CWE-299,2017,0.0,0,0
CWE-300,2017,0.0,0,0
CWE-302,2017,0.0,0,0
CWE-303,2017,0.0,0,0
CWE-304,2017,0.0,0,0
CWE-305,2017,0.0,0,0
CWE-306,2017,0.020115946997278648,101,32
CWE-307,2017,0.015270495071059932,24,9
CWE-308,2017,0.0,0,0
CWE-309,2017,0.0,0,0
CWE-310,2017,0.014740055530767572,77,24
CWE-311,2017,0.06652259610529873,88,17
CWE-312,2017,0.009158370337733453,79,5
CWE-313,2017,0.0,0,0
CWE-315,2017,0.0,0,0
CWE-316,2017,0.0,0,0
CWE-317,2017,0.0,0,0
CWE-319,2017,0.027415714169618986,94,27
CWE-320,2017,0.0162305335602396,80,10
CWE-321,2017,0.0,0,0
CWE-322,2017,0.0,0,0
CWE-323,2017,0.0,0,0
CWE-324,2017,0.0,0,0
CWE-325,2017,0.0,0,0
CWE-326,2017,0.05311673602764725,109,41
CWE-327,2017,0.06901574169820957,93,27
CWE-328,2017,0.0,0,0
CWE-329,2017,0.0,0,0
CWE-330,2017,0.038081851179931875,88,22
CWE-331,2017,0.0300796781469243,91,7
CWE-332,2017,0.0007153720609064929,3,2
CWE-333,2017,0.0,0,0
CWE-334,2017,0.0,0,0
CWE-335,2017,0.0012175551439529832,7,3
CWE-336,2017,0.0,0,0
CWE-337,2017,0.0,0,0
CWE-338,2017,0.007611562560313261,79,5
CWE-339,2017,0.0,0,0
CWE-340,2017,0.0,0,0
CWE-341,2017,0.0,0,0
CWE-342,2017,0.0,0,0
CWE-343,2017,0.0,0,0
CWE-344,2017,0.0,0,0
CWE-345,2017,0.026682080003279072,98,17
CWE-346,2017,0.03655611503801145,88,10
CWE-347,2017,0.037783725952345915,105,15
CWE-348,2017,0.0,0,0
CWE-349,2017,0.0,0,0
CWE-350,2017,0.0,0,0
CWE-351,2017,0.0,0,0
CWE-352,2017,0.1950028612487413,108,312
CWE-353,2017,0.0,0,0
CWE-354,2017,0.0010846871225413924,8,5
CWE-356,2017,0.0,0,0
CWE-357,2017,0.0,0,0
CWE-358,2017,0.012819239610591438,75,7
CWE-359,2017,0.0,0,0
CWE-361,2017,0.04771868116068688,91,4
CWE-362,2017,0.09812639564382233,116,96
CWE-363,2017,0.0,0,0
CWE-364,2017,0.0,0,0
CWE-366,2017,0.0,0,0
CWE-367,2017,0.012701057317271629,75,5
CWE-369,2017,0.05785110698106032,105,51
CWE-371,2017,0.0,0,0
CWE-372,2017,0.0,0,0
CWE-377,2017,0.0,0,0
CWE-378,2017,0.0,0,0
CWE-379,2017,0.0,0,0
CWE-384,2017,0.029824104139144828,93,33
CWE-385,2017,0.0,0,0
CWE-386,2017,0.0,0,0
CWE-388,2017,0.023141383791345286,63,9
CWE-390,2017,0.0,0,0
CWE-391,2017,0.0,0,0
CWE-392,2017,0.0,0,0
CWE-393,2017,0.0,0,0
CWE-394,2017,0.0,0,0
CWE-395,2017,0.0,0,0
CWE-396,2017,0.0,0,0
CWE-399,2017,0.09266724673925837,115,72
CWE-400,2017,0.15927491600232208,117,130
CWE-401,2017,0.026574264060774285,87,12
CWE-402,2017,0.0,0,0
CWE-403,2017,0.0,0,0
CWE-404,2017,0.022698270624896412,101,14
CWE-405,2017,0.0,0,0
CWE-406,2017,0.0,0,0
CWE-407,2017,0.0007486300079699631,3,2
CWE-408,2017,0.0,0,0
CWE-409,2017,0.0,0,0
CWE-410,2017,0.0,0,0
CWE-412,2017,0.0,0,0
CWE-413,2017,0.0,0,0
CWE-414,2017,0.0,0,0
CWE-415,2017,0.08359235344096973,111,45
CWE-416,2017,0.15945392430245445,117,273
CWE-417,2017,0.008599482559173154,77,6
CWE-419,2017,0.0,0,0
CWE-420,2017,0.0,0,0
CWE-421,2017,0.0,0,0
CWE-422,2017,0.0,0,0
CWE-424,2017,0.0,0,0
CWE-425,2017,0.005959729640442399,33,7
CWE-426,2017,0.02301138952967324,62,138
CWE-427,2017,0.01127981873173458,29,39
CWE-428,2017,0.0010512102310686244,5,11
CWE-430,2017,0.0,0,0
CWE-431,2017,0.0,0,0
CWE-433,2017,0.0,0,0
CWE-434,2017,0.07223314951807795,106,91
CWE-435,2017,0.0,0,0
CWE-436,2017,0.0,0,0
CWE-437,2017,0.0,0,0
CWE-440,2017,0.0,0,0
CWE-441,2017,0.0,0,1
CWE-444,2017,0.0179460247943374,67,5
CWE-446,2017,0.0,0,0
CWE-447,2017,0.0,0,0
CWE-448,2017,0.0,0,0
CWE-449,2017,0.0,0,0
CWE-450,2017,0.0,0,0
CWE-451,2017,0.0,0,0
CWE-453,2017,0.0,0,0
CWE-454,2017,0.0,0,0
CWE-455,2017,0.0,0,0
CWE-456,2017,0.0,0,0
CWE-457,2017,0.0,0,0
CWE-459,2017,0.019480656195288375,21,2
CWE-460,2017,0.0,0,0
CWE-462,2017,0.0,0,0
CWE-463,2017,0.0,0,0
CWE-465,2017,0.0,0,0
CWE-466,2017,0.0,0,0
CWE-467,2017,0.0,0,0
CWE-468,2017,0.0,0,0
CWE-469,2017,0.0,0,0
CWE-470,2017,0.0,0,0
CWE-471,2017,0.0,0,0
CWE-472,2017,0.0,0,0
CWE-473,2017,0.0,0,0
CWE-474,2017,0.0,0,0
CWE-475,2017,0.0,0,0
CWE-476,2017,0.15944401546252174,117,338
CWE-477,2017,0.0,0,0
CWE-479,2017,0.0,0,0
CWE-480,2017,0.0,0,0
CWE-484,2017,0.0,0,0
CWE-488,2017,0.0,0,0
CWE-489,2017,0.0,0,0
CWE-491,2017,0.0,0,0
CWE-494,2017,0.0006782175114725611,7,4
CWE-495,2017,0.0,0,0
CWE-497,2017,0.0,0,0
CWE-501,2017,0.0,0,0
CWE-502,2017,0.06811425703356076,105,68
CWE-506,2017,0.0,0,0
CWE-507,2017,0.0,0,0
CWE-514,2017,0.0,0,0
CWE-520,2017,0.0,0,0
CWE-521,2017,0.046137216453681316,40,10
CWE-522,2017,0.023179921325139023,41,36
CWE-523,2017,0.0,0,0
CWE-524,2017,0.0,0,0
CWE-525,2017,0.0,0,0
CWE-526,2017,0.0,0,0
CWE-527,2017,0.0,0,0
CWE-530,2017,0.0,0,0
CWE-531,2017,0.0,0,0
CWE-532,2017,0.051019392074302124,99,29
CWE-533,2017,0.0,0,0
CWE-534,2017,0.00035647765656744755,1,1
CWE-538,2017,0.0,0,1
CWE-539,2017,0.0,0,0
CWE-540,2017,0.0,0,0
CWE-544,2017,0.0,0,0
CWE-547,2017,0.0,0,0
CWE-548,2017,0.0,0,0
CWE-549,2017,0.0,0,0
CWE-550,2017,0.0,0,0
CWE-551,2017,0.0,0,0
CWE-552,2017,0.014618619580149343,83,10
CWE-553,2017,0.0,0,0
CWE-555,2017,0.0,0,0
CWE-556,2017,0.0,0,0
CWE-557,2017,0.0,0,0
CWE-561,2017,0.0,0,0
CWE-562,2017,0.0,0,0
CWE-563,2017,0.0,0,0
CWE-564,2017,0.0,0,0
CWE-565,2017,0.003488622331025617,15,3
CWE-566,2017,0.0,0,0
CWE-567,2017,0.0,0,0
CWE-570,2017,0.0,0,0
CWE-571,2017,0.0,0,0
CWE-573,2017,0.0,0,0
CWE-590,2017,0.0,0,0
CWE-591,2017,0.0,0,0
CWE-592,2017,0.0,0,0
CWE-597,2017,0.0,0,0
CWE-598,2017,0.0,0,0
CWE-599,2017,0.0,0,0
CWE-600,2017,0.0,0,0
CWE-601,2017,0.07466783015649858,101,93
CWE-602,2017,0.0,0,0
CWE-603,2017,0.0,0,0
CWE-605,2017,0.0,0,0
CWE-606,2017,0.0,0,0
CWE-610,2017,0.0118049172911024,21,2
CWE-611,2017,0.07396461186384579,98,106
CWE-612,2017,0.0,0,0
CWE-613,2017,0.030824709707570015,39,13
CWE-614,2017,0.0,0,0
CWE-615,2017,0.0,0,0
CWE-616,2017,0.0,0,0
CWE-617,2017,0.04202377264746468,93,39
CWE-618,2017,0.0,0,0
CWE-620,2017,0.0,0,0
CWE-622,2017,0.0,0,0
CWE-623,2017,0.0,0,0
CWE-624,2017,0.0,0,0
CWE-625,2017,0.0,0,0
CWE-626,2017,0.0,0,0
CWE-627,2017,0.0,0,0
CWE-628,2017,0.0,0,0
CWE-636,2017,0.0,0,0
CWE-639,2017,0.0003698481355886209,2,14
CWE-640,2017,0.01467174465993669,39,19
CWE-641,2017,0.0,0,0
CWE-642,2017,0.0,0,0
CWE-643,2017,0.0,0,0
CWE-644,2017,0.0,0,0
CWE-645,2017,0.0,0,0
CWE-646,2017,0.0,0,0
CWE-647,2017,0.0,0,0
CWE-648,2017,0.0,0,0
CWE-649,2017,0.0,0,0
CWE-650,2017,0.0,0,0
CWE-653,2017,0.0,0,0
CWE-655,2017,0.0,0,0
CWE-656,2017,0.0,0,0
CWE-657,2017,0.0,0,0
CWE-662,2017,0.00018868380302986755,1,1
CWE-664,2017,0.002662836283159764,8,1
CWE-665,2017,0.04387031693169381,101,22
CWE-666,2017,0.0,0,0
CWE-667,2017,0.0,0,0
CWE-668,2017,0.025415265726645687,88,18
CWE-669,2017,0.000244153123451682,4,1
CWE-670,2017,0.00420284298374834,59,1
CWE-671,2017,0.0,0,0
CWE-672,2017,0.00420284298374834,59,2
CWE-673,2017,0.0,0,0
CWE-674,2017,0.02409231122291326,98,16
CWE-675,2017,0.0,0,0
CWE-676,2017,0.0,0,0
CWE-680,2017,0.0,0,0
CWE-681,2017,0.004189354641505687,41,2
CWE-682,2017,0.02811150692979665,104,15
CWE-683,2017,0.0,0,0
CWE-684,2017,0.0,0,0
CWE-686,2017,0.0,0,0
CWE-688,2017,0.0,0,0
CWE-689,2017,0.0,0,0
CWE-690,2017,0.0,0,0
CWE-691,2017,0.0,0,0
CWE-692,2017,0.0,0,0
CWE-693,2017,0.0006197103545531053,3,1
CWE-694,2017,0.0,0,0
CWE-696,2017,0.0,0,0
CWE-697,2017,0.00035647765656744755,1,1
CWE-698,2017,0.0,0,0
CWE-701,2017,0.0,0,0
CWE-703,2017,0.0,0,0
CWE-704,2017,0.07690934269016919,105,32
CWE-705,2017,0.0,0,0
CWE-706,2017,0.0,0,0
CWE-707,2017,0.0,0,0
CWE-708,2017,0.0,0,0
CWE-710,2017,0.0,0,0
CWE-732,2017,0.0776035944211762,111,83
CWE-733,2017,0.0,0,0
CWE-749,2017,0.0,0,1
CWE-754,2017,0.04459672931567666,91,12
CWE-755,2017,0.028409208536447586,79,14
CWE-757,2017,0.0,0,0
CWE-758,2017,0.0,0,0
CWE-759,2017,0.0,0,0
CWE-760,2017,0.0,0,0
CWE-761,2017,0.0,0,0
CWE-762,2017,0.0,0,0
CWE-763,2017,0.00420284298374834,59,1
CWE-767,2017,0.0,0,0
CWE-768,2017,0.0,0,0
CWE-769,2017,0.0009951053883729712,9,2
CWE-770,2017,0.03923540640712901,106,38
CWE-771,2017,0.0,0,0
CWE-772,2017,0.11177847507159709,112,167
CWE-774,2017,0.0,0,0
CWE-775,2017,0.0,0,0
CWE-776,2017,0.0,0,1
CWE-777,2017,0.0,0,0
CWE-778,2017,0.0,0,0
CWE-779,2017,0.0,0,0
CWE-780,2017,0.0,0,0
CWE-782,2017,0.0,0,0
CWE-783,2017,0.0,0,0
CWE-784,2017,0.0,0,0
CWE-786,2017,0.0,0,0
CWE-787,2017,0.14710766731176225,114,242
CWE-788,2017,0.0,0,0
CWE-789,2017,0.0,0,0
CWE-790,2017,0.0,0,0
CWE-791,2017,0.0,0,0
CWE-792,2017,0.0,0,0
CWE-794,2017,0.0,0,0
CWE-798,2017,0.08842811226605762,87,94
CWE-799,2017,0.0,0,0
CWE-804,2017,0.0,0,0
CWE-805,2017,0.0,0,0
CWE-807,2017,0.0,0,0
CWE-820,2017,0.0,0,0
CWE-821,2017,0.0,0,0
CWE-822,2017,0.0,0,0
CWE-823,2017,0.0,0,0
CWE-824,2017,0.00676368575058797,13,3
CWE-825,2017,0.0,0,0
CWE-826,2017,0.0,0,0
CWE-828,2017,0.0,0,0
CWE-829,2017,0.0006697771458761517,4,2
CWE-830,2017,0.0,0,0
CWE-832,2017,0.0,0,0
CWE-833,2017,0.0,0,0
CWE-834,2017,0.024158346011714675,98,28
CWE-835,2017,0.0979948029634717,109,92
CWE-836,2017,0.0,0,0
CWE-837,2017,0.0,0,0
CWE-838,2017,0.0,0,0
CWE-839,2017,0.0,0,0
CWE-840,2017,0.0,0,0
CWE-841,2017,0.0,0,0
CWE-842,2017,0.0,0,0
CWE-843,2017,0.03565288421008087,84,11
CWE-862,2017,0.02968204477546069,108,42
CWE-863,2017,0.07412029034990224,96,28
CWE-882,2017,0.0,0,0
CWE-908,2017,0.02946528452660216,86,4
CWE-909,2017,0.00420284298374834,59,1
CWE-910,2017,0.0,0,0
CWE-911,2017,0.0,0,0
CWE-912,2017,0.0,0,0
CWE-913,2017,0.013302114561589773,39,1
CWE-914,2017,0.0,0,0
CWE-915,2017,0.0,0,0
CWE-916,2017,0.00024133931497692448,5,1
CWE-917,2017,0.0,0,0
CWE-918,2017,0.02594618432864128,86,42
CWE-920,2017,0.0030144945300269468,10,1
CWE-921,2017,0.0,0,0
CWE-922,2017,0.004270186159602047,60,4
CWE-923,2017,0.0,0,0
CWE-924,2017,0.0,0,0
CWE-925,2017,0.0,0,0
CWE-926,2017,0.0,0,0
CWE-927,2017,0.0,0,0
CWE-939,2017,0.0,0,0
CWE-940,2017,0.0,0,0
CWE-941,2017,0.0,0,0
CWE-942,2017,0.0,0,0
CWE-943,2017,0.005613869030129887,76,1
CWE-1004,2017,0.0,0,0
CWE-1007,2017,0.0,0,0
CWE-1018,2017,0.0,0,0
CWE-1021,2017,0.008491373878937334,71,7
CWE-1022,2017,0.0,0,0
CWE-1023,2017,0.0,0,0
CWE-1025,2017,0.0,0,0
CWE-1026,2017,0.0,0,0
CWE-1027,2017,0.0,0,0
CWE-1032,2017,0.0,0,0
CWE-1035,2017,0.0,0,0
CWE-1037,2017,0.0,0,0
CWE-1038,2017,0.0,0,0
CWE-1039,2017,0.0,0,0
CWE-1046,2017,0.0,0,0
CWE-1049,2017,0.0,0,0
CWE-1050,2017,0.0,0,0
CWE-1059,2017,0.0,0,0
CWE-1068,2017,0.0,0,0
CWE-1072,2017,0.0,0,0
CWE-1076,2017,0.0,0,0
CWE-1077,2017,0.0,0,0
CWE-1088,2017,0.0,0,0
CWE-1100,2017,0.0,0,0
CWE-1102,2017,0.0,0,0
CWE-1103,2017,0.0,0,0
CWE-1104,2017,0.0,0,0
CWE-1106,2017,0.0,0,0
CWE-1108,2017,0.0,0,0
CWE-1112,2017,0.0,0,0
CWE-1116,2017,0.0,0,0
CWE-1119,2017,0.0,0,0
CWE-1124,2017,0.0,0,0
CWE-1125,2017,0.0,0,0
CWE-1149,2017,0.0,0,0
CWE-1164,2017,0.0,0,0
CWE-1173,2017,0.0,0,0
CWE-1174,2017,0.0,0,0
CWE-1176,2017,0.0,0,0
CWE-1187,2017,5.272017951307999e-05,1,1
CWE-1188,2017,0.006279777431782689,20,19
CWE-1189,2017,0.0,0,0
CWE-1191,2017,0.0,0,0
CWE-1204,2017,0.0,0,0
CWE-1220,2017,0.0,0,0
CWE-1223,2017,0.0,0,0
CWE-1230,2017,0.0,0,0
CWE-1231,2017,0.0,0,0
CWE-1233,2017,0.0,0,0
CWE-1234,2017,0.0,0,0
CWE-1236,2017,0.0,0,0
CWE-1240,2017,0.0,0,0
CWE-1241,2017,0.0,0,0
CWE-1242,2017,0.0,0,0
CWE-1244,2017,0.0,0,0
CWE-1245,2017,0.0,0,0
CWE-1246,2017,0.0,0,0
CWE-1247,2017,0.0,0,0
CWE-1250,2017,0.0,0,0
CWE-1251,2017,0.0,0,0
CWE-1254,2017,0.0,0,0
CWE-1255,2017,0.0,0,0
CWE-1256,2017,0.0,0,0
CWE-1257,2017,0.0,0,0
CWE-1258,2017,0.0,0,0
CWE-1259,2017,0.0,0,0
CWE-1260,2017,0.0,0,0
CWE-1262,2017,0.0,0,0
CWE-1263,2017,0.0,0,0
CWE-1264,2017,0.0,0,0
CWE-1268,2017,0.0,0,0
CWE-1270,2017,0.0,0,0
CWE-1274,2017,0.0,0,0
CWE-1275,2017,0.0,0,0
CWE-1276,2017,0.0,0,0
CWE-1277,2017,0.0,0,0
CWE-1278,2017,0.0,0,0
CWE-1280,2017,0.0,0,0
CWE-1281,2017,0.0,0,0
CWE-1282,2017,0.0,0,0
CWE-1283,2017,0.0,0,0
CWE-1284,2017,0.0,0,0
CWE-1285,2017,0.0,0,0
CWE-1286,2017,0.0,0,0
CWE-1287,2017,0.0,0,0
CWE-1288,2017,0.0,0,0
CWE-1289,2017,0.0,0,0
CWE-1294,2017,0.0,0,0
CWE-1295,2017,0.0,0,0
CWE-1298,2017,0.0,0,0
CWE-1299,2017,0.0,0,0
CWE-1300,2017,0.0,0,0
CWE-1301,2017,0.0,0,0
CWE-1303,2017,0.0,0,0
CWE-1304,2017,0.0,0,0
CWE-1310,2017,0.0,0,0
CWE-1312,2017,0.0,0,0
CWE-1313,2017,0.0,0,0
CWE-1314,2017,0.0,0,0
CWE-1316,2017,0.0,0,0
CWE-1319,2017,0.0,0,0
CWE-1320,2017,0.0,0,0
CWE-1321,2017,0.0,0,0
CWE-1322,2017,0.0,0,0
CWE-1323,2017,0.0,0,0
CWE-1325,2017,0.0,0,0
CWE-1326,2017,0.0,0,0
CWE-1327,2017,0.0,0,0
CWE-1328,2017,0.0,0,0
CWE-1329,2017,0.0,0,0
CWE-1330,2017,0.0,0,0
CWE-1332,2017,0.0,0,0
CWE-1333,2017,0.004076416577792624,42,2
CWE-1334,2017,0.0,0,0
CWE-1335,2017,0.0,0,0
CWE-1336,2017,0.0,0,0
CWE-1342,2017,0.0,0,0
CWE-1357,2017,0.0,0,0
CWE-1366,2017,0.0,0,0
CWE-1384,2017,0.0,0,0
CWE-1385,2017,0.0,0,0
CWE-1386,2017,0.0,0,0
CWE-1389,2017,0.0,0,0
CWE-1390,2017,0.0,0,0
CWE-1391,2017,0.0,0,0
CWE-1392,2017,0.0,0,0
CWE-1393,2017,0.0,0,0
CWE-1394,2017,0.0,0,0
CWE-1,2018,-0.0,0,0
CWE-5,2018,-0.0,0,0
CWE-14,2018,-0.0,0,0
CWE-15,2018,-0.0,0,0
CWE-16,2018,0.041267935852887835,37,3
CWE-17,2018,0.06189601779298359,40,3
CWE-18,2018,-1.1102230246251565e-16,0,0
CWE-19,2018,0.061670973922619166,45,9
CWE-20,2018,0.3014103580334444,140,1189
CWE-21,2018,-0.0,0,0
CWE-22,2018,0.09412087232339458,133,539
CWE-23,2018,-0.0,0,0
CWE-24,2018,-0.0,0,0
CWE-25,2018,-0.0,0,0
CWE-26,2018,-0.0,0,0
CWE-27,2018,-0.0,0,0
CWE-28,2018,-0.0,0,0
CWE-29,2018,-0.0,0,0
CWE-31,2018,-0.0,0,0
CWE-32,2018,-0.0,0,0
CWE-35,2018,-0.0,0,0
CWE-36,2018,-0.0,0,0
CWE-37,2018,-0.0,0,0
CWE-38,2018,-0.0,0,0
CWE-40,2018,-0.0,0,0
CWE-41,2018,-0.0,0,0
CWE-42,2018,-0.0,0,0
CWE-43,2018,-0.0,0,0
CWE-46,2018,-0.0,0,0
CWE-50,2018,-0.0,0,0
CWE-55,2018,-0.0,0,0
CWE-57,2018,-0.0,0,0
CWE-59,2018,0.038606312735022595,121,49
CWE-61,2018,-0.0,0,0
CWE-64,2018,-0.0,0,0
CWE-65,2018,-0.0,0,0
CWE-66,2018,-0.0,0,0
CWE-67,2018,-0.0,0,0
CWE-69,2018,-0.0,0,0
CWE-73,2018,-0.0,0,0
CWE-74,2018,0.08506841264402552,126,45
CWE-75,2018,-0.0,0,0
CWE-76,2018,-0.0,0,0
CWE-77,2018,0.019794351814088063,111,48
CWE-78,2018,0.21160610473684374,124,326
CWE-79,2018,0.17581630566663442,138,2013
CWE-80,2018,-0.0,0,0
CWE-81,2018,-0.0,0,0
CWE-82,2018,-0.0,0,0
CWE-83,2018,-0.0,0,0
CWE-84,2018,-0.0,0,0
CWE-85,2018,-0.0,0,0
CWE-86,2018,-0.0,0,0
CWE-87,2018,-0.0,0,0
CWE-88,2018,0.027961437814056037,112,14
CWE-89,2018,0.07695754025854416,133,502
CWE-90,2018,0.01242653213073563,103,3
CWE-91,2018,0.007070031066741819,104,8
CWE-92,2018,-0.0,0,0
CWE-93,2018,0.007227383521878735,103,7
CWE-94,2018,0.05965270805456572,127,157
CWE-95,2018,-0.0,0,0
CWE-96,2018,-0.0,0,0
CWE-97,2018,-0.0,0,0
CWE-98,2018,-0.0,0,0
CWE-99,2018,-0.0,0,0
CWE-112,2018,-0.0,0,0
CWE-113,2018,0.007127285706120169,103,6
CWE-114,2018,-0.0,0,0
CWE-115,2018,-0.0,0,0
CWE-116,2018,0.004144120821332458,99,6
CWE-117,2018,-0.0,0,0
CWE-118,2018,0.04418717977501044,37,8
CWE-119,2018,0.3973328301508687,134,985
CWE-120,2018,0.04765374656344982,117,47
CWE-121,2018,-0.0,0,0
CWE-122,2018,-0.0,0,0
CWE-123,2018,0.0030751504906949938,51,5
CWE-124,2018,-0.0,0,0
CWE-125,2018,0.2305817556770847,130,755
CWE-126,2018,-0.0,0,0
CWE-127,2018,-0.0,0,0
CWE-128,2018,-0.0,0,0
CWE-129,2018,0.10743142377967033,122,32
CWE-130,2018,-0.0,0,0
CWE-131,2018,0.0023673634329522625,45,3
CWE-134,2018,0.018835104789996834,114,22
CWE-138,2018,-0.0,0,0
CWE-140,2018,-0.0,0,0
CWE-141,2018,-0.0,0,0
CWE-142,2018,-0.0,0,0
CWE-143,2018,-0.0,0,0
CWE-144,2018,-0.0,0,0
CWE-145,2018,-0.0,0,0
CWE-146,2018,-0.0,0,0
CWE-147,2018,-0.0,0,0
CWE-148,2018,-0.0,0,0
CWE-149,2018,-0.0,0,0
CWE-150,2018,-0.0,0,0
CWE-153,2018,-0.0,0,0
CWE-155,2018,-0.0,0,0
CWE-156,2018,-0.0,0,0
CWE-158,2018,-0.0,0,0
CWE-159,2018,-0.0,0,0
CWE-162,2018,-0.0,0,0
CWE-164,2018,-0.0,0,0
CWE-166,2018,-0.0,0,0
CWE-167,2018,-0.0,0,0
CWE-168,2018,-0.0,0,0
CWE-170,2018,-0.0,0,0
CWE-172,2018,0.0006274154208043342,7,4
CWE-173,2018,-0.0,0,0
CWE-174,2018,-0.0,0,0
CWE-176,2018,-0.0,0,0
CWE-177,2018,-0.0,0,0
CWE-178,2018,0.002868674724755913,25,2
CWE-179,2018,-0.0,0,0
CWE-180,2018,-0.0,0,0
CWE-183,2018,-0.0,0,0
CWE-184,2018,0.008183293004752294,101,3
CWE-185,2018,0.0070225966855424985,105,6
CWE-186,2018,-0.0,0,0
CWE-187,2018,-0.0,0,0
CWE-188,2018,-0.0,0,0
CWE-189,2018,0.059884558516993154,88,2
CWE-190,2018,0.1853584194576436,127,693
CWE-191,2018,0.07858378207764918,116,16
CWE-192,2018,-0.0,0,0
CWE-193,2018,0.018375965705645467,109,8
CWE-194,2018,-0.0,0,0
CWE-195,2018,-0.0,0,0
CWE-196,2018,-0.0,0,0
CWE-197,2018,-0.0,0,0
CWE-198,2018,-0.0,0,0
CWE-199,2018,-0.0,0,0
CWE-200,2018,0.3650333909039307,141,1019
CWE-201,2018,-0.0,0,0
CWE-202,2018,-0.0,0,0
CWE-203,2018,0.0784174802072578,115,18
CWE-204,2018,-0.0,0,0
CWE-207,2018,-0.0,0,0
CWE-208,2018,-0.0,0,0
CWE-209,2018,0.02104652303145937,108,6
CWE-212,2018,7.950796000192656e-05,1,1
CWE-213,2018,-0.0,0,0
CWE-214,2018,-0.0,0,0
CWE-215,2018,-0.0,0,0
CWE-216,2018,-0.0,0,0
CWE-219,2018,-0.0,0,0
CWE-221,2018,-0.0,0,0
CWE-223,2018,-0.0,0,0
CWE-226,2018,-0.0,0,0
CWE-227,2018,-0.0,0,0
CWE-228,2018,-0.0,0,0
CWE-229,2018,-0.0,0,0
CWE-230,2018,-0.0,0,0
CWE-231,2018,-0.0,0,0
CWE-232,2018,-0.0,0,0
CWE-233,2018,-0.0,0,0
CWE-235,2018,-0.0,0,0
CWE-236,2018,-0.0,0,0
CWE-237,2018,-0.0,0,0
CWE-239,2018,-0.0,0,0
CWE-240,2018,-0.0,0,0
CWE-241,2018,-0.0,0,0
CWE-242,2018,-0.0,0,0
CWE-244,2018,-0.0,0,0
CWE-248,2018,-0.0,0,0
CWE-250,2018,-0.0,0,0
CWE-252,2018,0.01992637075443852,110,4
CWE-253,2018,-0.0,0,0
CWE-254,2018,0.07508640843142779,120,19
CWE-255,2018,0.0036555324192260583,36,23
CWE-256,2018,-0.0,0,0
CWE-257,2018,-0.0,0,0
CWE-258,2018,-0.0,0,0
CWE-259,2018,-0.0,0,0
CWE-260,2018,-0.0,0,0
CWE-261,2018,-0.0,0,0
CWE-262,2018,-0.0,0,0
CWE-263,2018,-0.0,0,0
CWE-264,2018,0.07895595740267145,127,86
CWE-265,2018,-0.0,0,0
CWE-266,2018,-0.0,0,0
CWE-267,2018,-0.0,0,0
CWE-268,2018,-0.0,0,0
CWE-269,2018,0.10080803112941858,132,113
CWE-270,2018,-0.0,0,0
CWE-271,2018,-0.0,0,0
CWE-272,2018,-0.0,0,0
CWE-273,2018,0.004075386511478341,30,2
CWE-274,2018,-0.0,0,0
CWE-275,2018,0.018239336750857496,90,17
CWE-276,2018,0.023924826782178516,116,18
CWE-277,2018,-0.0,0,0
CWE-278,2018,-0.0,0,0
CWE-279,2018,-0.0,0,0
CWE-280,2018,-0.0,0,0
CWE-281,2018,0.009189447475464954,93,4
CWE-282,2018,-0.0,0,0
CWE-283,2018,-0.0,0,0
CWE-284,2018,0.08791073737500645,122,43
CWE-285,2018,0.0074832933032935615,74,8
CWE-286,2018,-0.0,0,0
CWE-287,2018,0.1433632745738446,131,282
CWE-288,2018,-0.0,0,0
CWE-289,2018,-0.0,0,0
CWE-290,2018,0.008405320283975913,107,11
CWE-291,2018,-0.0,0,0
CWE-292,2018,-0.0,0,0
CWE-294,2018,0.0002775495144777083,4,6
CWE-295,2018,0.08217462980207642,127,126
CWE-296,2018,-0.0,0,0
CWE-297,2018,0.002045726290549493,39,1
CWE-298,2018,-0.0,0,0
CWE-299,2018,-0.0,0,0
CWE-300,2018,-0.0,0,0
CWE-302,2018,-0.0,0,0
CWE-303,2018,-0.0,0,0
CWE-304,2018,-0.0,0,0
CWE-305,2018,-0.0,0,0
CWE-306,2018,0.016054808270449958,104,42
CWE-307,2018,0.037253461400818096,20,10
CWE-308,2018,-0.0,0,0
CWE-309,2018,-0.0,0,0
CWE-310,2018,0.025681623045443126,114,170
CWE-311,2018,0.03496640512727015,109,26
CWE-312,2018,0.005992103053380992,101,17
CWE-313,2018,-0.0,0,0
CWE-315,2018,-0.0,0,0
CWE-316,2018,-0.0,0,0
CWE-317,2018,-0.0,0,0
CWE-319,2018,0.0466120834994983,105,42
CWE-320,2018,0.08056779384715423,117,14
CWE-321,2018,-0.0,0,0
CWE-322,2018,-0.0,0,0
CWE-323,2018,-0.0,0,0
CWE-324,2018,-0.0,0,0
CWE-325,2018,-0.0,0,0
CWE-326,2018,0.09137883832693125,119,40
CWE-327,2018,0.03673274466711867,116,32
CWE-328,2018,-0.0,0,0
CWE-329,2018,-0.0,0,0
CWE-330,2018,0.009115595070150197,107,15
CWE-331,2018,0.014928835812692018,75,5
CWE-332,2018,-0.0,0,1
CWE-333,2018,-0.0,0,0
CWE-334,2018,-0.0,0,0
CWE-335,2018,0.0007455547395781035,10,2
CWE-336,2018,-0.0,0,0
CWE-337,2018,-0.0,0,0
CWE-338,2018,0.03228639663168757,37,17
CWE-339,2018,-0.0,0,0
CWE-340,2018,-0.0,0,0
CWE-341,2018,-0.0,0,0
CWE-342,2018,-0.0,0,0
CWE-343,2018,-0.0,0,0
CWE-344,2018,-0.0,0,0
CWE-345,2018,0.00227388965963067,23,12
CWE-346,2018,0.023882492171634663,117,15
CWE-347,2018,0.06466605414852711,120,39
CWE-348,2018,-0.0,0,0
CWE-349,2018,-0.0,0,0
CWE-350,2018,-0.0,0,0
CWE-351,2018,-0.0,0,0
CWE-352,2018,0.09549855612804573,125,434
CWE-353,2018,-0.0,0,0
CWE-354,2018,0.001069163668079373,23,3
CWE-356,2018,-0.0,0,0
CWE-357,2018,-0.0,0,0
CWE-358,2018,0.00996685159689408,102,11
CWE-359,2018,-0.0,0,0
CWE-361,2018,0.003029722303827717,101,2
CWE-362,2018,0.12344669984850075,126,101
CWE-363,2018,-0.0,0,0
CWE-364,2018,-0.0,0,0
CWE-366,2018,-0.0,0,0
CWE-367,2018,0.01362277790079747,109,5
CWE-369,2018,0.03648417892971329,114,27
CWE-371,2018,-0.0,0,0
CWE-372,2018,-0.0,0,0
CWE-377,2018,-0.0,0,0
CWE-378,2018,-0.0,0,0
CWE-379,2018,-0.0,0,0
CWE-384,2018,0.07554929994178909,122,48
CWE-385,2018,-0.0,0,0
CWE-386,2018,-0.0,0,0
CWE-388,2018,0.08506063097891713,117,11
CWE-390,2018,-0.0,0,0
CWE-391,2018,-0.0,0,0
CWE-392,2018,-0.0,0,0
CWE-393,2018,-0.0,0,0
CWE-394,2018,-0.0,0,0
CWE-395,2018,-0.0,0,0
CWE-396,2018,-0.0,0,0
CWE-399,2018,0.06768827656728661,67,15
CWE-400,2018,0.1277076747854667,127,164
CWE-401,2018,0.013254868422146224,45,7
CWE-402,2018,-0.0,0,0
CWE-403,2018,-0.0,0,0
CWE-404,2018,0.028349695654903397,99,41
CWE-405,2018,-0.0,0,1
CWE-406,2018,-0.0,0,0
CWE-407,2018,-0.0,0,1
CWE-408,2018,-0.0,0,0
CWE-409,2018,-0.0,0,0
CWE-410,2018,-0.0,0,0
CWE-412,2018,-0.0,0,0
CWE-413,2018,-0.0,0,0
CWE-414,2018,-0.0,0,0
CWE-415,2018,0.10553406930582843,124,68
CWE-416,2018,0.14812393616267153,127,404
CWE-417,2018,0.007341703836236358,94,6
CWE-419,2018,-0.0,0,0
CWE-420,2018,-0.0,0,0
CWE-421,2018,-0.0,0,0
CWE-422,2018,-0.0,0,0
CWE-424,2018,-0.0,0,0
CWE-425,2018,0.0049405387972397,100,17
CWE-426,2018,0.024542973121531867,115,75
CWE-427,2018,0.004326722605501167,52,23
CWE-428,2018,0.0006520716149249182,7,16
CWE-430,2018,-0.0,0,0
CWE-431,2018,-0.0,0,0
CWE-433,2018,-0.0,0,0
CWE-434,2018,0.047089774334480604,114,166
CWE-435,2018,-0.0,0,0
CWE-436,2018,0.017729187479274305,103,2
CWE-437,2018,-0.0,0,0
CWE-440,2018,-0.0,0,0
CWE-441,2018,0.000592813264314437,5,2
CWE-444,2018,0.008356572725159541,101,10
CWE-446,2018,-0.0,0,0
CWE-447,2018,-0.0,0,0
CWE-448,2018,-0.0,0,0
CWE-449,2018,-0.0,0,0
CWE-450,2018,-0.0,0,0
CWE-451,2018,-0.0,0,0
CWE-453,2018,-0.0,0,0
CWE-454,2018,-0.0,0,0
CWE-455,2018,-0.0,0,0
CWE-456,2018,-0.0,0,0
CWE-457,2018,-0.0,0,0
CWE-459,2018,0.01756455696831612,112,7
CWE-460,2018,-0.0,0,0
CWE-462,2018,-0.0,0,0
CWE-463,2018,-0.0,0,0
CWE-465,2018,-0.0,0,0
CWE-466,2018,-0.0,0,0
CWE-467,2018,-0.0,0,0
CWE-468,2018,-0.0,0,0
CWE-469,2018,-0.0,0,0
CWE-470,2018,0.01940573852654082,65,3
CWE-471,2018,-0.0,0,1
CWE-472,2018,-0.0,0,0
CWE-473,2018,-0.0,0,0
CWE-474,2018,-0.0,0,0
CWE-475,2018,-0.0,0,0
CWE-476,2018,0.2019454387048696,127,327
CWE-477,2018,-0.0,0,0
CWE-479,2018,-0.0,0,0
CWE-480,2018,-0.0,0,0
CWE-484,2018,-0.0,0,0
CWE-488,2018,-0.0,0,0
CWE-489,2018,-0.0,0,0
CWE-491,2018,-0.0,0,0
CWE-494,2018,0.0005729607852492247,2,2
CWE-495,2018,-0.0,0,0
CWE-497,2018,-0.0,0,0
CWE-501,2018,-0.0,0,0
CWE-502,2018,0.05231448082830171,124,121
CWE-506,2018,-0.0,0,0
CWE-507,2018,-0.0,0,0
CWE-514,2018,-0.0,0,0
CWE-520,2018,-0.0,0,0
CWE-521,2018,0.00678385708837397,38,15
CWE-522,2018,0.05741140040716532,119,114
CWE-523,2018,-0.0,0,0
CWE-524,2018,-0.0,0,0
CWE-525,2018,-0.0,0,0
CWE-526,2018,-0.0,0,0
CWE-527,2018,-0.0,0,0
CWE-530,2018,-0.0,0,0
CWE-531,2018,-0.0,0,0
CWE-532,2018,0.022147247252003,114,63
CWE-533,2018,-0.0,0,0
CWE-534,2018,0.0003120795419051829,6,1
CWE-538,2018,0.004017718112693952,48,3
CWE-539,2018,-0.0,0,0
CWE-540,2018,-0.0,0,0
CWE-544,2018,-0.0,0,0
CWE-547,2018,-0.0,0,0
CWE-548,2018,-0.0,0,0
CWE-549,2018,-0.0,0,0
CWE-550,2018,-0.0,0,0
CWE-551,2018,-0.0,0,0
CWE-552,2018,0.007536746296896705,91,4
CWE-553,2018,-0.0,0,0
CWE-555,2018,-0.0,0,0
CWE-556,2018,-0.0,0,0
CWE-557,2018,-0.0,0,0
CWE-561,2018,-0.0,0,0
CWE-562,2018,-0.0,0,0
CWE-563,2018,-0.0,0,0
CWE-564,2018,-0.0,0,0
CWE-565,2018,0.0003921121642968687,6,2
CWE-566,2018,-0.0,0,0
CWE-567,2018,-0.0,0,0
CWE-570,2018,-0.0,0,0
CWE-571,2018,-0.0,0,0
CWE-573,2018,-0.0,0,0
CWE-590,2018,-0.0,0,0
CWE-591,2018,-0.0,0,0
CWE-592,2018,-0.0,0,0
CWE-597,2018,-0.0,0,0
CWE-598,2018,-0.0,0,0
CWE-599,2018,-0.0,0,0
CWE-600,2018,-0.0,0,0
CWE-601,2018,0.04964452630400827,122,84
CWE-602,2018,-0.0,0,0
CWE-603,2018,-0.0,0,0
CWE-605,2018,-0.0,0,0
CWE-606,2018,-0.0,0,0
CWE-610,2018,0.0018524461300985053,43,1
CWE-611,2018,0.05062531767345698,118,185
CWE-612,2018,-0.0,0,0
CWE-613,2018,0.00685844215243653,107,13
CWE-614,2018,-0.0,0,0
CWE-615,2018,-0.0,0,0
CWE-616,2018,-0.0,0,0
CWE-617,2018,0.024396604873976657,110,25
CWE-618,2018,-0.0,0,0
CWE-620,2018,-0.0,0,0
CWE-622,2018,-0.0,0,0
CWE-623,2018,-0.0,0,0
CWE-624,2018,-0.0,0,0
CWE-625,2018,-0.0,0,0
CWE-626,2018,-0.0,0,0
CWE-627,2018,-0.0,0,0
CWE-628,2018,-0.0,0,0
CWE-636,2018,-0.0,0,0
CWE-639,2018,0.0008367164260036213,17,8
CWE-640,2018,0.005850052186219787,37,24
CWE-641,2018,-0.0,0,0
CWE-642,2018,2.922023848763824e-05,3,2
CWE-643,2018,-0.0,0,0
CWE-644,2018,-0.0,0,0
CWE-645,2018,-0.0,0,0
CWE-646,2018,-0.0,0,0
CWE-647,2018,-0.0,0,0
CWE-648,2018,-0.0,0,0
CWE-649,2018,-0.0,0,0
CWE-650,2018,-0.0,0,0
CWE-653,2018,-0.0,0,0
CWE-655,2018,-0.0,0,0
CWE-656,2018,-0.0,0,0
CWE-657,2018,-0.0,0,0
CWE-662,2018,-0.0,0,0
CWE-664,2018,-0.0,0,0
CWE-665,2018,0.025577618527589708,118,27
CWE-666,2018,-0.0,0,0
CWE-667,2018,0.0011711751856703552,12,3
CWE-668,2018,0.02871442493748872,111,25
CWE-669,2018,-0.0,0,0
CWE-670,2018,0.014201829705645928,108,3
CWE-671,2018,-0.0,0,0
CWE-672,2018,-0.0,0,0
CWE-673,2018,-0.0,0,0
CWE-674,2018,0.012481729164576138,105,17
CWE-675,2018,-0.0,0,0
CWE-676,2018,-0.0,0,0
CWE-680,2018,-0.0,0,0
CWE-681,2018,0.02309208130726474,108,3
CWE-682,2018,0.02632235526007149,117,9
CWE-683,2018,-0.0,0,0
CWE-684,2018,-0.0,0,0
CWE-686,2018,-0.0,0,0
CWE-688,2018,-0.0,0,0
CWE-689,2018,-0.0,0,0
CWE-690,2018,-0.0,0,0
CWE-691,2018,-0.0,0,0
CWE-692,2018,-0.0,0,0
CWE-693,2018,0.004301043107040733,99,19
CWE-694,2018,-0.0,0,0
CWE-696,2018,-0.0,0,0
CWE-697,2018,-0.0,0,0
CWE-698,2018,-0.0,0,0
CWE-701,2018,-0.0,0,0
CWE-703,2018,-0.0,0,0
CWE-704,2018,0.0431997396234785,116,93
CWE-705,2018,-0.0,0,0
CWE-706,2018,0.019443534037275924,109,2
CWE-707,2018,0.00045013980374574667,9,1
CWE-708,2018,-0.0,0,0
CWE-710,2018,-0.0,0,0
CWE-732,2018,0.1445919917134043,133,214
CWE-733,2018,-0.0,0,0
CWE-749,2018,0.0011291126024859002,20,3
CWE-754,2018,0.009583695379439266,107,7
CWE-755,2018,0.0732369931049281,122,17
CWE-757,2018,-0.0,0,0
CWE-758,2018,-0.0,0,0
CWE-759,2018,-0.0,0,0
CWE-760,2018,-0.0,0,0
CWE-761,2018,-0.0,0,0
CWE-762,2018,-0.0,0,0
CWE-763,2018,0.006946367490435205,87,3
CWE-767,2018,-0.0,0,0
CWE-768,2018,-0.0,0,0
CWE-769,2018,-0.0,0,0
CWE-770,2018,0.03746903798139193,123,36
CWE-771,2018,-0.0,0,0
CWE-772,2018,0.09572078808920298,117,114
CWE-774,2018,-0.0,0,1
CWE-775,2018,-0.0,0,0
CWE-776,2018,-0.0,0,0
CWE-777,2018,-0.0,0,0
CWE-778,2018,-0.0,0,0
CWE-779,2018,-0.0,0,0
CWE-780,2018,-0.0,0,0
CWE-782,2018,-0.0,0,0
CWE-783,2018,-0.0,0,0
CWE-784,2018,-0.0,0,0
CWE-786,2018,-0.0,0,0
CWE-787,2018,0.2692483255033874,134,795
CWE-788,2018,-0.0,0,0
CWE-789,2018,-0.0,0,0
CWE-790,2018,-0.0,0,0
CWE-791,2018,-0.0,0,0
CWE-792,2018,-0.0,0,0
CWE-794,2018,-0.0,0,0
CWE-798,2018,0.0749922429523487,89,142
CWE-799,2018,-0.0,0,0
CWE-804,2018,-0.0,0,0
CWE-805,2018,-0.0,0,0
CWE-807,2018,-0.0,0,0
CWE-820,2018,-0.0,0,0
CWE-821,2018,-0.0,0,0
CWE-822,2018,-0.0,0,0
CWE-823,2018,-0.0,0,0
CWE-824,2018,0.0492775468253713,115,15
CWE-825,2018,-0.0,0,0
CWE-826,2018,-0.0,0,0
CWE-828,2018,-0.0,0,0
CWE-829,2018,0.012946841300371685,111,9
CWE-830,2018,-0.0,0,0
CWE-832,2018,-0.0,0,0
CWE-833,2018,-0.0,0,0
CWE-834,2018,0.010292256902286233,109,10
CWE-835,2018,0.09264748486917126,124,106
CWE-836,2018,-0.0,0,0
CWE-837,2018,-0.0,0,0
CWE-838,2018,-0.0,0,1
CWE-839,2018,-0.0,0,0
CWE-840,2018,-0.0,0,0
CWE-841,2018,-0.0,0,0
CWE-842,2018,-0.0,0,0
CWE-843,2018,0.005599412569113421,49,9
CWE-862,2018,0.04329971661668639,126,61
CWE-863,2018,0.08722220946533761,129,105
CWE-882,2018,-0.0,0,0
CWE-908,2018,0.028382168256091668,114,12
CWE-909,2018,0.018893365367903633,113,3
CWE-910,2018,-0.0,0,0
CWE-911,2018,-0.0,0,0
CWE-912,2018,-0.0,0,0
CWE-913,2018,-0.0,0,0
CWE-914,2018,-0.0,0,0
CWE-915,2018,-0.0,0,0
CWE-916,2018,0.0008475446533419707,11,5
CWE-917,2018,0.00014592799438486285,3,3
CWE-918,2018,0.009804603306702046,37,67
CWE-920,2018,0.0005381399457071536,2,1
CWE-921,2018,-0.0,0,0
CWE-922,2018,-0.0,0,0
CWE-923,2018,-0.0,0,0
CWE-924,2018,0.005778939561045436,104,2
CWE-925,2018,-0.0,0,0
CWE-926,2018,-0.0,0,0
CWE-927,2018,-0.0,0,0
CWE-939,2018,-0.0,0,0
CWE-940,2018,-0.0,0,0
CWE-941,2018,-0.0,0,0
CWE-942,2018,-0.0,0,0
CWE-943,2018,-0.0,0,0
CWE-1004,2018,-0.0,0,0
CWE-1007,2018,-0.0,0,0
CWE-1018,2018,-0.0,0,0
CWE-1021,2018,0.003750569777475116,60,9
CWE-1022,2018,-0.0,0,0
CWE-1023,2018,-0.0,0,0
CWE-1025,2018,-0.0,0,0
CWE-1026,2018,-0.0,0,0
CWE-1027,2018,-0.0,0,0
CWE-1032,2018,-0.0,0,0
CWE-1035,2018,-0.0,0,0
CWE-1037,2018,-0.0,0,0
CWE-1038,2018,-0.0,0,0
CWE-1039,2018,-0.0,0,0
CWE-1046,2018,-0.0,0,0
CWE-1049,2018,-0.0,0,0
CWE-1050,2018,-0.0,0,0
CWE-1059,2018,-0.0,0,0
CWE-1068,2018,-0.0,0,0
CWE-1072,2018,-0.0,0,0
CWE-1076,2018,-0.0,0,0
CWE-1077,2018,-0.0,0,0
CWE-1088,2018,-0.0,0,0
CWE-1100,2018,-0.0,0,0
CWE-1102,2018,-0.0,0,0
CWE-1103,2018,-0.0,0,0
CWE-1104,2018,-0.0,0,0
CWE-1106,2018,-0.0,0,0
CWE-1108,2018,-0.0,0,0
CWE-1112,2018,-0.0,0,0
CWE-1116,2018,-0.0,0,0
CWE-1119,2018,-0.0,0,0
CWE-1124,2018,-0.0,0,0
CWE-1125,2018,-0.0,0,0
CWE-1149,2018,-0.0,0,0
CWE-1164,2018,-0.0,0,0
CWE-1173,2018,-0.0,0,0
CWE-1174,2018,-0.0,0,0
CWE-1176,2018,-0.0,0,0
CWE-1187,2018,0.020230078721407252,111,1
CWE-1188,2018,0.05807461757932286,117,15
CWE-1189,2018,-0.0,0,0
CWE-1191,2018,-0.0,0,0
CWE-1204,2018,-0.0,0,0
CWE-1220,2018,-0.0,0,0
CWE-1223,2018,-0.0,0,0
CWE-1230,2018,-0.0,0,0
CWE-1231,2018,-0.0,0,0
CWE-1233,2018,-0.0,0,0
CWE-1234,2018,-0.0,0,0
CWE-1236,2018,0.0019016494997435053,14,19
CWE-1240,2018,-0.0,0,0
CWE-1241,2018,-0.0,0,0
CWE-1242,2018,-0.0,0,0
CWE-1244,2018,-0.0,0,0
CWE-1245,2018,-0.0,0,0
CWE-1246,2018,-0.0,0,0
CWE-1247,2018,-0.0,0,0
CWE-1250,2018,-0.0,0,0
CWE-1251,2018,-0.0,0,0
CWE-1254,2018,-0.0,0,0
CWE-1255,2018,-0.0,0,0
CWE-1256,2018,-0.0,0,0
CWE-1257,2018,-0.0,0,0
CWE-1258,2018,-0.0,0,0
CWE-1259,2018,-0.0,0,0
CWE-1260,2018,-0.0,0,0
CWE-1262,2018,-0.0,0,0
CWE-1263,2018,-0.0,0,0
CWE-1264,2018,-0.0,0,0
CWE-1268,2018,-0.0,0,0
CWE-1270,2018,-0.0,0,0
CWE-1274,2018,-0.0,0,0
CWE-1275,2018,-0.0,0,0
CWE-1276,2018,-0.0,0,0
CWE-1277,2018,-0.0,0,0
CWE-1278,2018,-0.0,0,0
CWE-1280,2018,-0.0,0,0
CWE-1281,2018,-0.0,0,0
CWE-1282,2018,-0.0,0,0
CWE-1283,2018,-0.0,0,0
CWE-1284,2018,-0.0,0,0
CWE-1285,2018,-0.0,0,0
CWE-1286,2018,-0.0,0,0
CWE-1287,2018,-0.0,0,0
CWE-1288,2018,-0.0,0,0
CWE-1289,2018,-0.0,0,0
CWE-1294,2018,-0.0,0,0
CWE-1295,2018,-0.0,0,0
CWE-1298,2018,-0.0,0,0
CWE-1299,2018,-0.0,0,0
CWE-1300,2018,-0.0,0,0
CWE-1301,2018,-0.0,0,0
CWE-1303,2018,-0.0,0,0
CWE-1304,2018,-0.0,0,0
CWE-1310,2018,-0.0,0,0
CWE-1312,2018,-0.0,0,0
CWE-1313,2018,-0.0,0,0
CWE-1314,2018,-0.0,0,0
CWE-1316,2018,-0.0,0,0
CWE-1319,2018,-0.0,0,0
CWE-1320,2018,-0.0,0,0
CWE-1321,2018,0.0005104678141237914,7,3
CWE-1322,2018,-0.0,0,0
CWE-1323,2018,-0.0,0,0
CWE-1325,2018,-0.0,0,0
CWE-1326,2018,-0.0,0,0
CWE-1327,2018,-0.0,0,0
CWE-1328,2018,-0.0,0,0
CWE-1329,2018,-0.0,0,0
CWE-1330,2018,-0.0,0,0
CWE-1332,2018,-0.0,0,0
CWE-1333,2018,-0.0,0,1
CWE-1334,2018,-0.0,0,0
CWE-1335,2018,-0.0,0,0
CWE-1336,2018,-0.0,0,0
CWE-1342,2018,-0.0,0,0
CWE-1357,2018,-0.0,0,0
CWE-1366,2018,-0.0,0,0
CWE-1384,2018,-0.0,0,0
CWE-1385,2018,-0.0,0,0
CWE-1386,2018,-0.0,0,0
CWE-1389,2018,-0.0,0,0
CWE-1390,2018,-0.0,0,0
CWE-1391,2018,-0.0,0,0
CWE-1392,2018,-0.0,0,0
CWE-1393,2018,-0.0,0,0
CWE-1394,2018,-0.0,0,0
CWE-1,2019,0.0,0,0
CWE-5,2019,0.0,0,0
CWE-14,2019,0.0,0,0
CWE-15,2019,0.0,0,0
CWE-16,2019,0.000776289835119973,21,2
CWE-17,2019,5.551115123125783e-17,0,0
CWE-18,2019,0.0008798372183015379,11,1
CWE-19,2019,0.0638222884013632,113,41
CWE-20,2019,0.3239144829330292,145,868
CWE-21,2019,0.00011757453121872402,5,1
CWE-22,2019,0.09730777593643654,141,474
CWE-23,2019,0.0,0,0
CWE-24,2019,0.0,0,0
CWE-25,2019,0.0,0,0
CWE-26,2019,0.0,0,0
CWE-27,2019,0.0,0,0
CWE-28,2019,0.0,0,0
CWE-29,2019,0.0,0,0
CWE-31,2019,0.0,0,0
CWE-32,2019,0.0,0,0
CWE-35,2019,0.0,0,0
CWE-36,2019,0.0,0,0
CWE-37,2019,0.0,0,0
CWE-38,2019,0.0,0,0
CWE-40,2019,0.0,0,0
CWE-41,2019,0.0,0,0
CWE-42,2019,0.0,0,0
CWE-43,2019,0.0,0,0
CWE-46,2019,0.0,0,0
CWE-50,2019,0.0,0,0
CWE-55,2019,0.0,0,0
CWE-57,2019,0.0,0,0
CWE-59,2019,0.05311840863793028,120,108
CWE-61,2019,0.0,0,0
CWE-64,2019,0.0,0,0
CWE-65,2019,0.0,0,0
CWE-66,2019,0.0,0,0
CWE-67,2019,0.0,0,0
CWE-69,2019,0.0,0,0
CWE-73,2019,0.0,0,0
CWE-74,2019,0.03078964957100803,124,96
CWE-75,2019,0.0,0,0
CWE-76,2019,0.0,0,0
CWE-77,2019,0.04332779217605113,121,89
CWE-78,2019,0.07583512325077275,133,379
CWE-79,2019,0.1707217842959646,145,2332
CWE-80,2019,0.0,0,0
CWE-81,2019,0.0,0,0
CWE-82,2019,0.0,0,0
CWE-83,2019,0.0,0,0
CWE-84,2019,0.0,0,0
CWE-85,2019,0.0,0,0
CWE-86,2019,0.0,0,0
CWE-87,2019,0.0,0,0
CWE-88,2019,0.020767235652985876,119,39
CWE-89,2019,0.05954541996126499,131,543
CWE-90,2019,0.00014115996721274148,5,1
CWE-91,2019,0.00442319815645269,105,12
CWE-92,2019,0.0,0,0
CWE-93,2019,0.011487541392514419,116,11
CWE-94,2019,0.03872803064559892,127,124
CWE-95,2019,0.0,0,0
CWE-96,2019,0.0,0,0
CWE-97,2019,0.0,0,0
CWE-98,2019,0.0,0,0
CWE-99,2019,0.00010512432787323136,2,1
CWE-112,2019,0.0,0,0
CWE-113,2019,0.0012860451673433989,5,3
CWE-114,2019,0.0,0,0
CWE-115,2019,0.0,0,0
CWE-116,2019,0.025076106056145415,121,18
CWE-117,2019,0.0,0,0
CWE-118,2019,0.00021377402551529058,3,1
CWE-119,2019,0.31563700566564673,132,460
CWE-120,2019,0.17987662520182277,127,104
CWE-121,2019,0.0,0,0
CWE-122,2019,0.0,0,0
CWE-123,2019,0.0,0,0
CWE-124,2019,0.0,0,0
CWE-125,2019,0.24222824169542878,134,896
CWE-126,2019,0.0,0,0
CWE-127,2019,0.0,0,0
CWE-128,2019,0.0,0,0
CWE-129,2019,0.14773568520594263,98,38
CWE-130,2019,0.0,0,0
CWE-131,2019,0.05718258424555285,35,4
CWE-134,2019,0.011541574559190462,113,24
CWE-138,2019,0.0,0,0
CWE-140,2019,0.0,0,0
CWE-141,2019,0.0,0,0
CWE-142,2019,0.0,0,0
CWE-143,2019,0.0,0,0
CWE-144,2019,0.0,0,0
CWE-145,2019,0.0,0,0
CWE-146,2019,0.0,0,0
CWE-147,2019,0.0,0,0
CWE-148,2019,0.0,0,0
CWE-149,2019,0.0,0,0
CWE-150,2019,0.0,0,0
CWE-153,2019,0.0,0,0
CWE-155,2019,0.0,0,0
CWE-156,2019,0.0,0,0
CWE-158,2019,0.0,0,0
CWE-159,2019,0.0,0,0
CWE-162,2019,0.0,0,0
CWE-164,2019,0.0,0,0
CWE-166,2019,0.0,0,0
CWE-167,2019,0.0,0,0
CWE-168,2019,0.0,0,0
CWE-170,2019,0.0,0,0
CWE-172,2019,0.0,0,0
CWE-173,2019,0.0,0,0
CWE-174,2019,0.0,0,0
CWE-176,2019,0.0,0,0
CWE-177,2019,0.0,0,0
CWE-178,2019,6.055255366650337e-05,2,1
CWE-179,2019,0.0,0,0
CWE-180,2019,0.0,0,0
CWE-183,2019,0.0,0,0
CWE-184,2019,0.0,0,1
CWE-185,2019,0.00023799525606090893,5,4
CWE-186,2019,0.0,0,0
CWE-187,2019,0.0,0,0
CWE-188,2019,0.0,0,0
CWE-189,2019,0.019375690288564288,114,5
CWE-190,2019,0.22807599504231965,129,199
CWE-191,2019,0.09288509778183088,120,20
CWE-192,2019,0.0,0,0
CWE-193,2019,0.033748681671588704,115,13
CWE-194,2019,0.0,0,0
CWE-195,2019,0.0,0,0
CWE-196,2019,0.0,0,0
CWE-197,2019,0.0,0,0
CWE-198,2019,0.0,0,0
CWE-199,2019,0.0008618238081739615,33,1
CWE-200,2019,0.17976620005833238,137,517
CWE-201,2019,0.0,0,0
CWE-202,2019,0.0,0,0
CWE-203,2019,0.06556524211326405,124,54
CWE-204,2019,0.0,0,0
CWE-207,2019,0.0,0,0
CWE-208,2019,0.0,0,0
CWE-209,2019,0.017187456270033718,118,37
CWE-212,2019,0.00048236066991495953,16,3
CWE-213,2019,0.0,0,0
CWE-214,2019,0.0,0,0
CWE-215,2019,0.0,0,0
CWE-216,2019,6.47520368982545e-05,1,1
CWE-219,2019,0.0,0,0
CWE-221,2019,0.0,0,0
CWE-223,2019,0.0,0,0
CWE-226,2019,0.0,0,0
CWE-227,2019,0.0,0,0
CWE-228,2019,0.0,0,0
CWE-229,2019,0.0,0,0
CWE-230,2019,0.0,0,0
CWE-231,2019,0.0,0,0
CWE-232,2019,0.0,0,0
CWE-233,2019,0.0,0,0
CWE-235,2019,0.0,0,0
CWE-236,2019,0.0,0,0
CWE-237,2019,0.0,0,0
CWE-239,2019,0.0,0,0
CWE-240,2019,0.0,0,0
CWE-241,2019,0.0,0,0
CWE-242,2019,0.0,0,0
CWE-244,2019,0.0,0,0
CWE-248,2019,0.0,0,0
CWE-250,2019,0.0,0,0
CWE-252,2019,0.010160675241132426,112,7
CWE-253,2019,0.0,0,0
CWE-254,2019,0.022393457353706892,112,28
CWE-255,2019,0.0037919015903865303,43,21
CWE-256,2019,0.0,0,0
CWE-257,2019,0.0,0,0
CWE-258,2019,0.0,0,0
CWE-259,2019,0.0,0,0
CWE-260,2019,0.0,0,0
CWE-261,2019,0.0,0,0
CWE-262,2019,0.0,0,0
CWE-263,2019,0.0,0,0
CWE-264,2019,0.025539786427842895,122,43
CWE-265,2019,0.0,0,0
CWE-266,2019,0.0,0,0
CWE-267,2019,0.0,0,0
CWE-268,2019,0.0,0,0
CWE-269,2019,0.12392281586602426,132,155
CWE-270,2019,0.0,0,0
CWE-271,2019,0.0,0,0
CWE-272,2019,0.0,0,0
CWE-273,2019,0.003013255463587115,29,4
CWE-274,2019,0.0,0,0
CWE-275,2019,0.0031238301775950716,64,13
CWE-276,2019,0.04044797140286773,123,89
CWE-277,2019,0.0,0,0
CWE-278,2019,0.0,0,0
CWE-279,2019,0.0,0,0
CWE-280,2019,0.0,0,0
CWE-281,2019,0.018230826108218863,113,13
CWE-282,2019,0.0,0,0
CWE-283,2019,0.0,0,0
CWE-284,2019,0.07947227398624473,109,61
CWE-285,2019,0.08481745673866763,90,21
CWE-286,2019,0.0,0,0
CWE-287,2019,0.16702601053825888,138,259
CWE-288,2019,0.0,0,0
CWE-289,2019,0.0,0,0
CWE-290,2019,0.026963678098488854,115,22
CWE-291,2019,0.0,0,0
CWE-292,2019,0.0,0,0
CWE-294,2019,0.004990066237557089,16,10
CWE-295,2019,0.09730571952539609,130,114
CWE-296,2019,0.0,0,0
CWE-297,2019,0.0,0,1
CWE-298,2019,0.0,0,0
CWE-299,2019,0.0,0,0
CWE-300,2019,0.0,0,0
CWE-302,2019,0.0,0,0
CWE-303,2019,0.0,0,0
CWE-304,2019,0.0,0,0
CWE-305,2019,0.0,0,0
CWE-306,2019,0.04386948453013476,120,174
CWE-307,2019,0.015158023134040726,79,27
CWE-308,2019,0.0,0,0
CWE-309,2019,0.0,0,0
CWE-310,2019,0.07895815731880253,47,13
CWE-311,2019,0.02138923973446315,116,77
CWE-312,2019,0.03884463666184632,123,58
CWE-313,2019,0.0,0,0
CWE-315,2019,0.0,0,0
CWE-316,2019,0.0,0,0
CWE-317,2019,0.0,0,0
CWE-319,2019,0.04619793890922911,118,97
CWE-320,2019,0.06504836712052124,116,8
CWE-321,2019,0.0,0,0
CWE-322,2019,0.0,0,0
CWE-323,2019,0.0,0,0
CWE-324,2019,0.0,0,0
CWE-325,2019,0.0,0,0
CWE-326,2019,0.013287945968148607,112,36
CWE-327,2019,0.07160135973279498,125,49
CWE-328,2019,0.0,0,0
CWE-329,2019,0.0,0,0
CWE-330,2019,0.10332230718048406,122,35
CWE-331,2019,0.004003374062753635,85,8
CWE-332,2019,0.0006960462863971787,15,3
CWE-333,2019,0.0,0,0
CWE-334,2019,0.0,0,0
CWE-335,2019,0.00303582916899631,99,4
CWE-336,2019,0.0,0,0
CWE-337,2019,0.0,0,0
CWE-338,2019,0.001211488360085831,26,12
CWE-339,2019,0.0,0,0
CWE-340,2019,0.0,0,0
CWE-341,2019,0.0,0,0
CWE-342,2019,0.0,0,0
CWE-343,2019,0.0,0,0
CWE-344,2019,0.0,0,0
CWE-345,2019,0.1204278232481853,125,37
CWE-346,2019,0.04579132398369243,120,39
CWE-347,2019,0.04065174687372441,121,47
CWE-348,2019,0.0,0,0
CWE-349,2019,0.0,0,0
CWE-350,2019,0.0,0,0
CWE-351,2019,0.0,0,0
CWE-352,2019,0.10644343995222853,132,512
CWE-353,2019,0.0,0,0
CWE-354,2019,0.019500170620104337,96,10
CWE-356,2019,0.0,0,0
CWE-357,2019,0.0,0,0
CWE-358,2019,0.0012236770156051192,36,4
CWE-359,2019,0.0,0,0
CWE-361,2019,0.0,0,0
CWE-362,2019,0.20266849836774542,134,97
CWE-363,2019,0.0,0,0
CWE-364,2019,0.0,0,0
CWE-366,2019,0.0,0,0
CWE-367,2019,0.07698757176986809,114,20
CWE-369,2019,0.023089953113182755,115,32
CWE-371,2019,0.0007357045027289383,20,1
CWE-372,2019,0.0,0,0
CWE-377,2019,0.0,0,0
CWE-378,2019,0.0,0,0
CWE-379,2019,0.0,0,0
CWE-384,2019,0.021471447350616853,119,42
CWE-385,2019,0.0,0,0
CWE-386,2019,0.0,0,0
CWE-388,2019,0.028961827896515954,59,5
CWE-390,2019,0.0,0,0
CWE-391,2019,0.0,0,0
CWE-392,2019,0.0,0,0
CWE-393,2019,0.0,0,0
CWE-394,2019,0.0,0,0
CWE-395,2019,0.0,0,0
CWE-396,2019,0.0,0,0
CWE-399,2019,0.003102861365074991,55,8
CWE-400,2019,0.1603082118634543,134,121
CWE-401,2019,0.07110943485508889,120,123
CWE-402,2019,0.0,0,0
CWE-403,2019,0.0,0,0
CWE-404,2019,0.005146504913508596,100,11
CWE-405,2019,0.0,0,0
CWE-406,2019,0.0,0,0
CWE-407,2019,0.0,0,0
CWE-408,2019,0.0,0,0
CWE-409,2019,0.0,0,0
CWE-410,2019,0.0,0,0
CWE-412,2019,0.0,0,0
CWE-413,2019,0.0,0,0
CWE-414,2019,0.0,0,0
CWE-415,2019,0.14956409805359863,123,52
CWE-416,2019,0.20764400282452264,127,541
CWE-417,2019,0.0026046949293476534,79,2
CWE-419,2019,0.0,0,0
CWE-420,2019,0.0,0,0
CWE-421,2019,0.0,0,0
CWE-422,2019,0.0,0,0
CWE-424,2019,0.0,0,0
CWE-425,2019,0.0036084426506820637,27,23
CWE-426,2019,0.012962310749759048,119,64
CWE-427,2019,0.018344401753756265,114,68
CWE-428,2019,0.0013144643479322269,23,15
CWE-430,2019,0.0,0,0
CWE-431,2019,0.0,0,0
CWE-433,2019,0.0,0,0
CWE-434,2019,0.03904415595073839,132,204
CWE-435,2019,0.0,0,0
CWE-436,2019,0.012878962563139319,111,4
CWE-437,2019,0.0,0,0
CWE-440,2019,0.0,0,0
CWE-441,2019,0.0003836859658237452,8,2
CWE-444,2019,0.02083248123666231,113,11
CWE-446,2019,0.0,0,0
CWE-447,2019,0.0,0,0
CWE-448,2019,0.0,0,0
CWE-449,2019,0.0,0,0
CWE-450,2019,0.0,0,0
CWE-451,2019,0.0,0,0
CWE-453,2019,0.0,0,0
CWE-454,2019,0.0,0,0
CWE-455,2019,0.0,0,0
CWE-456,2019,0.0,0,0
CWE-457,2019,0.0,0,0
CWE-459,2019,0.006134974173919022,47,12
CWE-460,2019,0.0,0,0
CWE-462,2019,0.0,0,0
CWE-463,2019,0.0,0,0
CWE-465,2019,0.0,0,0
CWE-466,2019,0.0,0,0
CWE-467,2019,0.0,0,0
CWE-468,2019,0.0,0,0
CWE-469,2019,0.0,0,0
CWE-470,2019,0.004011311320070609,47,4
CWE-471,2019,0.0,0,0
CWE-472,2019,0.0,0,0
CWE-473,2019,0.0,0,0
CWE-474,2019,0.0,0,0
CWE-475,2019,0.0,0,0
CWE-476,2019,0.1949272999353689,129,232
CWE-477,2019,0.0,0,0
CWE-479,2019,0.0,0,0
CWE-480,2019,0.0,0,0
CWE-484,2019,0.0,0,0
CWE-488,2019,0.0,0,0
CWE-489,2019,0.0,0,0
CWE-491,2019,0.0,0,0
CWE-494,2019,0.0035607311965127003,100,11
CWE-495,2019,0.0,0,0
CWE-497,2019,0.0,0,0
CWE-501,2019,0.0,0,0
CWE-502,2019,0.048368406776109665,125,126
CWE-506,2019,0.0,0,0
CWE-507,2019,0.0,0,0
CWE-514,2019,0.0,0,0
CWE-520,2019,0.0,0,0
CWE-521,2019,0.009799019615742225,110,18
CWE-522,2019,0.06644348770829864,119,158
CWE-523,2019,0.0,0,0
CWE-524,2019,0.0,0,0
CWE-525,2019,0.0,0,0
CWE-526,2019,0.0,0,0
CWE-527,2019,0.0,0,0
CWE-530,2019,0.0,0,0
CWE-531,2019,0.0,0,0
CWE-532,2019,0.04511781073444237,128,92
CWE-533,2019,0.0,0,0
CWE-534,2019,0.0,0,0
CWE-538,2019,0.0010315938355931495,34,4
CWE-539,2019,0.0,0,0
CWE-540,2019,0.0,0,0
CWE-544,2019,0.0,0,0
CWE-547,2019,0.0,0,0
CWE-548,2019,0.0,0,0
CWE-549,2019,0.0,0,0
CWE-550,2019,0.0,0,0
CWE-551,2019,0.0,0,0
CWE-552,2019,0.0070527352565404955,110,14
CWE-553,2019,0.0,0,0
CWE-555,2019,0.0,0,0
CWE-556,2019,0.0,0,0
CWE-557,2019,0.0,0,0
CWE-561,2019,0.0,0,0
CWE-562,2019,0.0,0,0
CWE-563,2019,0.0,0,0
CWE-564,2019,0.0,0,0
CWE-565,2019,0.0010159530558207237,26,6
CWE-566,2019,0.0,0,0
CWE-567,2019,0.0,0,0
CWE-570,2019,0.0,0,0
CWE-571,2019,0.0,0,0
CWE-573,2019,0.0,0,0
CWE-590,2019,0.0,0,0
CWE-591,2019,0.0,0,0
CWE-592,2019,0.0,0,0
CWE-597,2019,0.0,0,0
CWE-598,2019,0.0,0,0
CWE-599,2019,0.0,0,0
CWE-600,2019,0.0,0,0
CWE-601,2019,0.05131769518498547,126,113
CWE-602,2019,0.0,0,0
CWE-603,2019,0.0,0,0
CWE-605,2019,0.0,0,0
CWE-606,2019,0.0,0,0
CWE-610,2019,0.004250519779088629,91,30
CWE-611,2019,0.03921945444979122,125,132
CWE-612,2019,0.0,0,0
CWE-613,2019,0.01634327663636681,109,22
CWE-614,2019,0.0,0,0
CWE-615,2019,0.0,0,0
CWE-616,2019,0.0,0,0
CWE-617,2019,0.03294312343136186,118,35
CWE-618,2019,0.0,0,0
CWE-620,2019,0.0,0,0
CWE-622,2019,0.0,0,0
CWE-623,2019,0.0,0,0
CWE-624,2019,0.0,0,0
CWE-625,2019,0.0,0,0
CWE-626,2019,0.0,0,0
CWE-627,2019,0.0,0,0
CWE-628,2019,0.0,0,0
CWE-636,2019,0.0,0,0
CWE-639,2019,0.004146307846267422,46,47
CWE-640,2019,0.004239309219157608,74,18
CWE-641,2019,0.0,0,0
CWE-642,2019,0.0,0,0
CWE-643,2019,0.0,0,0
CWE-644,2019,0.0,0,0
CWE-645,2019,0.0,0,0
CWE-646,2019,0.0,0,0
CWE-647,2019,0.0,0,0
CWE-648,2019,0.0,0,0
CWE-649,2019,0.0,0,0
CWE-650,2019,0.0,0,0
CWE-653,2019,0.0,0,0
CWE-655,2019,0.0,0,0
CWE-656,2019,0.0,0,0
CWE-657,2019,0.0,0,0
CWE-662,2019,0.012473384887959831,112,6
CWE-664,2019,0.0074860097695706946,99,1
CWE-665,2019,0.09843554760678039,122,34
CWE-666,2019,0.0,0,0
CWE-667,2019,0.026361373908034388,117,14
CWE-668,2019,0.02684638390929836,123,54
CWE-669,2019,0.00024571114503346226,1,9
CWE-670,2019,0.0029188989403011773,85,4
CWE-671,2019,0.0,0,0
CWE-672,2019,0.0031528086557660482,79,3
CWE-673,2019,0.0,0,0
CWE-674,2019,0.04675753243674972,120,51
CWE-675,2019,0.0,0,0
CWE-676,2019,0.0,0,0
CWE-680,2019,0.0,0,0
CWE-681,2019,0.006256942496608567,72,8
CWE-682,2019,0.014729468619448896,112,10
CWE-683,2019,0.0,0,0
CWE-684,2019,0.0,0,0
CWE-686,2019,0.0,0,0
CWE-688,2019,0.0,0,0
CWE-689,2019,0.0,0,0
CWE-690,2019,0.0,0,0
CWE-691,2019,0.0,0,0
CWE-692,2019,0.0,0,0
CWE-693,2019,0.0011027297410035775,14,8
CWE-694,2019,0.0,0,0
CWE-696,2019,0.0,0,0
CWE-697,2019,0.0,0,0
CWE-698,2019,0.0,0,0
CWE-701,2019,0.0,0,0
CWE-703,2019,0.0,0,0
CWE-704,2019,0.024684161807144882,109,19
CWE-705,2019,0.0,0,0
CWE-706,2019,0.02315367614287654,113,10
CWE-707,2019,0.00043916317949849377,6,1
CWE-708,2019,0.0,0,0
CWE-710,2019,0.0,0,0
CWE-732,2019,0.0906170693507644,135,206
CWE-733,2019,0.0,0,0
CWE-749,2019,0.00037557480874256797,7,2
CWE-754,2019,0.0828811629755287,118,32
CWE-755,2019,0.12401564617041905,128,69
CWE-757,2019,0.0,0,0
CWE-758,2019,0.0,0,0
CWE-759,2019,0.0,0,0
CWE-760,2019,0.0,0,0
CWE-761,2019,0.0,0,0
CWE-762,2019,0.0,0,0
CWE-763,2019,0.005242379212975848,104,5
CWE-767,2019,0.0,0,0
CWE-768,2019,0.0,0,0
CWE-769,2019,0.0,0,0
CWE-770,2019,0.10940622623555876,133,97
CWE-771,2019,0.0,0,0
CWE-772,2019,0.03834633060561228,120,23
CWE-774,2019,0.0,0,0
CWE-775,2019,0.0,0,0
CWE-776,2019,0.011454102151456508,107,8
CWE-777,2019,0.0,0,0
CWE-778,2019,0.0,0,0
CWE-779,2019,0.0,0,0
CWE-780,2019,0.0,0,0
CWE-782,2019,0.0,0,0
CWE-783,2019,0.0,0,0
CWE-784,2019,0.0,0,0
CWE-786,2019,0.0,0,0
CWE-787,2019,0.27463947721624915,134,1096
CWE-788,2019,0.0,0,0
CWE-789,2019,0.0,0,0
CWE-790,2019,0.0,0,0
CWE-791,2019,0.0,0,0
CWE-792,2019,0.0,0,0
CWE-794,2019,0.0,0,0
CWE-798,2019,0.021409143795332347,116,127
CWE-799,2019,0.0,0,0
CWE-804,2019,0.0,0,0
CWE-805,2019,0.0,0,0
CWE-807,2019,0.0,0,0
CWE-820,2019,0.0,0,0
CWE-821,2019,0.0,0,0
CWE-822,2019,0.0,0,0
CWE-823,2019,0.0,0,0
CWE-824,2019,0.02192322785687028,111,10
CWE-825,2019,0.0,0,0
CWE-826,2019,0.0,0,0
CWE-828,2019,0.0,0,0
CWE-829,2019,0.004721647359684144,54,9
CWE-830,2019,0.0,0,0
CWE-832,2019,0.0,0,0
CWE-833,2019,0.0,0,0
CWE-834,2019,0.006948781989439246,109,3
CWE-835,2019,0.10824245393067643,124,51
CWE-836,2019,0.0,0,0
CWE-837,2019,0.0,0,0
CWE-838,2019,0.0020608624001136415,23,2
CWE-839,2019,0.0,0,0
CWE-840,2019,0.0,0,0
CWE-841,2019,0.0,0,0
CWE-842,2019,0.0,0,0
CWE-843,2019,0.04953794346330926,120,41
CWE-862,2019,0.11480298885086519,132,188
CWE-863,2019,0.12060549370995337,136,105
CWE-882,2019,0.0,0,0
CWE-908,2019,0.05224891970916478,122,62
CWE-909,2019,0.014793869851072698,116,17
CWE-910,2019,0.0,0,0
CWE-911,2019,0.0,0,0
CWE-912,2019,0.0,0,0
CWE-913,2019,0.0009431401657209096,24,3
CWE-914,2019,0.0,0,0
CWE-915,2019,0.0,0,0
CWE-916,2019,0.004357433769279932,101,9
CWE-917,2019,0.0005632591204062421,14,61
CWE-918,2019,0.020067293905352893,112,92
CWE-920,2019,0.0,0,0
CWE-921,2019,0.0,0,0
CWE-922,2019,0.005313580433921367,88,12
CWE-923,2019,0.0,0,0
CWE-924,2019,0.0,0,0
CWE-925,2019,0.0,0,0
CWE-926,2019,0.0,0,0
CWE-927,2019,0.0,0,0
CWE-939,2019,0.0,0,0
CWE-940,2019,0.0,0,0
CWE-941,2019,0.0,0,0
CWE-942,2019,0.0,0,0
CWE-943,2019,0.007171914040919174,3,1
CWE-1004,2019,0.0,0,0
CWE-1007,2019,0.0,0,0
CWE-1018,2019,0.0,0,0
CWE-1021,2019,0.018557277361583066,113,26
CWE-1022,2019,0.0,0,0
CWE-1023,2019,0.0,0,0
CWE-1025,2019,0.0,0,0
CWE-1026,2019,0.0,0,0
CWE-1027,2019,0.0,0,0
CWE-1032,2019,0.0,0,0
CWE-1035,2019,0.0,0,0
CWE-1037,2019,0.0,0,0
CWE-1038,2019,0.0,0,0
CWE-1039,2019,0.0,0,0
CWE-1046,2019,0.0,0,0
CWE-1049,2019,0.0,0,0
CWE-1050,2019,0.0,0,0
CWE-1059,2019,0.0,0,0
CWE-1068,2019,0.0,0,0
CWE-1072,2019,0.0,0,0
CWE-1076,2019,0.0,0,0
CWE-1077,2019,0.0,0,0
CWE-1088,2019,0.0,0,0
CWE-1100,2019,0.0,0,0
CWE-1102,2019,0.0,0,0
CWE-1103,2019,0.0,0,0
CWE-1104,2019,0.0,0,0
CWE-1106,2019,0.0,0,0
CWE-1108,2019,0.0,0,0
CWE-1112,2019,0.0,0,0
CWE-1116,2019,0.0,0,0
CWE-1119,2019,0.0,0,0
CWE-1124,2019,0.0,0,0
CWE-1125,2019,0.0,0,0
CWE-1149,2019,0.0,0,0
CWE-1164,2019,0.0,0,0
CWE-1173,2019,0.0,0,0
CWE-1174,2019,0.0,0,0
CWE-1176,2019,0.0,0,0
CWE-1187,2019,0.06169447037434053,34,1
CWE-1188,2019,0.007649977894530758,80,28
CWE-1189,2019,0.0,0,0
CWE-1191,2019,0.0,0,0
CWE-1204,2019,0.0,0,0
CWE-1220,2019,0.0,0,0
CWE-1223,2019,0.0,0,0
CWE-1230,2019,0.0,0,0
CWE-1231,2019,0.0,0,0
CWE-1233,2019,0.0,0,0
CWE-1234,2019,0.0,0,0
CWE-1236,2019,0.003637429923748195,29,25
CWE-1240,2019,0.0,0,0
CWE-1241,2019,0.0,0,0
CWE-1242,2019,0.0,0,0
CWE-1244,2019,0.0,0,0
CWE-1245,2019,0.0,0,0
CWE-1246,2019,0.0,0,0
CWE-1247,2019,0.0,0,0
CWE-1250,2019,0.0,0,0
CWE-1251,2019,0.0,0,0
CWE-1254,2019,0.0,0,0
CWE-1255,2019,0.0,0,0
CWE-1256,2019,0.0,0,0
CWE-1257,2019,0.0,0,0
CWE-1258,2019,0.0,0,0
CWE-1259,2019,0.0,0,0
CWE-1260,2019,0.0,0,0
CWE-1262,2019,0.0,0,0
CWE-1263,2019,0.0,0,0
CWE-1264,2019,0.0,0,0
CWE-1268,2019,0.0,0,0
CWE-1270,2019,0.0,0,0
CWE-1274,2019,0.0,0,0
CWE-1275,2019,0.0,0,0
CWE-1276,2019,0.0,0,0
CWE-1277,2019,0.0,0,0
CWE-1278,2019,0.0,0,0
CWE-1280,2019,0.0,0,0
CWE-1281,2019,0.0,0,0
CWE-1282,2019,0.0,0,0
CWE-1283,2019,0.0,0,0
CWE-1284,2019,0.0,0,0
CWE-1285,2019,0.0,0,0
CWE-1286,2019,0.0,0,0
CWE-1287,2019,0.0,0,0
CWE-1288,2019,0.0,0,0
CWE-1289,2019,0.0,0,0
CWE-1294,2019,0.0,0,0
CWE-1295,2019,0.0,0,0
CWE-1298,2019,0.0,0,0
CWE-1299,2019,0.0,0,0
CWE-1300,2019,0.0,0,0
CWE-1301,2019,0.0,0,0
CWE-1303,2019,0.0,0,0
CWE-1304,2019,0.0,0,0
CWE-1310,2019,0.0,0,0
CWE-1312,2019,0.0,0,0
CWE-1313,2019,0.0,0,0
CWE-1314,2019,0.0,0,0
CWE-1316,2019,0.0,0,0
CWE-1319,2019,0.0,0,0
CWE-1320,2019,0.0,0,0
CWE-1321,2019,0.03881573733572521,112,11
CWE-1322,2019,0.0,0,0
CWE-1323,2019,0.0,0,0
CWE-1325,2019,0.0,0,0
CWE-1326,2019,0.0,0,0
CWE-1327,2019,0.0,0,0
CWE-1328,2019,0.0,0,0
CWE-1329,2019,0.0,0,0
CWE-1330,2019,0.0,0,0
CWE-1332,2019,0.0,0,0
CWE-1333,2019,0.00014896805319348456,2,2
CWE-1334,2019,0.0,0,0
CWE-1335,2019,0.0,0,0
CWE-1336,2019,0.0,0,0
CWE-1342,2019,0.0,0,0
CWE-1357,2019,0.0,0,0
CWE-1366,2019,0.0,0,0
CWE-1384,2019,0.0,0,0
CWE-1385,2019,0.0,0,0
CWE-1386,2019,0.0,0,0
CWE-1389,2019,0.0,0,0
CWE-1390,2019,0.0,0,0
CWE-1391,2019,0.0,0,0
CWE-1392,2019,0.0,0,0
CWE-1393,2019,0.0,0,0
CWE-1394,2019,0.0,0,0
CWE-1,2020,-0.0,0,0
CWE-5,2020,-0.0,0,0
CWE-14,2020,-0.0,0,0
CWE-15,2020,-0.0,0,0
CWE-16,2020,-0.0,0,0
CWE-17,2020,-0.0,0,0
CWE-18,2020,-0.0,0,0
CWE-19,2020,-0.0,0,0
CWE-20,2020,0.31494952476177085,137,729
CWE-21,2020,-2.220446049250313e-16,0,0
CWE-22,2020,0.11028190569072771,127,428
CWE-23,2020,0.00025536736054484685,6,2
CWE-24,2020,-0.0,0,0
CWE-25,2020,-0.0,0,0
CWE-26,2020,-0.0,0,0
CWE-27,2020,-0.0,0,0
CWE-28,2020,-0.0,0,0
CWE-29,2020,-0.0,0,0
CWE-31,2020,-0.0,0,0
CWE-32,2020,-0.0,0,0
CWE-35,2020,-0.0,0,0
CWE-36,2020,-0.0,0,0
CWE-37,2020,-0.0,0,0
CWE-38,2020,-0.0,0,0
CWE-40,2020,-6.162975822039155e-33,0,0
CWE-41,2020,-0.0,0,0
CWE-42,2020,-0.0,0,0
CWE-43,2020,-0.0,0,0
CWE-46,2020,-0.0,0,0
CWE-50,2020,-0.0,0,0
CWE-55,2020,-0.0,0,0
CWE-57,2020,-0.0,0,0
CWE-59,2020,0.05041822530892394,121,102
CWE-61,2020,0.0024618737784438487,80,2
CWE-64,2020,-0.0,0,0
CWE-65,2020,-0.0,0,0
CWE-66,2020,-0.0,0,0
CWE-67,2020,-0.0,0,0
CWE-69,2020,-0.0,0,0
CWE-73,2020,-0.0,0,2
CWE-74,2020,0.08622853429363916,132,179
CWE-75,2020,-0.0,0,0
CWE-76,2020,-0.0,0,0
CWE-77,2020,0.09099385674769488,120,116
CWE-78,2020,0.10661157600158609,129,523
CWE-79,2020,0.21364298696294765,138,2156
CWE-80,2020,0.00574041012252854,108,1
CWE-81,2020,-0.0,0,0
CWE-82,2020,-0.0,0,0
CWE-83,2020,-0.0,0,0
CWE-84,2020,-0.0,0,0
CWE-85,2020,-0.0,0,0
CWE-86,2020,-0.0,0,0
CWE-87,2020,-0.0,0,0
CWE-88,2020,0.0164260777179536,114,22
CWE-89,2020,0.0792515921717731,129,460
CWE-90,2020,-0.0,0,0
CWE-91,2020,0.004991796161483982,102,13
CWE-92,2020,-0.0,0,0
CWE-93,2020,-0.0,0,0
CWE-94,2020,0.015470392250598021,115,86
CWE-95,2020,-0.0,0,0
CWE-96,2020,-0.0,0,0
CWE-97,2020,-0.0,0,0
CWE-98,2020,-0.0,0,0
CWE-99,2020,-0.0,0,0
CWE-112,2020,-0.0,0,0
CWE-113,2020,-0.0,0,0
CWE-114,2020,-0.0,0,0
CWE-115,2020,0.005480051861083114,98,1
CWE-116,2020,0.014369642640603711,116,14
CWE-117,2020,-0.0,0,1
CWE-118,2020,-0.0,0,0
CWE-119,2020,0.1714549970367525,124,115
CWE-120,2020,0.27747215235074757,126,378
CWE-121,2020,0.0015175218497003855,24,10
CWE-122,2020,0.012193342030954927,114,10
CWE-123,2020,0.00025668628929613794,6,1
CWE-124,2020,-0.0,0,0
CWE-125,2020,0.2437392623447889,126,647
CWE-126,2020,-0.0,0,0
CWE-127,2020,-0.0,0,0
CWE-128,2020,-0.0,0,0
CWE-129,2020,0.13388349967354624,113,46
CWE-130,2020,0.0002976249634656757,7,1
CWE-131,2020,0.05459148587225962,116,10
CWE-134,2020,0.0086121317982528,109,12
CWE-138,2020,-0.0,0,0
CWE-140,2020,-0.0,0,0
CWE-141,2020,-0.0,0,0
CWE-142,2020,-0.0,0,0
CWE-143,2020,-0.0,0,0
CWE-144,2020,-0.0,0,0
CWE-145,2020,-0.0,0,0
CWE-146,2020,-0.0,0,0
CWE-147,2020,-0.0,0,0
CWE-148,2020,-0.0,0,0
CWE-149,2020,-0.0,0,0
CWE-150,2020,-0.0,0,0
CWE-153,2020,-0.0,0,0
CWE-155,2020,-0.0,0,0
CWE-156,2020,-0.0,0,0
CWE-158,2020,-0.0,0,0
CWE-159,2020,-0.0,0,0
CWE-162,2020,-0.0,0,0
CWE-164,2020,-0.0,0,0
CWE-166,2020,-0.0,0,0
CWE-167,2020,-0.0,0,0
CWE-168,2020,-0.0,0,0
CWE-170,2020,-0.0,0,0
CWE-172,2020,-0.0,0,0
CWE-173,2020,-0.0,0,0
CWE-174,2020,-0.0,0,0
CWE-176,2020,-0.0,0,0
CWE-177,2020,-0.0,0,0
CWE-178,2020,0.00033868443948617294,9,3
CWE-179,2020,-0.0,0,0
CWE-180,2020,-0.0,0,0
CWE-183,2020,-0.0,0,0
CWE-184,2020,-0.0,0,0
CWE-185,2020,-0.0,0,0
CWE-186,2020,-0.0,0,0
CWE-187,2020,-0.0,0,0
CWE-188,2020,-0.0,0,0
CWE-189,2020,-0.0,0,0
CWE-190,2020,0.20386798984685855,127,181
CWE-191,2020,0.1224439247977237,122,29
CWE-192,2020,-0.0,0,0
CWE-193,2020,0.013953309349022218,112,10
CWE-194,2020,-0.0,0,0
CWE-195,2020,-0.0,0,0
CWE-196,2020,-0.0,0,0
CWE-197,2020,-0.0,0,0
CWE-198,2020,-0.0,0,0
CWE-199,2020,-0.0,0,0
CWE-200,2020,0.22593725789674995,131,290
CWE-201,2020,-0.0,0,1
CWE-202,2020,-0.0,0,0
CWE-203,2020,0.14535848464205253,120,65
CWE-204,2020,-0.0,0,0
CWE-207,2020,-0.0,0,0
CWE-208,2020,-0.0,0,1
CWE-209,2020,0.026369463703691122,119,60
CWE-212,2020,0.022300410574005388,113,13
CWE-213,2020,-0.0,0,0
CWE-214,2020,-0.0,0,0
CWE-215,2020,-0.0,0,0
CWE-216,2020,-0.0,0,0
CWE-219,2020,-0.0,0,0
CWE-221,2020,-0.0,0,0
CWE-223,2020,-0.0,0,0
CWE-226,2020,-0.0,0,0
CWE-227,2020,-0.0,0,0
CWE-228,2020,-0.0,0,0
CWE-229,2020,-0.0,0,0
CWE-230,2020,-0.0,0,0
CWE-231,2020,-0.0,0,0
CWE-232,2020,-0.0,0,0
CWE-233,2020,-0.0,0,0
CWE-235,2020,-0.0,0,0
CWE-236,2020,-0.0,0,0
CWE-237,2020,-0.0,0,0
CWE-239,2020,-0.0,0,0
CWE-240,2020,-0.0,0,0
CWE-241,2020,-0.0,0,0
CWE-242,2020,-0.0,0,0
CWE-244,2020,-0.0,0,0
CWE-248,2020,-0.0,0,1
CWE-250,2020,-0.0,0,0
CWE-252,2020,0.007983361439150778,104,8
CWE-253,2020,-0.0,0,0
CWE-254,2020,-0.0,0,0
CWE-255,2020,-0.0,0,0
CWE-256,2020,-0.0,0,0
CWE-257,2020,-0.0,0,0
CWE-258,2020,-0.0,0,0
CWE-259,2020,3.144038443024352e-05,1,1
CWE-260,2020,-0.0,0,0
CWE-261,2020,-0.0,0,0
CWE-262,2020,-0.0,0,0
CWE-263,2020,-0.0,0,0
CWE-264,2020,-0.0,0,0
CWE-265,2020,-0.0,0,0
CWE-266,2020,-0.0,0,0
CWE-267,2020,-0.0,0,0
CWE-268,2020,-0.0,0,0
CWE-269,2020,0.080003344333933,130,251
CWE-270,2020,-0.0,0,0
CWE-271,2020,-0.0,0,0
CWE-272,2020,-0.0,0,0
CWE-273,2020,0.014872891640939828,111,5
CWE-274,2020,-0.0,0,0
CWE-275,2020,-0.0,0,0
CWE-276,2020,0.11298953280802324,126,200
CWE-277,2020,-0.0,0,0
CWE-278,2020,-0.0,0,0
CWE-279,2020,0.0005114933996677734,7,1
CWE-280,2020,-0.0,0,0
CWE-281,2020,0.0271645565046432,123,31
CWE-282,2020,-0.0,0,0
CWE-283,2020,-0.0,0,0
CWE-284,2020,0.0005001363690747954,9,3
CWE-285,2020,0.0030571801434060956,17,1
CWE-286,2020,-0.0,0,0
CWE-287,2020,0.17439187017694188,132,328
CWE-288,2020,0.010249879809728496,108,3
CWE-289,2020,-0.0,0,0
CWE-290,2020,0.010932250139358774,110,31
CWE-291,2020,-0.0,0,0
CWE-292,2020,-0.0,0,0
CWE-294,2020,0.011558521608678575,112,22
CWE-295,2020,0.09341480437129011,126,137
CWE-296,2020,-0.0,0,0
CWE-297,2020,-0.0,0,0
CWE-298,2020,-0.0,0,0
CWE-299,2020,0.0018509993066432322,7,1
CWE-300,2020,-0.0,0,0
CWE-302,2020,-0.0,0,0
CWE-303,2020,0.00012989087855939366,1,1
CWE-304,2020,-0.0,0,0
CWE-305,2020,0.0010201886509124906,20,1
CWE-306,2020,0.09133615344697053,126,246
CWE-307,2020,0.021015281001844768,120,54
CWE-308,2020,-0.0,0,0
CWE-309,2020,-0.0,0,0
CWE-310,2020,-0.0,0,0
CWE-311,2020,0.00809086491556913,88,27
CWE-312,2020,0.02356261495276158,109,73
CWE-313,2020,-0.0,0,0
CWE-315,2020,-0.0,0,0
CWE-316,2020,-0.0,0,0
CWE-317,2020,-0.0,0,0
CWE-319,2020,0.06210568420371294,119,103
CWE-320,2020,-0.0,0,0
CWE-321,2020,0.00024572442225897985,5,2
CWE-322,2020,-0.0,0,0
CWE-323,2020,-0.0,0,0
CWE-324,2020,-0.0,0,0
CWE-325,2020,-0.0,0,0
CWE-326,2020,0.03623038681500986,124,38
CWE-327,2020,0.11502107597183085,125,81
CWE-328,2020,-0.0,0,0
CWE-329,2020,-0.0,0,0
CWE-330,2020,0.08285479736478564,124,48
CWE-331,2020,0.00780682826521829,111,9
CWE-332,2020,-0.0,0,0
CWE-333,2020,-0.0,0,0
CWE-334,2020,0.00014015034220459956,5,1
CWE-335,2020,0.0002504611285659291,7,2
CWE-336,2020,-0.0,0,0
CWE-337,2020,-0.0,0,0
CWE-338,2020,0.0001159937851046037,5,3
CWE-339,2020,-0.0,0,0
CWE-340,2020,-0.0,0,0
CWE-341,2020,-0.0,0,0
CWE-342,2020,0.0003388704044656576,6,1
CWE-343,2020,-0.0,0,0
CWE-344,2020,-0.0,0,0
CWE-345,2020,0.0387852996835947,124,49
CWE-346,2020,0.04188713849618318,115,31
CWE-347,2020,0.05157009152583487,123,68
CWE-348,2020,-0.0,0,0
CWE-349,2020,-0.0,0,1
CWE-350,2020,-0.0,0,1
CWE-351,2020,-0.0,0,0
CWE-352,2020,0.10894273662102405,131,387
CWE-353,2020,-0.0,0,0
CWE-354,2020,0.013939784242510042,117,18
CWE-356,2020,-0.0,0,0
CWE-357,2020,-0.0,0,0
CWE-358,2020,-0.0,0,0
CWE-359,2020,-0.0,0,0
CWE-361,2020,-0.0,0,0
CWE-362,2020,0.16434533053115355,123,141
CWE-363,2020,-0.0,0,0
CWE-364,2020,-0.0,0,0
CWE-366,2020,-0.0,0,0
CWE-367,2020,0.11404324535642613,121,41
CWE-369,2020,0.012258379279362257,110,14
CWE-371,2020,-0.0,0,0
CWE-372,2020,-0.0,0,0
CWE-377,2020,-0.0,0,0
CWE-378,2020,-0.0,0,0
CWE-379,2020,-0.0,0,0
CWE-384,2020,0.015044400612266669,116,40
CWE-385,2020,-0.0,0,0
CWE-386,2020,-0.0,0,0
CWE-388,2020,-0.0,0,0
CWE-390,2020,-0.0,0,0
CWE-391,2020,-0.0,0,0
CWE-392,2020,-0.0,0,0
CWE-393,2020,-0.0,0,0
CWE-394,2020,-0.0,0,0
CWE-395,2020,-0.0,0,0
CWE-396,2020,-0.0,0,0
CWE-399,2020,-0.0,0,0
CWE-400,2020,0.08240768890262307,127,192
CWE-401,2020,0.13672514422622625,123,77
CWE-402,2020,-0.0,0,0
CWE-403,2020,-0.0,0,0
CWE-404,2020,0.04956333440174743,122,31
CWE-405,2020,-0.0,0,0
CWE-406,2020,-0.0,0,0
CWE-407,2020,-0.0,0,0
CWE-408,2020,-0.0,0,0
CWE-409,2020,-0.0,0,0
CWE-410,2020,-0.0,0,0
CWE-412,2020,-0.0,0,0
CWE-413,2020,-0.0,0,0
CWE-414,2020,-0.0,0,0
CWE-415,2020,0.1158190671914111,119,49
CWE-416,2020,0.19865993694328052,124,339
CWE-417,2020,-0.0,0,0
CWE-419,2020,-0.0,0,0
CWE-420,2020,-0.0,0,0
CWE-421,2020,-0.0,0,0
CWE-422,2020,-0.0,0,0
CWE-424,2020,-0.0,0,0
CWE-425,2020,0.005651940864229026,102,18
CWE-426,2020,0.01866960567021638,115,51
CWE-427,2020,0.018410595914620034,104,99
CWE-428,2020,0.004578798061152344,32,24
CWE-430,2020,-0.0,0,0
CWE-431,2020,-0.0,0,0
CWE-433,2020,-0.0,0,0
CWE-434,2020,0.050556022610025717,120,219
CWE-435,2020,-0.0,0,0
CWE-436,2020,0.00654426087910111,105,11
CWE-437,2020,-0.0,0,0
CWE-440,2020,-0.0,0,0
CWE-441,2020,-0.0,0,0
CWE-444,2020,0.03502818799556052,120,48
CWE-446,2020,-0.0,0,0
CWE-447,2020,-0.0,0,0
CWE-448,2020,-0.0,0,0
CWE-449,2020,-0.0,0,0
CWE-450,2020,-0.0,0,0
CWE-451,2020,-0.0,0,0
CWE-453,2020,-0.0,0,0
CWE-454,2020,-0.0,0,0
CWE-455,2020,-0.0,0,0
CWE-456,2020,-0.0,0,0
CWE-457,2020,-0.0,0,0
CWE-459,2020,0.09808637955900545,121,18
CWE-460,2020,-0.0,0,0
CWE-462,2020,-0.0,0,0
CWE-463,2020,-0.0,0,0
CWE-465,2020,-0.0,0,0
CWE-466,2020,-0.0,0,0
CWE-467,2020,-0.0,0,0
CWE-468,2020,-0.0,0,0
CWE-469,2020,-0.0,0,0
CWE-470,2020,9.809011161796345e-05,2,1
CWE-471,2020,0.0031097631268556633,101,1
CWE-472,2020,-0.0,0,0
CWE-473,2020,-0.0,0,0
CWE-474,2020,-0.0,0,0
CWE-475,2020,-0.0,0,0
CWE-476,2020,0.16840335850161237,123,177
CWE-477,2020,-0.0,0,0
CWE-479,2020,-0.0,0,0
CWE-480,2020,-0.0,0,0
CWE-484,2020,-0.0,0,0
CWE-488,2020,-0.0,0,0
CWE-489,2020,-0.0,0,0
CWE-491,2020,-0.0,0,0
CWE-494,2020,0.010964688081901085,62,26
CWE-495,2020,-0.0,0,0
CWE-497,2020,-0.0,0,0
CWE-501,2020,-0.0,0,0
CWE-502,2020,0.055245511726094855,123,150
CWE-506,2020,-0.0,0,1
CWE-507,2020,-0.0,0,0
CWE-514,2020,-0.0,0,0
CWE-520,2020,-0.0,0,0
CWE-521,2020,0.030963935822799004,117,31
CWE-522,2020,0.06915978778782075,127,154
CWE-523,2020,-0.0,0,0
CWE-524,2020,-0.0,0,0
CWE-525,2020,-0.0,0,0
CWE-526,2020,-0.0,0,0
CWE-527,2020,-0.0,0,0
CWE-530,2020,-0.0,0,0
CWE-531,2020,-0.0,0,0
CWE-532,2020,0.031030435277709306,125,88
CWE-533,2020,-0.0,0,0
CWE-534,2020,-0.0,0,0
CWE-538,2020,-0.0,0,0
CWE-539,2020,-0.0,0,0
CWE-540,2020,-0.0,0,0
CWE-544,2020,-0.0,0,0
CWE-547,2020,-0.0,0,0
CWE-548,2020,-0.0,0,0
CWE-549,2020,-0.0,0,0
CWE-550,2020,-0.0,0,0
CWE-551,2020,-0.0,0,0
CWE-552,2020,0.011702396175929204,101,30
CWE-553,2020,-0.0,0,0
CWE-555,2020,-0.0,0,0
CWE-556,2020,-0.0,0,0
CWE-557,2020,-0.0,0,0
CWE-561,2020,-0.0,0,0
CWE-562,2020,-0.0,0,0
CWE-563,2020,-0.0,0,0
CWE-564,2020,-0.0,0,0
CWE-565,2020,0.013901974414992555,115,5
CWE-566,2020,-0.0,0,0
CWE-567,2020,-0.0,0,0
CWE-570,2020,-0.0,0,0
CWE-571,2020,-0.0,0,0
CWE-573,2020,-0.0,0,0
CWE-590,2020,-0.0,0,0
CWE-591,2020,-0.0,0,0
CWE-592,2020,-0.0,0,0
CWE-597,2020,-0.0,0,0
CWE-598,2020,-0.0,0,0
CWE-599,2020,-0.0,0,0
CWE-600,2020,-0.0,0,0
CWE-601,2020,0.036274185287006044,122,96
CWE-602,2020,-0.0,0,0
CWE-603,2020,-0.0,0,0
CWE-605,2020,-0.0,0,0
CWE-606,2020,-0.0,0,0
CWE-610,2020,0.003846670581633703,76,12
CWE-611,2020,0.03595755443428651,123,108
CWE-612,2020,-0.0,0,0
CWE-613,2020,0.017846708760796387,82,48
CWE-614,2020,-0.0,0,0
CWE-615,2020,-0.0,0,0
CWE-616,2020,-0.0,0,0
CWE-617,2020,0.11179793667557289,116,30
CWE-618,2020,-0.0,0,0
CWE-620,2020,-0.0,0,0
CWE-622,2020,-0.0,0,0
CWE-623,2020,-0.0,0,0
CWE-624,2020,-0.0,0,0
CWE-625,2020,-0.0,0,0
CWE-626,2020,-0.0,0,0
CWE-627,2020,-0.0,0,0
CWE-628,2020,-0.0,0,0
CWE-636,2020,-0.0,0,0
CWE-639,2020,0.00615548485397017,54,43
CWE-640,2020,0.0037007680022351983,102,13
CWE-641,2020,-0.0,0,0
CWE-642,2020,-0.0,0,0
CWE-643,2020,-0.0,0,0
CWE-644,2020,-0.0,0,0
CWE-645,2020,-0.0,0,0
CWE-646,2020,-0.0,0,0
CWE-647,2020,-0.0,0,0
CWE-648,2020,-0.0,0,0
CWE-649,2020,-0.0,0,0
CWE-650,2020,-0.0,0,0
CWE-653,2020,-0.0,0,0
CWE-655,2020,-0.0,0,0
CWE-656,2020,-0.0,0,0
CWE-657,2020,-0.0,0,0
CWE-662,2020,0.02618426010786205,110,4
CWE-664,2020,-0.0,0,0
CWE-665,2020,0.05208678289081628,118,44
CWE-666,2020,-0.0,0,0
CWE-667,2020,0.09501772170611986,118,13
CWE-668,2020,0.04838809372318351,130,52
CWE-669,2020,0.015564112389974303,111,9
CWE-670,2020,0.01659064679609249,112,12
CWE-671,2020,-0.0,0,0
CWE-672,2020,0.007872413618681401,81,7
CWE-673,2020,-0.0,0,0
CWE-674,2020,0.04083944614170894,119,28
CWE-675,2020,-0.0,0,0
CWE-676,2020,-0.0,0,0
CWE-680,2020,-0.0,0,0
CWE-681,2020,0.013128699311160417,113,5
CWE-682,2020,0.01349506382606153,115,7
CWE-683,2020,-0.0,0,0
CWE-684,2020,-0.0,0,0
CWE-686,2020,-0.0,0,0
CWE-688,2020,-0.0,0,0
CWE-689,2020,-0.0,0,0
CWE-690,2020,-0.0,0,0
CWE-691,2020,-0.0,0,0
CWE-692,2020,-0.0,0,0
CWE-693,2020,6.185349534599899e-05,3,1
CWE-694,2020,-0.0,0,0
CWE-696,2020,-0.0,0,0
CWE-697,2020,0.013283311431856565,113,14
CWE-698,2020,-0.0,0,0
CWE-701,2020,-0.0,0,0
CWE-703,2020,-0.0,0,0
CWE-704,2020,0.05589715116449622,71,6
CWE-705,2020,-0.0,0,0
CWE-706,2020,0.010944799023053849,114,9
CWE-707,2020,-0.0,0,0
CWE-708,2020,-0.0,0,0
CWE-710,2020,-0.0,0,0
CWE-732,2020,0.0670722578011931,129,161
CWE-733,2020,-0.0,0,0
CWE-749,2020,0.0008757972678399623,14,3
CWE-754,2020,0.047977776118683514,122,45
CWE-755,2020,0.06425897910243107,124,72
CWE-757,2020,6.185349534599899e-05,3,1
CWE-758,2020,-0.0,0,0
CWE-759,2020,-0.0,0,0
CWE-760,2020,0.00014015034220459956,5,1
CWE-761,2020,-0.0,0,0
CWE-762,2020,-0.0,0,0
CWE-763,2020,0.02329493775795677,116,14
CWE-767,2020,-0.0,0,0
CWE-768,2020,-0.0,0,0
CWE-769,2020,-0.0,0,0
CWE-770,2020,0.036131532676407445,121,59
CWE-771,2020,-0.0,0,0
CWE-772,2020,0.014560593358409302,110,12
CWE-774,2020,-0.0,0,0
CWE-775,2020,-0.0,0,0
CWE-776,2020,0.005913027310892772,96,12
CWE-777,2020,-0.0,0,0
CWE-778,2020,-0.0,0,0
CWE-779,2020,-0.0,0,0
CWE-780,2020,-0.0,0,0
CWE-782,2020,-0.0,0,0
CWE-783,2020,-0.0,0,0
CWE-784,2020,-0.0,0,0
CWE-786,2020,-0.0,0,0
CWE-787,2020,0.3305209166980891,131,1171
CWE-788,2020,-0.0,0,0
CWE-789,2020,-0.0,0,0
CWE-790,2020,-0.0,0,0
CWE-791,2020,-0.0,0,0
CWE-792,2020,-0.0,0,0
CWE-794,2020,-0.0,0,0
CWE-798,2020,0.07228230601440815,120,180
CWE-799,2020,-0.0,0,0
CWE-804,2020,-0.0,0,0
CWE-805,2020,-0.0,0,0
CWE-807,2020,-0.0,0,0
CWE-820,2020,-0.0,0,0
CWE-821,2020,-0.0,0,0
CWE-822,2020,0.0006977206385357196,11,1
CWE-823,2020,-0.0,0,0
CWE-824,2020,0.0903401888066015,118,19
CWE-825,2020,-0.0,0,0
CWE-826,2020,-0.0,0,0
CWE-828,2020,-0.0,0,0
CWE-829,2020,0.005489062389090637,99,11
CWE-830,2020,-0.0,0,0
CWE-832,2020,-0.0,0,0
CWE-833,2020,-0.0,0,0
CWE-834,2020,0.011287531746794798,113,3
CWE-835,2020,0.061692510515812475,123,51
CWE-836,2020,-0.0,0,0
CWE-837,2020,-0.0,0,0
CWE-838,2020,0.00032656594543005875,8,2
CWE-839,2020,-0.0,0,0
CWE-840,2020,-0.0,0,0
CWE-841,2020,-0.0,0,0
CWE-842,2020,-0.0,0,0
CWE-843,2020,0.0515089781856087,122,58
CWE-862,2020,0.06261561849145998,126,256
CWE-863,2020,0.061639062921239184,126,173
CWE-882,2020,-0.0,0,0
CWE-908,2020,0.118824617884612,120,42
CWE-909,2020,0.02728794268323556,119,8
CWE-910,2020,-0.0,0,0
CWE-911,2020,-0.0,0,0
CWE-912,2020,0.00025354487979539254,2,1
CWE-913,2020,0.0009487487271838267,14,5
CWE-914,2020,-0.0,0,0
CWE-915,2020,-0.0,0,0
CWE-916,2020,0.004890897792860628,76,9
CWE-917,2020,0.0022361211564959097,29,68
CWE-918,2020,0.026707529135498974,121,113
CWE-920,2020,0.0022226672319997525,63,1
CWE-921,2020,-0.0,0,0
CWE-922,2020,0.0040325630433334135,57,24
CWE-923,2020,-0.0,0,0
CWE-924,2020,0.0012216987015935296,34,2
CWE-925,2020,-0.0,0,0
CWE-926,2020,-0.0,0,0
CWE-927,2020,-0.0,0,0
CWE-939,2020,-0.0,0,0
CWE-940,2020,-0.0,0,0
CWE-941,2020,-0.0,0,0
CWE-942,2020,-0.0,0,0
CWE-943,2020,-0.0,0,0
CWE-1004,2020,-0.0,0,0
CWE-1007,2020,-0.0,0,0
CWE-1018,2020,-0.0,0,0
CWE-1021,2020,0.025217218508307063,120,45
CWE-1022,2020,-0.0,0,0
CWE-1023,2020,-0.0,0,0
CWE-1025,2020,-0.0,0,0
CWE-1026,2020,-0.0,0,0
CWE-1027,2020,-0.0,0,0
CWE-1032,2020,-0.0,0,0
CWE-1035,2020,-0.0,0,0
CWE-1037,2020,-0.0,0,0
CWE-1038,2020,-0.0,0,0
CWE-1039,2020,-0.0,0,0
CWE-1046,2020,-0.0,0,0
CWE-1049,2020,-0.0,0,0
CWE-1050,2020,-0.0,0,0
CWE-1059,2020,-0.0,0,0
CWE-1068,2020,-0.0,0,0
CWE-1072,2020,-0.0,0,0
CWE-1076,2020,-0.0,0,0
CWE-1077,2020,-0.0,0,0
CWE-1088,2020,-0.0,0,0
CWE-1100,2020,-0.0,0,0
CWE-1102,2020,-0.0,0,0
CWE-1103,2020,-0.0,0,0
CWE-1104,2020,-0.0,0,0
CWE-1106,2020,-0.0,0,0
CWE-1108,2020,-0.0,0,0
CWE-1112,2020,-0.0,0,0
CWE-1116,2020,-0.0,0,0
CWE-1119,2020,-0.0,0,0
CWE-1124,2020,-0.0,0,0
CWE-1125,2020,-0.0,0,0
CWE-1149,2020,-0.0,0,0
CWE-1164,2020,-0.0,0,0
CWE-1173,2020,-0.0,0,0
CWE-1174,2020,-0.0,0,0
CWE-1176,2020,-0.0,0,0
CWE-1187,2020,-0.0,0,0
CWE-1188,2020,0.011807153105902543,115,22
CWE-1189,2020,-0.0,0,0
CWE-1191,2020,-0.0,0,0
CWE-1204,2020,-0.0,0,0
CWE-1220,2020,-0.0,0,0
CWE-1223,2020,-0.0,0,0
CWE-1230,2020,-0.0,0,0
CWE-1231,2020,-0.0,0,0
CWE-1233,2020,-0.0,0,0
CWE-1234,2020,-0.0,0,0
CWE-1236,2020,0.0036237703536229297,39,37
CWE-1240,2020,-0.0,0,0
CWE-1241,2020,-0.0,0,0
CWE-1242,2020,-0.0,0,0
CWE-1244,2020,-0.0,0,0
CWE-1245,2020,-0.0,0,0
CWE-1246,2020,-0.0,0,0
CWE-1247,2020,-0.0,0,0
CWE-1250,2020,-0.0,0,0
CWE-1251,2020,-0.0,0,0
CWE-1254,2020,-0.0,0,0
CWE-1255,2020,-0.0,0,0
CWE-1256,2020,-0.0,0,0
CWE-1257,2020,-0.0,0,0
CWE-1258,2020,-0.0,0,0
CWE-1259,2020,-0.0,0,0
CWE-1260,2020,-0.0,0,0
CWE-1262,2020,-0.0,0,0
CWE-1263,2020,-0.0,0,0
CWE-1264,2020,-0.0,0,0
CWE-1268,2020,-0.0,0,0
CWE-1270,2020,-0.0,0,0
CWE-1274,2020,-0.0,0,0
CWE-1275,2020,-0.0,0,0
CWE-1276,2020,-0.0,0,0
CWE-1277,2020,-0.0,0,0
CWE-1278,2020,-0.0,0,0
CWE-1280,2020,-0.0,0,0
CWE-1281,2020,-0.0,0,0
CWE-1282,2020,-0.0,0,0
CWE-1283,2020,-0.0,0,0
CWE-1284,2020,-0.0,0,0
CWE-1285,2020,-0.0,0,0
CWE-1286,2020,0.0004905820353017428,7,1
CWE-1287,2020,-0.0,0,0
CWE-1288,2020,-0.0,0,0
CWE-1289,2020,-0.0,0,0
CWE-1294,2020,-0.0,0,0
CWE-1295,2020,-0.0,0,0
CWE-1298,2020,-0.0,0,0
CWE-1299,2020,-0.0,0,0
CWE-1300,2020,-0.0,0,0
CWE-1301,2020,-0.0,0,0
CWE-1303,2020,-0.0,0,0
CWE-1304,2020,-0.0,0,0
CWE-1310,2020,-0.0,0,0
CWE-1312,2020,-0.0,0,0
CWE-1313,2020,-0.0,0,0
CWE-1314,2020,-0.0,0,0
CWE-1316,2020,-0.0,0,0
CWE-1319,2020,-0.0,0,0
CWE-1320,2020,-0.0,0,0
CWE-1321,2020,0.012545705444058669,106,66
CWE-1322,2020,-0.0,0,0
CWE-1323,2020,-0.0,0,0
CWE-1325,2020,-0.0,0,0
CWE-1326,2020,-0.0,0,0
CWE-1327,2020,-0.0,0,0
CWE-1328,2020,-0.0,0,0
CWE-1329,2020,-0.0,0,0
CWE-1330,2020,-0.0,0,0
CWE-1332,2020,-0.0,0,0
CWE-1333,2020,-0.0,0,1
CWE-1334,2020,-0.0,0,0
CWE-1335,2020,-0.0,0,0
CWE-1336,2020,-0.0,0,0
CWE-1342,2020,-0.0,0,0
CWE-1357,2020,-0.0,0,0
CWE-1366,2020,-0.0,0,0
CWE-1384,2020,-0.0,0,0
CWE-1385,2020,-0.0,0,0
CWE-1386,2020,-0.0,0,0
CWE-1389,2020,-0.0,0,0
CWE-1390,2020,-0.0,0,0
CWE-1391,2020,-0.0,0,0
CWE-1392,2020,-0.0,0,0
CWE-1393,2020,-0.0,0,0
CWE-1394,2020,-0.0,0,0
CWE-1,2021,-0.0,0,0
CWE-5,2021,-0.0,0,0
CWE-14,2021,-0.0,0,0
CWE-15,2021,9.876010334212773e-05,13,1
CWE-16,2021,-0.0,0,0
CWE-17,2021,2.220446049250313e-16,0,0
CWE-18,2021,-1.3877787807814457e-17,0,0
CWE-19,2021,-0.0,0,0
CWE-20,2021,0.2832375788140451,153,484
CWE-21,2021,-0.0,0,0
CWE-22,2021,0.023586905068123096,150,529
CWE-23,2021,5.148858394072132e-07,1,2
CWE-24,2021,-0.0,0,0
CWE-25,2021,-0.0,0,0
CWE-26,2021,-0.0,0,0
CWE-27,2021,-0.0,0,0
CWE-28,2021,-0.0,0,0
CWE-29,2021,1.232595164407831e-31,0,0
CWE-31,2021,2.465190328815662e-32,0,0
CWE-32,2021,4.776306262080345e-32,0,0
CWE-35,2021,4.930380657631324e-32,0,0
CWE-36,2021,2.0421154740510497e-06,1,1
CWE-37,2021,-0.0,0,0
CWE-38,2021,-0.0,0,0
CWE-40,2021,-0.0,0,0
CWE-41,2021,-0.0,0,0
CWE-42,2021,-0.0,0,0
CWE-43,2021,-0.0,0,0
CWE-46,2021,-0.0,0,0
CWE-50,2021,-0.0,0,0
CWE-55,2021,-0.0,0,0
CWE-57,2021,-0.0,0,0
CWE-59,2021,0.009824942381057352,125,97
CWE-61,2021,-0.0,0,0
CWE-64,2021,-0.0,0,1
CWE-65,2021,-0.0,0,0
CWE-66,2021,-0.0,0,0
CWE-67,2021,-0.0,0,0
CWE-69,2021,-0.0,0,0
CWE-73,2021,0.00010241593176085375,16,2
CWE-74,2021,0.0092586941501482,134,141
CWE-75,2021,2.6460294260312025e-06,2,1
CWE-76,2021,-0.0,0,0
CWE-77,2021,0.019639673447804838,128,276
CWE-78,2021,0.01625862236594542,149,462
CWE-79,2021,0.02470251262299784,162,2665
CWE-80,2021,3.98828219092893e-06,7,1
CWE-81,2021,-0.0,0,0
CWE-82,2021,-0.0,0,0
CWE-83,2021,-0.0,0,0
CWE-84,2021,-0.0,0,0
CWE-85,2021,-0.0,0,0
CWE-86,2021,-0.0,0,0
CWE-87,2021,-0.0,0,0
CWE-88,2021,0.00214409356068944,119,26
CWE-89,2021,0.003792501777716662,128,731
CWE-90,2021,4.132198713164441e-06,6,1
CWE-91,2021,0.0006269119869040441,97,15
CWE-92,2021,-0.0,0,0
CWE-93,2021,2.6460294260312025e-06,2,2
CWE-94,2021,0.005443919445875245,128,125
CWE-95,2021,-0.0,0,0
CWE-96,2021,-0.0,0,0
CWE-97,2021,-0.0,0,0
CWE-98,2021,-0.0,0,0
CWE-99,2021,-0.0,0,0
CWE-112,2021,1.4435566266086027e-05,2,1
CWE-113,2021,-0.0,0,0
CWE-114,2021,-0.0,0,0
CWE-115,2021,-0.0,0,0
CWE-116,2021,0.002029934182067264,121,27
CWE-117,2021,-0.0,0,0
CWE-118,2021,-0.0,0,0
CWE-119,2021,0.2678098628464828,135,215
CWE-120,2021,0.2955036659457759,131,386
CWE-121,2021,0.004380969271209784,101,56
CWE-122,2021,0.003100459285912693,112,27
CWE-123,2021,0.0009817214689865005,104,5
CWE-124,2021,0.000589049008640648,95,1
CWE-125,2021,0.30662839438935735,139,706
CWE-126,2021,0.003717140366466874,34,2
CWE-127,2021,-0.0,0,0
CWE-128,2021,-0.0,0,0
CWE-129,2021,0.23355350002423053,105,36
CWE-130,2021,-0.0,0,0
CWE-131,2021,0.10956776830385394,104,14
CWE-134,2021,0.002025715797320942,110,14
CWE-138,2021,-0.0,0,0
CWE-140,2021,-0.0,0,0
CWE-141,2021,-0.0,0,0
CWE-142,2021,-0.0,0,0
CWE-143,2021,-0.0,0,0
CWE-144,2021,-0.0,0,0
CWE-145,2021,-0.0,0,0
CWE-146,2021,-0.0,0,0
CWE-147,2021,-0.0,0,0
CWE-148,2021,-0.0,0,0
CWE-149,2021,-0.0,0,0
CWE-150,2021,-0.0,0,0
CWE-153,2021,-0.0,0,0
CWE-155,2021,-0.0,0,0
CWE-156,2021,-0.0,0,0
CWE-158,2021,-0.0,0,0
CWE-159,2021,-0.0,0,0
CWE-162,2021,-0.0,0,0
CWE-164,2021,-0.0,0,0
CWE-166,2021,-0.0,0,0
CWE-167,2021,-0.0,0,0
CWE-168,2021,-0.0,0,0
CWE-170,2021,2.6565413487295514e-05,3,2
CWE-172,2021,-0.0,0,0
CWE-173,2021,-0.0,0,0
CWE-174,2021,-0.0,0,0
CWE-176,2021,-0.0,0,0
CWE-177,2021,-0.0,0,0
CWE-178,2021,0.0016371347950523848,72,6
CWE-179,2021,-0.0,0,0
CWE-180,2021,-0.0,0,0
CWE-183,2021,-0.0,0,0
CWE-184,2021,0.0015673367757337315,103,4
CWE-185,2021,-0.0,0,0
CWE-186,2021,-0.0,0,0
CWE-187,2021,-0.0,0,0
CWE-188,2021,-0.0,0,0
CWE-189,2021,-0.0,0,0
CWE-190,2021,0.2862950537152533,131,229
CWE-191,2021,0.16571418876320249,123,30
CWE-192,2021,-0.0,0,0
CWE-193,2021,0.00377528473525522,113,6
CWE-194,2021,0.00010740016182805177,6,1
CWE-195,2021,-0.0,0,0
CWE-196,2021,-0.0,0,0
CWE-197,2021,-0.0,0,0
CWE-198,2021,-0.0,0,0
CWE-199,2021,-0.0,0,0
CWE-200,2021,0.1671403747869394,141,175
CWE-201,2021,9.436897629552161e-05,27,4
CWE-202,2021,5.4274323006604485e-05,12,1
CWE-203,2021,0.1548972823675535,129,87
CWE-204,2021,-0.0,0,0
CWE-207,2021,-0.0,0,0
CWE-208,2021,-0.0,0,0
CWE-209,2021,0.00343715142622546,129,70
CWE-212,2021,0.09701988498698966,116,10
CWE-213,2021,-0.0,0,0
CWE-214,2021,-0.0,0,0
CWE-215,2021,-0.0,0,0
CWE-216,2021,-0.0,0,0
CWE-219,2021,-0.0,0,0
CWE-221,2021,-0.0,0,0
CWE-223,2021,-0.0,0,0
CWE-226,2021,-0.0,0,0
CWE-227,2021,-0.0,0,0
CWE-228,2021,-0.0,0,1
CWE-229,2021,-0.0,0,0
CWE-230,2021,-0.0,0,0
CWE-231,2021,-0.0,0,0
CWE-232,2021,-0.0,0,0
CWE-233,2021,-0.0,0,0
CWE-235,2021,-0.0,0,0
CWE-236,2021,-0.0,0,0
CWE-237,2021,-0.0,0,0
CWE-239,2021,-0.0,0,0
CWE-240,2021,0.000947598554288839,9,1
CWE-241,2021,-0.0,0,0
CWE-242,2021,2.3414740827850396e-06,3,1
CWE-244,2021,-0.0,0,0
CWE-248,2021,2.4223003673012285e-05,4,1
CWE-250,2021,0.0009120479536561246,26,4
CWE-252,2021,0.005961224349541774,116,20
CWE-253,2021,-0.0,0,0
CWE-254,2021,-0.0,0,0
CWE-255,2021,-0.0,0,0
CWE-256,2021,-0.0,0,0
CWE-257,2021,3.931014888559576e-06,5,1
CWE-258,2021,-0.0,0,0
CWE-259,2021,0.00010745767956455652,9,2
CWE-260,2021,-0.0,0,0
CWE-261,2021,-0.0,0,0
CWE-262,2021,-0.0,0,0
CWE-263,2021,-0.0,0,0
CWE-264,2021,-0.0,0,0
CWE-265,2021,-0.0,0,0
CWE-266,2021,0.00013032274599370509,30,8
CWE-267,2021,-0.0,0,0
CWE-268,2021,-0.0,0,0
CWE-269,2021,0.009299815002520499,135,298
CWE-270,2021,2.0488157965098493e-06,2,1
CWE-271,2021,0.0006860331530403942,64,1
CWE-272,2021,-0.0,0,0
CWE-273,2021,8.240750501385795e-06,4,1
CWE-274,2021,-0.0,0,0
CWE-275,2021,-0.0,0,0
CWE-276,2021,0.006699266424169767,130,150
CWE-277,2021,-0.0,0,0
CWE-278,2021,-0.0,0,0
CWE-279,2021,-0.0,0,0
CWE-280,2021,-0.0,0,0
CWE-281,2021,0.0029608420240008265,117,27
CWE-282,2021,-0.0,0,0
CWE-283,2021,9.348050780712817e-07,2,1
CWE-284,2021,0.00015505860504137786,20,5
CWE-285,2021,4.0403316457779583e-05,13,1
CWE-286,2021,-0.0,0,0
CWE-287,2021,0.09219495818402854,141,277
CWE-288,2021,1.3476118416556852e-05,7,3
CWE-289,2021,-0.0,0,0
CWE-290,2021,0.003634720526066768,116,40
CWE-291,2021,-0.0,0,0
CWE-292,2021,-0.0,0,0
CWE-294,2021,0.0015019776455689954,70,15
CWE-295,2021,0.021853139904709783,135,122
CWE-296,2021,-0.0,0,0
CWE-297,2021,-0.0,0,1
CWE-298,2021,-0.0,0,0
CWE-299,2021,-0.0,0,0
CWE-300,2021,-0.0,0,0
CWE-302,2021,1.953378288114879e-05,8,1
CWE-303,2021,-0.0,0,0
CWE-304,2021,1.9498900601607166e-06,1,1
CWE-305,2021,-0.0,0,1
CWE-306,2021,0.012878536122422707,132,144
CWE-307,2021,0.0029140661479193797,125,52
CWE-308,2021,-0.0,0,0
CWE-309,2021,-0.0,0,0
CWE-310,2021,-0.0,0,0
CWE-311,2021,0.001247896221478947,66,14
CWE-312,2021,0.0038263661720879293,119,121
CWE-313,2021,-0.0,0,0
CWE-315,2021,7.421483108401134e-06,7,1
CWE-316,2021,-0.0,0,0
CWE-317,2021,-0.0,0,0
CWE-319,2021,0.019596602751584584,127,84
CWE-320,2021,-0.0,0,0
CWE-321,2021,2.4549848738573375e-05,2,3
CWE-322,2021,-0.0,0,0
CWE-323,2021,-0.0,0,0
CWE-324,2021,-0.0,0,0
CWE-325,2021,-0.0,0,0
CWE-326,2021,0.003137646861305244,120,40
CWE-327,2021,0.013730421312974425,126,76
CWE-328,2021,-0.0,0,0
CWE-329,2021,-0.0,0,0
CWE-330,2021,0.008915647264557998,122,46
CWE-331,2021,0.0012092272081140722,102,9
CWE-332,2021,-0.0,0,0
CWE-333,2021,-0.0,0,0
CWE-334,2021,-0.0,0,0
CWE-335,2021,-0.0,0,4
CWE-336,2021,-0.0,0,0
CWE-337,2021,-0.0,0,0
CWE-338,2021,0.0001875578153969034,31,14
CWE-339,2021,-0.0,0,0
CWE-340,2021,-0.0,0,0
CWE-341,2021,-0.0,0,0
CWE-342,2021,-0.0,0,0
CWE-343,2021,-0.0,0,0
CWE-344,2021,-0.0,0,0
CWE-345,2021,0.009619552882393821,120,45
CWE-346,2021,0.0019095973469821328,118,35
CWE-347,2021,0.004781193605747708,127,67
CWE-348,2021,-0.0,0,0
CWE-349,2021,-0.0,0,0
CWE-350,2021,8.992422780783215e-06,7,1
CWE-351,2021,-0.0,0,0
CWE-352,2021,0.005993363499751605,137,423
CWE-353,2021,0.0005960622873822871,13,2
CWE-354,2021,0.001680698351677402,84,12
CWE-356,2021,-0.0,0,0
CWE-357,2021,-0.0,0,0
CWE-358,2021,-0.0,0,0
CWE-359,2021,0.0005982353239259977,15,2
CWE-361,2021,-0.0,0,0
CWE-362,2021,0.21619707293019907,127,153
CWE-363,2021,-0.0,0,0
CWE-364,2021,8.10506566449553e-05,8,1
CWE-366,2021,-0.0,0,0
CWE-367,2021,0.12129610946148932,124,26
CWE-369,2021,0.09221306368658147,112,78
CWE-371,2021,-0.0,0,0
CWE-372,2021,-0.0,0,0
CWE-377,2021,0.00018087975071367842,34,7
CWE-378,2021,4.315286596569374e-05,17,2
CWE-379,2021,3.387947149771077e-05,6,5
CWE-384,2021,0.0005634758413543806,55,21
CWE-385,2021,1.148107289515806e-05,8,1
CWE-386,2021,-0.0,0,0
CWE-388,2021,-0.0,0,0
CWE-390,2021,-0.0,0,0
CWE-391,2021,-0.0,0,0
CWE-392,2021,-0.0,0,0
CWE-393,2021,-0.0,0,0
CWE-394,2021,-0.0,0,0
CWE-395,2021,-0.0,0,0
CWE-396,2021,-0.0,0,0
CWE-399,2021,-0.0,0,0
CWE-400,2021,0.13360003182973965,131,163
CWE-401,2021,0.11495197419202732,121,103
CWE-402,2021,-0.0,0,0
CWE-403,2021,-0.0,0,0
CWE-404,2021,0.002017800946540439,108,17
CWE-405,2021,2.7397362875379626e-05,7,1
CWE-406,2021,0.00040124459212970923,44,1
CWE-407,2021,0.0008344014817156481,109,2
CWE-408,2021,-0.0,0,0
CWE-409,2021,-0.0,0,0
CWE-410,2021,-0.0,0,0
CWE-412,2021,-0.0,0,0
CWE-413,2021,-0.0,0,0
CWE-414,2021,-0.0,0,0
CWE-415,2021,0.23792903401844673,124,74
CWE-416,2021,0.2375153601171725,132,522
CWE-417,2021,-0.0,0,0
CWE-419,2021,-0.0,0,0
CWE-420,2021,-0.0,0,0
CWE-421,2021,-0.0,0,0
CWE-422,2021,-0.0,0,0
CWE-424,2021,-0.0,0,0
CWE-425,2021,0.000282794609594995,46,18
CWE-426,2021,0.000383228796816305,40,20
CWE-427,2021,0.003401221472251836,114,121
CWE-428,2021,0.0001098856425500125,27,18
CWE-430,2021,-0.0,0,0
CWE-431,2021,-0.0,0,0
CWE-433,2021,-0.0,0,0
CWE-434,2021,0.005314534870600389,134,275
CWE-435,2021,-0.0,0,0
CWE-436,2021,0.0009670907504792497,101,6
CWE-437,2021,-0.0,0,0
CWE-440,2021,-0.0,0,0
CWE-441,2021,0.00040152473062878794,95,1
CWE-444,2021,0.006024749042784919,121,42
CWE-446,2021,-0.0,0,0
CWE-447,2021,-0.0,0,0
CWE-448,2021,-0.0,0,0
CWE-449,2021,-0.0,0,0
CWE-450,2021,-0.0,0,0
CWE-451,2021,-0.0,0,0
CWE-453,2021,-0.0,0,0
CWE-454,2021,-0.0,0,0
CWE-455,2021,-0.0,0,0
CWE-456,2021,-0.0,0,0
CWE-457,2021,7.370368085840887e-05,3,1
CWE-459,2021,0.005656298698957906,105,15
CWE-460,2021,-0.0,0,0
CWE-462,2021,-0.0,0,0
CWE-463,2021,-0.0,0,0
CWE-465,2021,-0.0,0,0
CWE-466,2021,-0.0,0,0
CWE-467,2021,-0.0,0,0
CWE-468,2021,-0.0,0,0
CWE-469,2021,-0.0,0,0
CWE-470,2021,9.441786833705079e-06,9,2
CWE-471,2021,9.224234195631053e-05,12,3
CWE-472,2021,9.749450300803579e-06,1,5
CWE-473,2021,-0.0,0,0
CWE-474,2021,-0.0,0,0
CWE-475,2021,-0.0,0,0
CWE-476,2021,0.15992883113866607,132,356
CWE-477,2021,-0.0,0,0
CWE-479,2021,-0.0,0,0
CWE-480,2021,-0.0,0,0
CWE-484,2021,-0.0,0,0
CWE-488,2021,-0.0,0,0
CWE-489,2021,0.00015938448292449457,26,3
CWE-491,2021,-0.0,0,0
CWE-494,2021,0.0006485588446058934,42,9
CWE-495,2021,-0.0,0,0
CWE-497,2021,8.826559903368486e-05,20,3
CWE-501,2021,-0.0,0,0
CWE-502,2021,0.00863486814471683,135,198
CWE-506,2021,-0.0,0,0
CWE-507,2021,-0.0,0,1
CWE-514,2021,-0.0,0,0
CWE-520,2021,-0.0,0,0
CWE-521,2021,0.0008080078245420124,102,18
CWE-522,2021,0.00437524555277837,130,118
CWE-523,2021,-0.0,0,0
CWE-524,2021,-0.0,0,0
CWE-525,2021,6.8512642990156575e-06,2,1
CWE-526,2021,-0.0,0,0
CWE-527,2021,-0.0,0,1
CWE-530,2021,-0.0,0,0
CWE-531,2021,-0.0,0,0
CWE-532,2021,0.0031054846472596633,121,81
CWE-533,2021,-0.0,0,0
CWE-534,2021,-0.0,0,0
CWE-538,2021,4.132198713164441e-06,6,1
CWE-539,2021,2.313069012634801e-05,5,1
CWE-540,2021,2.0264660525873673e-05,5,1
CWE-544,2021,-0.0,0,0
CWE-547,2021,-0.0,0,0
CWE-548,2021,1.834531470299704e-05,8,2
CWE-549,2021,-0.0,0,0
CWE-550,2021,-0.0,0,0
CWE-551,2021,-0.0,0,0
CWE-552,2021,0.002127926553245926,110,38
CWE-553,2021,-0.0,0,0
CWE-555,2021,-0.0,0,0
CWE-556,2021,-0.0,0,0
CWE-557,2021,-0.0,0,0
CWE-561,2021,-0.0,0,0
CWE-562,2021,-0.0,0,0
CWE-563,2021,-0.0,0,0
CWE-564,2021,-0.0,0,0
CWE-565,2021,8.175352214709545e-06,5,3
CWE-566,2021,-0.0,0,0
CWE-567,2021,4.204778739981048e-05,14,1
CWE-570,2021,-0.0,0,0
CWE-571,2021,-0.0,0,0
CWE-573,2021,4.0403316457779583e-05,13,1
CWE-590,2021,-0.0,0,0
CWE-591,2021,-0.0,0,0
CWE-592,2021,-0.0,0,0
CWE-597,2021,-0.0,0,0
CWE-598,2021,5.057802647751629e-05,14,1
CWE-599,2021,-0.0,0,0
CWE-600,2021,-0.0,0,0
CWE-601,2021,0.005233201811755834,130,128
CWE-602,2021,-0.0,0,0
CWE-603,2021,-0.0,0,0
CWE-605,2021,-0.0,0,0
CWE-606,2021,-0.0,0,0
CWE-610,2021,0.0006269897409126794,78,28
CWE-611,2021,0.0026148308924401615,119,117
CWE-612,2021,-0.0,0,0
CWE-613,2021,0.0050262137674485586,120,53
CWE-614,2021,-0.0,0,0
CWE-615,2021,-0.0,0,0
CWE-616,2021,-0.0,0,0
CWE-617,2021,0.17255128663306116,120,76
CWE-618,2021,-0.0,0,0
CWE-620,2021,0.00010611427274292837,8,1
CWE-622,2021,-0.0,0,0
CWE-623,2021,-0.0,0,0
CWE-624,2021,-0.0,0,0
CWE-625,2021,-0.0,0,0
CWE-626,2021,-0.0,0,0
CWE-627,2021,-0.0,0,0
CWE-628,2021,-0.0,0,0
CWE-636,2021,-0.0,0,0
CWE-639,2021,0.0015923828908819542,78,72
CWE-640,2021,0.0012467120035758695,51,18
CWE-641,2021,-0.0,0,0
CWE-642,2021,-0.0,0,0
CWE-643,2021,-0.0,0,0
CWE-644,2021,8.037111960126506e-06,2,1
CWE-645,2021,-0.0,0,0
CWE-646,2021,-0.0,0,0
CWE-647,2021,-0.0,0,0
CWE-648,2021,-0.0,0,0
CWE-649,2021,-0.0,0,1
CWE-650,2021,-0.0,0,0
CWE-653,2021,-0.0,0,0
CWE-655,2021,-0.0,0,0
CWE-656,2021,-0.0,0,0
CWE-657,2021,6.285134286293264e-05,12,2
CWE-662,2021,0.004456683138918981,107,16
CWE-664,2021,-0.0,0,0
CWE-665,2021,0.011209438161595437,122,37
CWE-666,2021,-0.0,0,0
CWE-667,2021,0.047823060924424336,123,17
CWE-668,2021,0.04845693169575638,136,101
CWE-669,2021,0.0004596180485410418,58,9
CWE-670,2021,0.0021281624714236547,118,13
CWE-671,2021,-0.0,0,0
CWE-672,2021,0.0004716708041056277,40,1
CWE-673,2021,-0.0,0,0
CWE-674,2021,0.0033044832791487987,113,36
CWE-675,2021,-0.0,0,0
CWE-676,2021,-0.0,0,0
CWE-680,2021,-0.0,0,0
CWE-681,2021,0.00273953021249745,119,21
CWE-682,2021,0.004298975189834846,115,9
CWE-683,2021,-0.0,0,0
CWE-684,2021,-0.0,0,0
CWE-686,2021,-0.0,0,0
CWE-688,2021,-0.0,0,0
CWE-689,2021,-0.0,0,0
CWE-690,2021,-0.0,0,0
CWE-691,2021,-0.0,0,0
CWE-692,2021,-0.0,0,0
CWE-693,2021,7.335062396602072e-05,8,3
CWE-694,2021,-0.0,0,0
CWE-696,2021,-0.0,0,0
CWE-697,2021,0.06004879019959011,111,24
CWE-698,2021,-0.0,0,0
CWE-701,2021,-0.0,0,0
CWE-703,2021,-0.0,0,0
CWE-704,2021,0.03200513028290054,120,8
CWE-705,2021,-0.0,0,0
CWE-706,2021,0.0027177768468211586,115,12
CWE-707,2021,-0.0,0,0
CWE-708,2021,-0.0,0,1
CWE-710,2021,0.00038303679594397036,6,1
CWE-732,2021,0.006228332388144235,136,150
CWE-733,2021,-0.0,0,0
CWE-749,2021,-0.0,0,0
CWE-754,2021,0.0054865315813709325,124,54
CWE-755,2021,0.058269497961947435,129,79
CWE-757,2021,1.5046942590372845e-06,4,1
CWE-758,2021,-0.0,0,0
CWE-759,2021,-0.0,0,0
CWE-760,2021,-0.0,0,0
CWE-761,2021,-0.0,0,0
CWE-762,2021,-0.0,0,0
CWE-763,2021,0.005841911633708184,115,14
CWE-767,2021,-0.0,0,0
CWE-768,2021,-0.0,0,0
CWE-769,2021,-0.0,0,0
CWE-770,2021,0.014699903220495636,138,103
CWE-771,2021,-0.0,0,0
CWE-772,2021,0.004773068267864254,120,16
CWE-774,2021,-0.0,0,0
CWE-775,2021,-0.0,0,0
CWE-776,2021,0.004321799502916139,99,8
CWE-777,2021,-0.0,0,0
CWE-778,2021,-0.0,0,0
CWE-779,2021,-0.0,0,0
CWE-780,2021,-0.0,0,0
CWE-782,2021,-0.0,0,0
CWE-783,2021,-0.0,0,0
CWE-784,2021,-0.0,0,0
CWE-786,2021,-0.0,0,0
CWE-787,2021,0.31712058451503405,145,1477
CWE-788,2021,0.0006890632098929279,8,2
CWE-789,2021,6.91339485385973e-05,11,2
CWE-790,2021,-0.0,0,0
CWE-791,2021,-0.0,0,0
CWE-792,2021,-0.0,0,0
CWE-794,2021,-0.0,0,0
CWE-798,2021,0.00747989641680551,123,161
CWE-799,2021,0.00011723047558911965,26,3
CWE-804,2021,-0.0,0,0
CWE-805,2021,0.0012855667107346093,47,2
CWE-807,2021,5.148858394072132e-07,1,1
CWE-820,2021,-0.0,0,0
CWE-821,2021,-0.0,0,0
CWE-822,2021,0.00020412475739303647,6,4
CWE-823,2021,-0.0,0,0
CWE-824,2021,0.11266494058293057,115,38
CWE-825,2021,-0.0,0,0
CWE-826,2021,-0.0,0,0
CWE-828,2021,-0.0,0,0
CWE-829,2021,0.002415201394674234,108,26
CWE-830,2021,-0.0,0,0
CWE-832,2021,-0.0,0,0
CWE-833,2021,-0.0,0,0
CWE-834,2021,0.002703781156341033,120,13
CWE-835,2021,0.09044872487638034,129,74
CWE-836,2021,-0.0,0,0
CWE-837,2021,-0.0,0,0
CWE-838,2021,-0.0,0,0
CWE-839,2021,-0.0,0,0
CWE-840,2021,-0.0,0,0
CWE-841,2021,-0.0,0,0
CWE-842,2021,-0.0,0,0
CWE-843,2021,0.007589747700087509,124,71
CWE-862,2021,0.007000909062964643,140,231
CWE-863,2021,0.07357671425378669,144,266
CWE-882,2021,-0.0,0,0
CWE-908,2021,0.08338365583834322,126,68
CWE-909,2021,0.0040396398917258245,121,20
CWE-910,2021,-0.0,0,0
CWE-911,2021,-0.0,0,0
CWE-912,2021,2.480258218008611e-06,3,1
CWE-913,2021,0.000599672054371284,35,10
CWE-914,2021,-0.0,0,0
CWE-915,2021,-0.0,0,0
CWE-916,2021,0.0007246162525742903,41,17
CWE-917,2021,0.0025259433995884124,123,6
CWE-918,2021,0.0077904819348604305,135,175
CWE-920,2021,-0.0,0,0
CWE-921,2021,-0.0,0,0
CWE-922,2021,0.0009916988605585294,79,30
CWE-923,2021,-0.0,0,0
CWE-924,2021,0.0009106263107153685,15,3
CWE-925,2021,-0.0,0,0
CWE-926,2021,-0.0,0,0
CWE-927,2021,-0.0,0,0
CWE-939,2021,-0.0,0,0
CWE-940,2021,-0.0,0,0
CWE-941,2021,-0.0,0,0
CWE-942,2021,-0.0,0,0
CWE-943,2021,-0.0,0,0
CWE-1004,2021,8.992422780783201e-06,7,1
CWE-1007,2021,-0.0,0,0
CWE-1018,2021,-0.0,0,0
CWE-1021,2021,0.0026159022097526417,126,66
CWE-1022,2021,-0.0,0,0
CWE-1023,2021,-0.0,0,0
CWE-1025,2021,-0.0,0,0
CWE-1026,2021,-0.0,0,0
CWE-1027,2021,-0.0,0,0
CWE-1032,2021,-0.0,0,0
CWE-1035,2021,-0.0,0,0
CWE-1037,2021,-0.0,0,0
CWE-1038,2021,-0.0,0,0
CWE-1039,2021,-0.0,0,0
CWE-1046,2021,-0.0,0,0
CWE-1049,2021,-0.0,0,0
CWE-1050,2021,-0.0,0,0
CWE-1059,2021,-0.0,0,0
CWE-1068,2021,-0.0,0,0
CWE-1072,2021,-0.0,0,0
CWE-1076,2021,6.188030709207862e-05,8,1
CWE-1077,2021,-0.0,0,0
CWE-1088,2021,-0.0,0,0
CWE-1100,2021,-0.0,0,0
CWE-1102,2021,-0.0,0,0
CWE-1103,2021,-0.0,0,0
CWE-1104,2021,-0.0,0,0
CWE-1106,2021,-0.0,0,0
CWE-1108,2021,-0.0,0,0
CWE-1112,2021,-0.0,0,0
CWE-1116,2021,-0.0,0,0
CWE-1119,2021,-0.0,0,0
CWE-1124,2021,-0.0,0,0
CWE-1125,2021,-0.0,0,0
CWE-1149,2021,-0.0,0,0
CWE-1164,2021,-0.0,0,0
CWE-1173,2021,-0.0,0,0
CWE-1174,2021,-0.0,0,0
CWE-1176,2021,-0.0,0,0
CWE-1187,2021,-0.0,0,0
CWE-1188,2021,0.00886912414966854,60,19
CWE-1189,2021,-0.0,0,0
CWE-1191,2021,-0.0,0,0
CWE-1204,2021,-0.0,0,0
CWE-1220,2021,-0.0,0,0
CWE-1223,2021,-0.0,0,0
CWE-1230,2021,-0.0,0,0
CWE-1231,2021,-0.0,0,0
CWE-1233,2021,-0.0,0,0
CWE-1234,2021,-0.0,0,0
CWE-1236,2021,0.0007450536507464364,99,28
CWE-1240,2021,-0.0,0,0
CWE-1241,2021,-0.0,0,0
CWE-1242,2021,-0.0,0,0
CWE-1244,2021,-0.0,0,0
CWE-1245,2021,-0.0,0,0
CWE-1246,2021,-0.0,0,0
CWE-1247,2021,-0.0,0,0
CWE-1250,2021,-0.0,0,0
CWE-1251,2021,-0.0,0,0
CWE-1254,2021,-0.0,0,0
CWE-1255,2021,-0.0,0,0
CWE-1256,2021,-0.0,0,0
CWE-1257,2021,-0.0,0,0
CWE-1258,2021,-0.0,0,0
CWE-1259,2021,-0.0,0,0
CWE-1260,2021,-0.0,0,0
CWE-1262,2021,-0.0,0,0
CWE-1263,2021,-0.0,0,0
CWE-1264,2021,-0.0,0,0
CWE-1268,2021,-0.0,0,0
CWE-1270,2021,-0.0,0,0
CWE-1274,2021,-0.0,0,0
CWE-1275,2021,-0.0,0,0
CWE-1276,2021,-0.0,0,0
CWE-1277,2021,-0.0,0,0
CWE-1278,2021,8.551351912699144e-07,2,1
CWE-1280,2021,-0.0,0,0
CWE-1281,2021,-0.0,0,0
CWE-1282,2021,-0.0,0,0
CWE-1283,2021,-0.0,0,0
CWE-1284,2021,0.004279308997838527,105,16
CWE-1285,2021,-0.0,0,0
CWE-1286,2021,-0.0,0,0
CWE-1287,2021,-0.0,0,0
CWE-1288,2021,-0.0,0,0
CWE-1289,2021,-0.0,0,0
CWE-1294,2021,-0.0,0,0
CWE-1295,2021,-0.0,0,0
CWE-1298,2021,-0.0,0,0
CWE-1299,2021,-0.0,0,0
CWE-1300,2021,-0.0,0,0
CWE-1301,2021,-0.0,0,0
CWE-1303,2021,-0.0,0,0
CWE-1304,2021,-0.0,0,0
CWE-1310,2021,-0.0,0,0
CWE-1312,2021,-0.0,0,0
CWE-1313,2021,-0.0,0,0
CWE-1314,2021,-0.0,0,0
CWE-1316,2021,-0.0,0,0
CWE-1319,2021,-0.0,0,0
CWE-1320,2021,-0.0,0,0
CWE-1321,2021,0.0006876591524022024,95,64
CWE-1322,2021,-0.0,0,0
CWE-1323,2021,-0.0,0,0
CWE-1325,2021,-0.0,0,0
CWE-1326,2021,-0.0,0,0
CWE-1327,2021,-0.0,0,0
CWE-1328,2021,-0.0,0,0
CWE-1329,2021,-0.0,0,0
CWE-1330,2021,-0.0,0,0
CWE-1332,2021,-0.0,0,0
CWE-1333,2021,0.0014676050837203862,114,24
CWE-1334,2021,-0.0,0,0
CWE-1335,2021,-0.0,0,0
CWE-1336,2021,-0.0,0,0
CWE-1342,2021,-0.0,0,0
CWE-1357,2021,-0.0,0,0
CWE-1366,2021,-0.0,0,0
CWE-1384,2021,-0.0,0,0
CWE-1385,2021,-0.0,0,0
CWE-1386,2021,-0.0,0,0
CWE-1389,2021,-0.0,0,0
CWE-1390,2021,-0.0,0,0
CWE-1391,2021,-0.0,0,0
CWE-1392,2021,-0.0,0,0
CWE-1393,2021,-0.0,0,0
CWE-1394,2021,-0.0,0,0
CWE-1,2022,-0.0,0,0
CWE-5,2022,-0.0,0,0
CWE-14,2022,-0.0,0,0
CWE-15,2022,-0.0,0,0
CWE-16,2022,-0.0,0,0
CWE-17,2022,-0.0,0,0
CWE-18,2022,-0.0,0,0
CWE-19,2022,-0.0,0,0
CWE-20,2022,0.3449851180152298,136,542
CWE-21,2022,-0.0,0,0
CWE-22,2022,0.04685909445543879,146,723
CWE-23,2022,1.6196701564524796e-06,1,1
CWE-24,2022,2.6376879242668086e-05,6,1
CWE-25,2022,-0.0,0,0
CWE-26,2022,-0.0,0,0
CWE-27,2022,-0.0,0,0
CWE-28,2022,-0.0,0,0
CWE-29,2022,-0.0,0,0
CWE-31,2022,-0.0,0,0
CWE-32,2022,-0.0,0,0
CWE-35,2022,-0.0,0,0
CWE-36,2022,-0.0,0,0
CWE-37,2022,-0.0,0,0
CWE-38,2022,-0.0,0,0
CWE-40,2022,-2.465190328815662e-32,0,0
CWE-41,2022,1.232595164407831e-32,0,0
CWE-42,2022,-0.0,0,0
CWE-43,2022,-0.0,0,0
CWE-46,2022,-0.0,0,0
CWE-50,2022,-0.0,0,0
CWE-55,2022,-0.0,0,0
CWE-57,2022,-0.0,0,0
CWE-59,2022,0.01657411786735693,117,92
CWE-61,2022,-0.0,0,0
CWE-64,2022,-0.0,0,0
CWE-65,2022,-0.0,0,0
CWE-66,2022,-0.0,0,0
CWE-67,2022,-0.0,0,0
CWE-69,2022,-0.0,0,0
CWE-73,2022,2.400915877552968e-05,4,4
CWE-74,2022,0.015788257367936816,132,82
CWE-75,2022,7.475139187609816e-05,18,1
CWE-76,2022,-0.0,0,0
CWE-77,2022,0.023176607050939907,118,201
CWE-78,2022,0.029653879317456947,132,550
CWE-79,2022,0.050345376914093944,166,3211
CWE-80,2022,2.4280850969603967e-06,1,1
CWE-81,2022,-0.0,0,0
CWE-82,2022,-0.0,0,0
CWE-83,2022,-0.0,0,0
CWE-84,2022,-0.0,0,0
CWE-85,2022,-0.0,0,0
CWE-86,2022,-0.0,0,0
CWE-87,2022,-0.0,0,0
CWE-88,2022,0.003925543535804833,108,41
CWE-89,2022,0.01641227065657129,133,1728
CWE-90,2022,-0.0,0,0
CWE-91,2022,0.001922163796501477,70,11
CWE-92,2022,-0.0,0,0
CWE-93,2022,9.403316100646718e-05,16,1
CWE-94,2022,0.02901197992812672,119,140
CWE-95,2022,8.676955057967797e-05,17,2
CWE-96,2022,-0.0,0,0
CWE-97,2022,-0.0,0,0
CWE-98,2022,1.5579278230224302e-05,3,1
CWE-99,2022,7.947195847736815e-06,2,2
CWE-112,2022,1.91473523768196e-05,4,1
CWE-113,2022,-0.0,0,0
CWE-114,2022,-0.0,0,0
CWE-115,2022,2.04358648057197e-05,3,1
CWE-116,2022,0.007105327482569931,123,56
CWE-117,2022,3.1771815581801047e-06,2,1
CWE-118,2022,-0.0,0,0
CWE-119,2022,0.19950346851624798,123,200
CWE-120,2022,0.2973274416898335,130,403
CWE-121,2022,0.003372480576619741,116,17
CWE-122,2022,0.007484997030606528,116,42
CWE-123,2022,-0.0,1,1
CWE-124,2022,5.571146259201159e-05,1,1
CWE-125,2022,0.32193709871519816,131,826
CWE-126,2022,-0.0,0,0
CWE-127,2022,-0.0,0,0
CWE-128,2022,-0.0,0,0
CWE-129,2022,0.14689870767899724,115,27
CWE-130,2022,9.8941393038739e-06,4,2
CWE-131,2022,0.026481653500060362,114,19
CWE-134,2022,0.0035698914947362333,99,31
CWE-138,2022,-0.0,0,0
CWE-140,2022,-0.0,0,0
CWE-141,2022,0.002780867895301566,6,1
CWE-142,2022,-0.0,0,0
CWE-143,2022,-0.0,0,0
CWE-144,2022,-0.0,0,0
CWE-145,2022,-0.0,0,0
CWE-146,2022,-0.0,0,1
CWE-147,2022,-0.0,0,0
CWE-148,2022,-0.0,0,0
CWE-149,2022,-0.0,0,0
CWE-150,2022,-0.0,0,0
CWE-153,2022,-0.0,0,0
CWE-155,2022,-0.0,0,0
CWE-156,2022,-0.0,0,0
CWE-158,2022,-0.0,0,0
CWE-159,2022,-0.0,0,0
CWE-162,2022,-0.0,0,0
CWE-164,2022,-0.0,0,0
CWE-166,2022,-0.0,0,0
CWE-167,2022,-0.0,0,0
CWE-168,2022,-0.0,0,0
CWE-170,2022,-0.0,0,0
CWE-172,2022,-0.0,0,0
CWE-173,2022,-0.0,0,0
CWE-174,2022,-0.0,0,0
CWE-176,2022,-0.0,0,0
CWE-177,2022,-0.0,0,0
CWE-178,2022,0.0007602455880971147,45,3
CWE-179,2022,-0.0,0,0
CWE-180,2022,-0.0,0,0
CWE-183,2022,-0.0,0,0
CWE-184,2022,-0.0,0,0
CWE-185,2022,-0.0,0,0
CWE-186,2022,-0.0,0,0
CWE-187,2022,9.733534355752168e-05,6,1
CWE-188,2022,-0.0,0,0
CWE-189,2022,0.0034756045243195767,98,2
CWE-190,2022,0.16509865846237018,126,227
CWE-191,2022,0.012078219136357028,115,23
CWE-192,2022,-0.0,0,0
CWE-193,2022,0.012188743144094658,112,18
CWE-194,2022,0.00021586965734305893,9,1
CWE-195,2022,-0.0,0,0
CWE-196,2022,-0.0,0,0
CWE-197,2022,-0.0,0,0
CWE-198,2022,-0.0,0,0
CWE-199,2022,-0.0,0,0
CWE-200,2022,0.07801504185706291,134,166
CWE-201,2022,1.91473523768196e-05,4,1
CWE-202,2022,-0.0,0,0
CWE-203,2022,0.03332166430402851,112,104
CWE-204,2022,0.0001221483952704395,7,3
CWE-207,2022,-0.0,0,0
CWE-208,2022,-0.0,0,0
CWE-209,2022,0.006184654213902022,115,48
CWE-212,2022,0.023208600861649286,124,28
CWE-213,2022,-0.0,0,0
CWE-214,2022,-0.0,0,0
CWE-215,2022,-0.0,0,0
CWE-216,2022,-0.0,0,0
CWE-219,2022,-0.0,0,0
CWE-221,2022,-0.0,0,0
CWE-223,2022,-0.0,0,0
CWE-226,2022,-0.0,0,0
CWE-227,2022,-0.0,0,0
CWE-228,2022,-0.0,1,1
CWE-229,2022,4.7255503217279885e-05,15,1
CWE-230,2022,-0.0,0,0
CWE-231,2022,-0.0,0,0
CWE-232,2022,-0.0,0,0
CWE-233,2022,-0.0,0,0
CWE-235,2022,-0.0,0,0
CWE-236,2022,-0.0,0,0
CWE-237,2022,-0.0,0,0
CWE-239,2022,-0.0,0,0
CWE-240,2022,-0.0,0,0
CWE-241,2022,0.0006404591605490627,39,1
CWE-242,2022,-0.0,0,0
CWE-244,2022,-0.0,0,0
CWE-248,2022,0.0015886157870703224,92,3
CWE-250,2022,0.00046704544454391483,15,5
CWE-252,2022,0.18229664402065895,120,29
CWE-253,2022,-0.0,0,0
CWE-254,2022,-0.0,0,0
CWE-255,2022,-0.0,0,0
CWE-256,2022,4.45050495399336e-06,3,1
CWE-257,2022,-0.0,0,0
CWE-258,2022,-0.0,0,0
CWE-259,2022,-0.0,0,0
CWE-260,2022,-0.0,0,0
CWE-261,2022,-0.0,0,0
CWE-262,2022,-0.0,0,0
CWE-263,2022,-0.0,0,0
CWE-264,2022,-0.0,0,0
CWE-265,2022,-0.0,0,0
CWE-266,2022,4.218700585374139e-05,8,4
CWE-267,2022,-0.0,0,0
CWE-268,2022,-0.0,0,0
CWE-269,2022,0.02572981404890166,145,192
CWE-270,2022,-0.0,0,0
CWE-271,2022,-0.0,0,0
CWE-272,2022,-0.0,0,0
CWE-273,2022,0.001040826213293109,55,3
CWE-274,2022,-0.0,0,1
CWE-275,2022,-0.0,0,0
CWE-276,2022,0.11334070040713572,123,180
CWE-277,2022,-0.0,0,0
CWE-278,2022,-0.0,0,0
CWE-279,2022,-0.0,0,0
CWE-280,2022,4.725550321727989e-05,15,1
CWE-281,2022,0.06543544716166497,123,36
CWE-282,2022,-0.0,0,0
CWE-283,2022,-0.0,0,0
CWE-284,2022,0.00035495832648323877,49,19
CWE-285,2022,0.00043074406838973294,40,15
CWE-286,2022,-0.0,0,0
CWE-287,2022,0.1913780734224084,138,340
CWE-288,2022,2.4710209713197063e-05,5,1
CWE-289,2022,-0.0,0,0
CWE-290,2022,0.009733637490393068,116,39
CWE-291,2022,-0.0,0,0
CWE-292,2022,-0.0,0,0
CWE-294,2022,0.00516500969545355,62,36
CWE-295,2022,0.0255550201582004,127,109
CWE-296,2022,-0.0,0,0
CWE-297,2022,-0.0,0,0
CWE-298,2022,-0.0,0,0
CWE-299,2022,-0.0,0,0
CWE-300,2022,-0.0,0,0
CWE-302,2022,-0.0,0,0
CWE-303,2022,-0.0,0,0
CWE-304,2022,5.56506752898509e-07,1,1
CWE-305,2022,1.0159745759232677e-05,4,1
CWE-306,2022,0.021472496683084978,135,194
CWE-307,2022,0.0021818427289484067,94,54
CWE-308,2022,-0.0,0,0
CWE-309,2022,-0.0,0,0
CWE-310,2022,-0.0,0,0
CWE-311,2022,0.0010440401407296118,61,38
CWE-312,2022,0.06435064518871567,118,81
CWE-313,2022,-0.0,0,0
CWE-315,2022,-0.0,0,0
CWE-316,2022,-0.0,0,0
CWE-317,2022,-0.0,0,0
CWE-319,2022,0.09640515797214634,121,87
CWE-320,2022,-0.0,0,0
CWE-321,2022,1.6745568644184879e-06,3,2
CWE-322,2022,-0.0,0,0
CWE-323,2022,-0.0,0,0
CWE-324,2022,-0.0,0,1
CWE-325,2022,-0.0,0,0
CWE-326,2022,0.004510054660379758,64,40
CWE-327,2022,0.01575530954609416,124,56
CWE-328,2022,-0.0,0,0
CWE-329,2022,-0.0,0,0
CWE-330,2022,0.02336190899603623,122,55
CWE-331,2022,0.00034412431876004897,19,11
CWE-332,2022,-0.0,0,0
CWE-333,2022,-0.0,0,0
CWE-334,2022,-0.0,0,0
CWE-335,2022,0.0001801661948543147,24,8
CWE-336,2022,-0.0,0,0
CWE-337,2022,-0.0,0,0
CWE-338,2022,0.0010575000372782576,99,14
CWE-339,2022,-0.0,0,0
CWE-340,2022,-0.0,0,0
CWE-341,2022,-0.0,0,0
CWE-342,2022,-0.0,0,0
CWE-343,2022,-0.0,0,0
CWE-344,2022,-0.0,0,0
CWE-345,2022,0.05629295213549733,114,69
CWE-346,2022,0.007160681726232824,121,32
CWE-347,2022,0.0819420427250422,115,52
CWE-348,2022,-0.0,0,0
CWE-349,2022,-0.0,0,0
CWE-350,2022,-0.0,0,0
CWE-351,2022,-0.0,0,0
CWE-352,2022,0.02500539062433611,137,673
CWE-353,2022,-0.0,0,0
CWE-354,2022,0.01127226067745736,118,20
CWE-356,2022,-0.0,0,0
CWE-357,2022,-0.0,0,0
CWE-358,2022,-0.0,0,0
CWE-359,2022,0.000111894538512526,26,4
CWE-361,2022,-0.0,0,0
CWE-362,2022,0.11849326771542362,128,224
CWE-363,2022,-0.0,0,0
CWE-364,2022,-0.0,0,0
CWE-366,2022,-0.0,0,0
CWE-367,2022,0.2161602312421792,126,67
CWE-369,2022,0.006388398765342389,112,33
CWE-371,2022,-0.0,0,0
CWE-372,2022,-0.0,0,0
CWE-377,2022,8.367025978366291e-05,6,4
CWE-378,2022,-0.0,0,0
CWE-379,2022,-0.0,0,0
CWE-384,2022,0.0037616224662876336,58,37
CWE-385,2022,-0.0,0,0
CWE-386,2022,-0.0,0,0
CWE-388,2022,-0.0,0,0
CWE-390,2022,-0.0,0,0
CWE-391,2022,0.00044163907006273964,36,1
CWE-392,2022,-0.0,0,0
CWE-393,2022,-0.0,0,0
CWE-394,2022,-0.0,0,0
CWE-395,2022,-0.0,0,0
CWE-396,2022,-0.0,0,0
CWE-399,2022,-0.0,0,0
CWE-400,2022,0.18744799374777804,137,134
CWE-401,2022,0.09920056170833923,124,125
CWE-402,2022,-0.0,0,0
CWE-403,2022,-0.0,0,0
CWE-404,2022,0.015344054325230344,119,61
CWE-405,2022,1.9255108589240062e-08,2,1
CWE-406,2022,0.00012025782863326957,5,3
CWE-407,2022,0.0037368981491073725,111,4
CWE-408,2022,-0.0,0,0
CWE-409,2022,-0.0,0,0
CWE-410,2022,-0.0,0,0
CWE-412,2022,-0.0,0,0
CWE-413,2022,-0.0,0,0
CWE-414,2022,-0.0,0,0
CWE-415,2022,0.1125999913644124,120,65
CWE-416,2022,0.17295495713196146,126,695
CWE-417,2022,-0.0,0,0
CWE-419,2022,-0.0,0,0
CWE-420,2022,-0.0,0,0
CWE-421,2022,-0.0,0,0
CWE-422,2022,-0.0,0,0
CWE-424,2022,2.637687924266929e-05,6,1
CWE-425,2022,0.002227251670663196,97,39
CWE-426,2022,0.0037178867723002725,65,21
CWE-427,2022,0.010947913240413448,115,119
CWE-428,2022,0.001174469461776195,13,41
CWE-430,2022,-0.0,0,0
CWE-431,2022,-0.0,0,0
CWE-433,2022,-0.0,0,0
CWE-434,2022,0.008101282233819522,125,457
CWE-435,2022,-0.0,0,0
CWE-436,2022,0.0016819764658614685,98,8
CWE-437,2022,-0.0,0,0
CWE-440,2022,0.0006555131350569883,48,1
CWE-441,2022,-0.0,0,0
CWE-444,2022,0.008710240038613476,114,31
CWE-446,2022,-0.0,0,0
CWE-447,2022,-0.0,0,0
CWE-448,2022,-0.0,0,0
CWE-449,2022,-0.0,0,0
CWE-450,2022,-0.0,0,0
CWE-451,2022,2.9487673753107395e-06,1,1
CWE-453,2022,-0.0,0,0
CWE-454,2022,-0.0,0,0
CWE-455,2022,0.0006555131350569883,48,1
CWE-456,2022,-0.0,0,0
CWE-457,2022,0.0004710915489061845,7,4
CWE-459,2022,0.06528260763653855,114,19
CWE-460,2022,7.475139187609816e-05,18,1
CWE-462,2022,-0.0,0,0
CWE-463,2022,-0.0,0,0
CWE-465,2022,-0.0,0,0
CWE-466,2022,-0.0,0,0
CWE-467,2022,-0.0,0,0
CWE-468,2022,-0.0,0,0
CWE-469,2022,-0.0,0,0
CWE-470,2022,0.0015400916621619415,101,3
CWE-471,2022,-0.0,0,0
CWE-472,2022,-0.0,0,0
CWE-473,2022,-0.0,0,0
CWE-474,2022,-0.0,0,0
CWE-475,2022,-0.0,0,0
CWE-476,2022,0.24681343777560533,128,370
CWE-477,2022,-0.0,0,0
CWE-479,2022,-0.0,0,0
CWE-480,2022,-0.0,0,0
CWE-484,2022,-0.0,0,0
CWE-488,2022,-0.0,0,0
CWE-489,2022,0.00011399395862285502,16,2
CWE-491,2022,-0.0,0,0
CWE-494,2022,0.001559100121506789,101,18
CWE-495,2022,-0.0,0,0
CWE-497,2022,-0.0,0,0
CWE-501,2022,-0.0,0,0
CWE-502,2022,0.015276746308748737,126,169
CWE-506,2022,-0.0,0,0
CWE-507,2022,-0.0,0,0
CWE-514,2022,-0.0,0,0
CWE-520,2022,-0.0,0,0
CWE-521,2022,0.0006491126233205182,55,32
CWE-522,2022,0.041309765062052466,127,145
CWE-523,2022,0.0006948693568034969,17,1
CWE-524,2022,7.475139187609816e-05,18,1
CWE-525,2022,-0.0,0,0
CWE-526,2022,-0.0,0,0
CWE-527,2022,-0.0,0,0
CWE-530,2022,-0.0,0,0
CWE-531,2022,-0.0,0,0
CWE-532,2022,0.01335186166997689,117,113
CWE-533,2022,-0.0,0,0
CWE-534,2022,-0.0,0,0
CWE-538,2022,-0.0,0,0
CWE-539,2022,-0.0,0,0
CWE-540,2022,-0.0,0,0
CWE-544,2022,-0.0,0,0
CWE-547,2022,-0.0,0,0
CWE-548,2022,1.5466582217885757e-05,4,1
CWE-549,2022,-0.0,0,0
CWE-550,2022,-0.0,0,0
CWE-551,2022,-0.0,0,0
CWE-552,2022,0.0049637057468472495,122,69
CWE-553,2022,-0.0,0,0
CWE-555,2022,-0.0,0,0
CWE-556,2022,-0.0,0,0
CWE-557,2022,-0.0,0,0
CWE-561,2022,-0.0,0,0
CWE-562,2022,-0.0,0,0
CWE-563,2022,-0.0,0,0
CWE-564,2022,-0.0,0,0
CWE-565,2022,0.0035713761075031043,109,11
CWE-566,2022,-0.0,0,0
CWE-567,2022,-0.0,0,0
CWE-570,2022,-0.0,0,0
CWE-571,2022,2.6886454127870342e-05,6,1
CWE-573,2022,-0.0,0,0
CWE-590,2022,-0.0,0,0
CWE-591,2022,-0.0,0,0
CWE-592,2022,-0.0,0,0
CWE-597,2022,3.6993794209880406e-06,1,1
CWE-598,2022,-0.0,0,0
CWE-599,2022,-0.0,0,0
CWE-600,2022,-0.0,0,0
CWE-601,2022,0.006373340698426001,129,144
CWE-602,2022,3.1771815581801047e-06,2,1
CWE-603,2022,-0.0,0,0
CWE-605,2022,-0.0,0,0
CWE-606,2022,-0.0,0,0
CWE-610,2022,0.001955993014551666,79,36
CWE-611,2022,0.004455848488449273,116,124
CWE-612,2022,-0.0,0,0
CWE-613,2022,0.006421711003948804,114,49
CWE-614,2022,-0.0,0,0
CWE-615,2022,-0.0,0,0
CWE-616,2022,-0.0,0,0
CWE-617,2022,0.1286612646028,106,145
CWE-618,2022,-0.0,0,0
CWE-620,2022,1.6061947711063432e-05,6,1
CWE-622,2022,-0.0,0,0
CWE-623,2022,-0.0,0,0
CWE-624,2022,-0.0,0,0
CWE-625,2022,-0.0,0,0
CWE-626,2022,-0.0,0,0
CWE-627,2022,-0.0,0,0
CWE-628,2022,-0.0,0,0
CWE-636,2022,-0.0,0,0
CWE-639,2022,0.003344573507200641,117,126
CWE-640,2022,0.0008302520642867879,44,17
CWE-641,2022,-0.0,0,0
CWE-642,2022,-0.0,0,0
CWE-643,2022,6.56865666270743e-05,9,1
CWE-644,2022,-0.0,0,0
CWE-645,2022,-0.0,0,0
CWE-646,2022,-0.0,0,0
CWE-647,2022,-0.0,0,0
CWE-648,2022,0.0001340052315564905,30,3
CWE-649,2022,-0.0,0,0
CWE-650,2022,-0.0,0,0
CWE-653,2022,-0.0,0,0
CWE-655,2022,-0.0,0,0
CWE-656,2022,-0.0,0,0
CWE-657,2022,-0.0,0,0
CWE-662,2022,0.0017690592888522129,82,6
CWE-664,2022,-0.0,0,0
CWE-665,2022,0.15967504384513434,120,41
CWE-666,2022,-0.0,0,0
CWE-667,2022,0.006182060635492602,118,35
CWE-668,2022,0.07009728482685543,132,134
CWE-669,2022,0.0005101920371620484,23,9
CWE-670,2022,0.0025403115665068384,94,11
CWE-671,2022,0.000143418056953833,12,1
CWE-672,2022,0.0012585705148896369,70,8
CWE-673,2022,-0.0,0,0
CWE-674,2022,0.006850082876150844,110,46
CWE-675,2022,-0.0,0,0
CWE-676,2022,-0.0,0,0
CWE-680,2022,-0.0,0,0
CWE-681,2022,0.010525046768868944,113,15
CWE-682,2022,0.008993566889778397,109,23
CWE-683,2022,-0.0,0,0
CWE-684,2022,-0.0,0,0
CWE-686,2022,-0.0,0,0
CWE-688,2022,-0.0,0,0
CWE-689,2022,-0.0,0,0
CWE-690,2022,-0.0,0,1
CWE-691,2022,-0.0,0,0
CWE-692,2022,-0.0,0,0
CWE-693,2022,-0.0,0,1
CWE-694,2022,-0.0,0,0
CWE-696,2022,-0.0,0,0
CWE-697,2022,0.009726018265155498,114,22
CWE-698,2022,-0.0,0,0
CWE-701,2022,-0.0,0,0
CWE-703,2022,-0.0,0,0
CWE-704,2022,0.09555011665775175,116,21
CWE-705,2022,-0.0,0,0
CWE-706,2022,0.0038501441776216242,68,8
CWE-707,2022,0.00014510400492789233,12,51
CWE-708,2022,-0.0,0,0
CWE-710,2022,-0.0,0,0
CWE-732,2022,0.013356299912505162,126,121
CWE-733,2022,-0.0,0,0
CWE-749,2022,-0.0,0,0
CWE-754,2022,0.019931743054417736,117,58
CWE-755,2022,0.08516436435719855,133,91
CWE-757,2022,-0.0,0,0
CWE-758,2022,-0.0,0,0
CWE-759,2022,6.56865666270743e-05,9,1
CWE-760,2022,-0.0,0,0
CWE-761,2022,-0.0,0,0
CWE-762,2022,-0.0,0,0
CWE-763,2022,0.007653946356490619,108,10
CWE-767,2022,-0.0,0,0
CWE-768,2022,-0.0,0,0
CWE-769,2022,-0.0,0,0
CWE-770,2022,0.07142804843457339,143,176
CWE-771,2022,-0.0,0,0
CWE-772,2022,0.006214257588251286,112,15
CWE-774,2022,-0.0,0,0
CWE-775,2022,-0.0,0,0
CWE-776,2022,0.0011985027858235063,98,10
CWE-777,2022,-0.0,0,0
CWE-778,2022,-0.0,0,0
CWE-779,2022,-0.0,0,0
CWE-780,2022,-0.0,0,0
CWE-782,2022,-0.0,0,0
CWE-783,2022,-0.0,0,0
CWE-784,2022,-0.0,0,0
CWE-786,2022,-0.0,0,0
CWE-787,2022,0.3765731291206535,136,2142
CWE-788,2022,0.0005919968012676289,9,5
CWE-789,2022,0.00010172178668212181,7,5
CWE-790,2022,-0.0,0,0
CWE-791,2022,-0.0,0,0
CWE-792,2022,-0.0,0,0
CWE-794,2022,-0.0,0,0
CWE-798,2022,0.006808189426205897,82,192
CWE-799,2022,-0.0,0,0
CWE-804,2022,-0.0,0,0
CWE-805,2022,-0.0,0,0
CWE-807,2022,-0.0,0,0
CWE-820,2022,-0.0,0,0
CWE-821,2022,-0.0,0,0
CWE-822,2022,0.0003167033670105873,13,3
CWE-823,2022,0.000215869657343059,9,1
CWE-824,2022,0.010155067887811259,122,38
CWE-825,2022,-0.0,0,0
CWE-826,2022,-0.0,0,0
CWE-828,2022,-0.0,0,0
CWE-829,2022,0.0023027091858121873,58,19
CWE-830,2022,-0.0,0,0
CWE-832,2022,-0.0,0,0
CWE-833,2022,0.0006555131350569883,48,1
CWE-834,2022,0.0021102733231082894,102,4
CWE-835,2022,0.14362167806136472,122,56
CWE-836,2022,-0.0,0,0
CWE-837,2022,-0.0,0,0
CWE-838,2022,-0.0,0,0
CWE-839,2022,-0.0,0,0
CWE-840,2022,1.3375042898528066e-05,3,1
CWE-841,2022,-0.0,0,0
CWE-842,2022,-0.0,0,0
CWE-843,2022,0.018414048862921924,114,51
CWE-862,2022,0.019929746100064913,134,438
CWE-863,2022,0.07896070553177348,141,236
CWE-882,2022,-0.0,0,0
CWE-908,2022,0.010432520880932397,116,42
CWE-909,2022,0.008445393443031208,113,9
CWE-910,2022,-0.0,0,0
CWE-911,2022,0.00019891482809725398,14,1
CWE-912,2022,2.7200950257064517e-05,2,2
CWE-913,2022,0.004310084492628359,64,9
CWE-914,2022,-0.0,0,0
CWE-915,2022,-0.0,0,0
CWE-916,2022,0.005873316673013576,28,10
CWE-917,2022,0.0021309437669135662,40,11
CWE-918,2022,0.009772690613050427,128,205
CWE-920,2022,-0.0,0,0
CWE-921,2022,-0.0,0,0
CWE-922,2022,0.0015186884705678497,67,18
CWE-923,2022,-0.0,0,0
CWE-924,2022,1.7206896615649488e-05,2,2
CWE-925,2022,-0.0,0,0
CWE-926,2022,-0.0,0,0
CWE-927,2022,-0.0,0,0
CWE-939,2022,-0.0,0,0
CWE-940,2022,4.725550321727989e-05,15,2
CWE-941,2022,4.725550321727989e-05,15,1
CWE-942,2022,-0.0,0,0
CWE-943,2022,-0.0,0,0
CWE-1004,2022,-0.0,0,1
CWE-1007,2022,-0.0,0,0
CWE-1018,2022,-0.0,0,0
CWE-1021,2022,0.00780831892820363,122,58
CWE-1022,2022,7.44826002104791e-06,1,2
CWE-1023,2022,-0.0,0,0
CWE-1025,2022,-0.0,0,0
CWE-1026,2022,3.88532680260007e-05,4,1
CWE-1027,2022,-0.0,0,0
CWE-1032,2022,-0.0,0,0
CWE-1035,2022,-0.0,0,0
CWE-1037,2022,-0.0,0,0
CWE-1038,2022,-0.0,0,0
CWE-1039,2022,-0.0,0,0
CWE-1046,2022,-0.0,0,0
CWE-1049,2022,-0.0,0,0
CWE-1050,2022,-0.0,0,0
CWE-1059,2022,-0.0,0,0
CWE-1068,2022,-0.0,0,0
CWE-1072,2022,-0.0,0,0
CWE-1076,2022,-0.0,0,0
CWE-1077,2022,-0.0,0,0
CWE-1088,2022,-0.0,0,0
CWE-1100,2022,-0.0,0,0
CWE-1102,2022,-0.0,0,0
CWE-1103,2022,-0.0,0,0
CWE-1104,2022,-0.0,0,0
CWE-1106,2022,-0.0,0,0
CWE-1108,2022,6.674800034159362e-07,2,1
CWE-1112,2022,-0.0,0,0
CWE-1116,2022,-0.0,0,0
CWE-1119,2022,-0.0,0,0
CWE-1124,2022,-0.0,0,0
CWE-1125,2022,-0.0,0,0
CWE-1149,2022,-0.0,0,0
CWE-1164,2022,-0.0,0,0
CWE-1173,2022,-0.0,0,0
CWE-1174,2022,-0.0,0,0
CWE-1176,2022,-0.0,0,0
CWE-1187,2022,-0.0,0,0
CWE-1188,2022,0.0016255877508724406,80,16
CWE-1189,2022,-0.0,0,0
CWE-1191,2022,-0.0,0,0
CWE-1204,2022,-0.0,0,0
CWE-1220,2022,4.725550321727989e-05,15,2
CWE-1223,2022,-0.0,0,0
CWE-1230,2022,-0.0,0,0
CWE-1231,2022,-0.0,0,0
CWE-1233,2022,-0.0,0,0
CWE-1234,2022,-0.0,0,0
CWE-1236,2022,0.00041783200088865794,31,39
CWE-1240,2022,-0.0,0,0
CWE-1241,2022,-0.0,0,0
CWE-1242,2022,-0.0,0,0
CWE-1244,2022,-0.0,0,0
CWE-1245,2022,-0.0,0,0
CWE-1246,2022,-0.0,0,0
CWE-1247,2022,-0.0,0,0
CWE-1250,2022,-0.0,0,0
CWE-1251,2022,-0.0,0,0
CWE-1254,2022,-0.0,0,0
CWE-1255,2022,-0.0,0,0
CWE-1256,2022,-0.0,0,0
CWE-1257,2022,-0.0,0,0
CWE-1258,2022,3.433556456181754e-06,1,1
CWE-1259,2022,-0.0,0,0
CWE-1260,2022,-0.0,0,0
CWE-1262,2022,-0.0,0,0
CWE-1263,2022,-0.0,0,0
CWE-1264,2022,-0.0,0,0
CWE-1268,2022,-0.0,0,0
CWE-1270,2022,-0.0,0,0
CWE-1274,2022,-0.0,0,0
CWE-1275,2022,-0.0,0,0
CWE-1276,2022,-0.0,0,0
CWE-1277,2022,-0.0,0,0
CWE-1278,2022,-0.0,0,0
CWE-1280,2022,-0.0,0,0
CWE-1281,2022,-0.0,0,0
CWE-1282,2022,-0.0,0,0
CWE-1283,2022,-0.0,0,0
CWE-1284,2022,0.11762535609284588,128,70
CWE-1285,2022,-0.0,0,0
CWE-1286,2022,-0.0,0,0
CWE-1287,2022,-0.0,0,0
CWE-1288,2022,-0.0,0,0
CWE-1289,2022,-0.0,0,0
CWE-1294,2022,-0.0,0,0
CWE-1295,2022,-0.0,0,0
CWE-1298,2022,-0.0,0,0
CWE-1299,2022,-0.0,0,0
CWE-1300,2022,-0.0,0,0
CWE-1301,2022,-0.0,0,0
CWE-1303,2022,-0.0,0,0
CWE-1304,2022,-0.0,0,0
CWE-1310,2022,-0.0,0,0
CWE-1312,2022,-0.0,0,0
CWE-1313,2022,-0.0,0,0
CWE-1314,2022,-0.0,0,0
CWE-1316,2022,-0.0,0,0
CWE-1319,2022,-0.0,0,0
CWE-1320,2022,-0.0,0,0
CWE-1321,2022,0.004619475392992061,114,95
CWE-1322,2022,-0.0,0,0
CWE-1323,2022,-0.0,0,0
CWE-1325,2022,-0.0,0,0
CWE-1326,2022,-0.0,0,0
CWE-1327,2022,-0.0,0,0
CWE-1328,2022,-0.0,0,0
CWE-1329,2022,-0.0,0,0
CWE-1330,2022,-0.0,0,0
CWE-1332,2022,-0.0,0,0
CWE-1333,2022,0.004656695689046471,108,76
CWE-1334,2022,-0.0,0,0
CWE-1335,2022,-0.0,0,0
CWE-1336,2022,7.44826002104791e-06,1,1
CWE-1342,2022,-0.0,0,0
CWE-1357,2022,-0.0,0,0
CWE-1366,2022,-0.0,0,0
CWE-1384,2022,-0.0,0,0
CWE-1385,2022,-0.0,0,0
CWE-1386,2022,-0.0,0,0
CWE-1389,2022,-0.0,0,0
CWE-1390,2022,-0.0,0,0
CWE-1391,2022,-0.0,0,0
CWE-1392,2022,-0.0,0,0
CWE-1393,2022,-0.0,0,0
CWE-1394,2022,-0.0,0,0
CWE-1,2023,-0.0,0,0
CWE-5,2023,-0.0,0,0
CWE-14,2023,-0.0,0,0
CWE-15,2023,0.00012302066909197011,5,4
CWE-16,2023,-0.0,0,0
CWE-17,2023,5.551115123125783e-17,0,0
CWE-18,2023,-2.220446049250313e-16,0,0
CWE-19,2023,-0.0,0,0
CWE-20,2023,0.22888194373704082,128,380
CWE-21,2023,-4.336808689942018e-19,0,0
CWE-22,2023,0.05281232826139391,156,733
CWE-23,2023,8.0520132306217e-05,14,4
CWE-24,2023,9.84560549171127e-05,9,9
CWE-25,2023,-0.0,0,0
CWE-26,2023,-0.0,0,0
CWE-27,2023,-2.5849394142282115e-26,0,0
CWE-28,2023,2.778160801619014e-05,9,1
CWE-29,2023,8.546666906197829e-05,23,8
CWE-31,2023,-0.0,0,0
CWE-32,2023,-0.0,0,0
CWE-35,2023,2.465190328815662e-32,0,0
CWE-36,2023,5.674943452942892e-05,14,5
CWE-37,2023,-0.0,0,0
CWE-38,2023,-0.0,0,0
CWE-40,2023,-0.0,0,0
CWE-41,2023,-0.0,0,0
CWE-42,2023,-0.0,0,0
CWE-43,2023,-0.0,0,0
CWE-46,2023,-0.0,0,0
CWE-50,2023,-0.0,0,0
CWE-55,2023,-0.0,0,0
CWE-57,2023,-0.0,0,0
CWE-59,2023,0.009299229015022963,100,70
CWE-61,2023,-0.0,0,0
CWE-64,2023,-0.0,0,0
CWE-65,2023,-0.0,0,0
CWE-66,2023,-0.0,0,0
CWE-67,2023,-0.0,0,0
CWE-69,2023,-0.0,0,0
CWE-73,2023,5.3719769883931514e-05,13,7
CWE-74,2023,0.008875514732985186,118,155
CWE-75,2023,5.261044245319633e-05,15,1
CWE-76,2023,6.571533670133904e-06,2,1
CWE-77,2023,0.015919261872306807,122,445
CWE-78,2023,0.04031387361199185,137,505
CWE-79,2023,0.032568881970212536,184,4685
CWE-80,2023,3.135274412404247e-05,11,6
CWE-81,2023,-0.0,0,0
CWE-82,2023,-0.0,0,0
CWE-83,2023,-0.0,0,0
CWE-84,2023,-0.0,0,0
CWE-85,2023,-0.0,0,0
CWE-86,2023,-0.0,0,0
CWE-87,2023,0.000145914027958075,22,1
CWE-88,2023,0.00034028308242292177,23,16
CWE-89,2023,0.019513307839162684,140,2010
CWE-90,2023,0.003641559791562275,44,3
CWE-91,2023,0.0010275641024271916,79,11
CWE-92,2023,-0.0,0,0
CWE-93,2023,1.1300448372643391e-05,3,1
CWE-94,2023,0.008580946374296365,131,267
CWE-95,2023,0.000145914027958075,22,1
CWE-96,2023,-0.0,0,0
CWE-97,2023,-0.0,0,0
CWE-98,2023,4.6584995568166636e-05,13,3
CWE-99,2023,-0.0,0,0
CWE-112,2023,3.7535014445129092e-06,3,1
CWE-113,2023,1.8435033645249075e-05,5,1
CWE-114,2023,5.915598025522732e-05,1,1
CWE-115,2023,5.261044245319633e-05,15,1
CWE-116,2023,0.0026470681186107985,80,39
CWE-117,2023,0.00015829009892068873,14,4
CWE-118,2023,-0.0,0,0
CWE-119,2023,0.259889391191526,112,144
CWE-120,2023,0.3213581915291032,129,511
CWE-121,2023,0.006760673168653997,41,88
CWE-122,2023,0.00938811237132984,94,29
CWE-123,2023,-0.0,0,0
CWE-124,2023,-0.0,0,0
CWE-125,2023,0.3426323429100536,121,884
CWE-126,2023,0.023930676463306336,24,3
CWE-127,2023,-0.0,0,0
CWE-128,2023,-0.0,0,0
CWE-129,2023,0.23556587637235277,97,36
CWE-130,2023,6.1564199947278626e-06,2,1
CWE-131,2023,0.007172809280742127,86,11
CWE-134,2023,0.021265808486752875,92,25
CWE-138,2023,-0.0,0,0
CWE-140,2023,-0.0,0,0
CWE-141,2023,-0.0,0,0
CWE-142,2023,-0.0,0,0
CWE-143,2023,-0.0,0,0
CWE-144,2023,-0.0,0,0
CWE-145,2023,-0.0,0,0
CWE-146,2023,-0.0,0,0
CWE-147,2023,-0.0,0,0
CWE-148,2023,-0.0,0,0
CWE-149,2023,-0.0,0,0
CWE-150,2023,6.297992097480958e-05,5,3
CWE-153,2023,-0.0,0,0
CWE-155,2023,-0.0,0,0
CWE-156,2023,-0.0,0,0
CWE-158,2023,-0.0,0,0
CWE-159,2023,-0.0,0,0
CWE-162,2023,-0.0,0,0
CWE-164,2023,-0.0,0,0
CWE-166,2023,-0.0,0,0
CWE-167,2023,1.455626103053913e-05,3,1
CWE-168,2023,-0.0,0,0
CWE-170,2023,-0.0,0,0
CWE-172,2023,-0.0,0,0
CWE-173,2023,-0.0,0,0
CWE-174,2023,-0.0,0,0
CWE-176,2023,-0.0,0,0
CWE-177,2023,-0.0,0,0
CWE-178,2023,9.0475365652287e-05,10,2
CWE-179,2023,-0.0,0,0
CWE-180,2023,-0.0,0,0
CWE-183,2023,-0.0,0,0
CWE-184,2023,-0.0,0,0
CWE-185,2023,-0.0,0,0
CWE-186,2023,-0.0,0,0
CWE-187,2023,-0.0,0,0
CWE-188,2023,-0.0,0,0
CWE-189,2023,-0.0,0,0
CWE-190,2023,0.29359243657035644,117,202
CWE-191,2023,0.004482307059523646,92,18
CWE-192,2023,-0.0,0,0
CWE-193,2023,0.001979686106654001,80,9
CWE-194,2023,-0.0,0,0
CWE-195,2023,-0.0,0,0
CWE-196,2023,-0.0,0,0
CWE-197,2023,0.0004893842661517678,24,1
CWE-198,2023,-0.0,0,0
CWE-199,2023,-0.0,0,0
CWE-200,2023,0.011142088747486156,103,112
CWE-201,2023,3.0536486807050874e-05,13,2
CWE-202,2023,3.0940819430688934e-06,1,1
CWE-203,2023,0.07124456967219059,117,108
CWE-204,2023,6.50948138777239e-05,6,3
CWE-207,2023,-0.0,0,0
CWE-208,2023,2.5626176326386836e-05,2,3
CWE-209,2023,0.001526608533028664,57,65
CWE-212,2023,0.0007299156540095808,52,6
CWE-213,2023,-0.0,0,0
CWE-214,2023,-0.0,0,0
CWE-215,2023,-0.0,0,0
CWE-216,2023,-0.0,0,0
CWE-219,2023,-0.0,0,0
CWE-221,2023,-0.0,0,0
CWE-223,2023,-0.0,0,0
CWE-226,2023,-0.0,0,0
CWE-227,2023,-0.0,0,0
CWE-228,2023,-0.0,0,0
CWE-229,2023,-0.0,0,0
CWE-230,2023,-0.0,0,0
CWE-231,2023,-0.0,0,1
CWE-232,2023,0.00047291514925727773,32,1
CWE-233,2023,-0.0,0,0
CWE-235,2023,-0.0,0,0
CWE-236,2023,-0.0,0,0
CWE-237,2023,-0.0,0,0
CWE-239,2023,-0.0,0,0
CWE-240,2023,-0.0,0,0
CWE-241,2023,-0.0,0,0
CWE-242,2023,5.2775918705103124e-05,6,1
CWE-244,2023,-0.0,0,0
CWE-248,2023,5.261044245319633e-05,15,2
CWE-250,2023,9.012368095770503e-06,5,2
CWE-252,2023,0.005760003761347485,106,15
CWE-253,2023,-0.0,0,1
CWE-254,2023,-0.0,0,0
CWE-255,2023,-0.0,0,0
CWE-256,2023,0.00012271150125154874,16,7
CWE-257,2023,-0.0,0,0
CWE-258,2023,1.590677503353523e-07,1,1
CWE-259,2023,3.138695428183791e-05,7,5
CWE-260,2023,-0.0,0,1
CWE-261,2023,-0.0,0,1
CWE-262,2023,-0.0,0,0
CWE-263,2023,2.9017667568750364e-05,12,1
CWE-264,2023,-0.0,0,1
CWE-265,2023,-0.0,0,1
CWE-266,2023,3.566729084746777e-05,11,3
CWE-267,2023,0.003779827306733994,32,3
CWE-268,2023,1.2880817831079543e-05,6,2
CWE-269,2023,0.03682140469142244,126,188
CWE-270,2023,-0.0,0,0
CWE-271,2023,-0.0,0,0
CWE-272,2023,-0.0,0,2
CWE-273,2023,0.00015031922204068192,9,2
CWE-274,2023,-0.0,0,0
CWE-275,2023,2.0303494414706325e-05,11,4
CWE-276,2023,0.018886251372789695,118,127
CWE-277,2023,-0.0,0,1
CWE-278,2023,-0.0,0,0
CWE-279,2023,-0.0,0,0
CWE-280,2023,-0.0,0,2
CWE-281,2023,0.004516023778249693,101,29
CWE-282,2023,-0.0,0,0
CWE-283,2023,-0.0,0,0
CWE-284,2023,0.0083552996013574,89,89
CWE-285,2023,0.0005498424849358212,38,20
CWE-286,2023,-0.0,0,0
CWE-287,2023,0.20676600622155752,140,333
CWE-288,2023,2.075714218637373e-05,4,7
CWE-289,2023,-0.0,0,3
CWE-290,2023,0.0032063886108297836,69,34
CWE-291,2023,-0.0,0,0
CWE-292,2023,-0.0,0,0
CWE-294,2023,0.008895523860992165,106,28
CWE-295,2023,0.013976183813666762,121,112
CWE-296,2023,-0.0,0,0
CWE-297,2023,-0.0,0,0
CWE-298,2023,-0.0,0,0
CWE-299,2023,-0.0,0,0
CWE-300,2023,-0.0,0,0
CWE-302,2023,-0.0,0,0
CWE-303,2023,2.181945864333603e-06,3,1
CWE-304,2023,-0.0,0,0
CWE-305,2023,0.00011782869473271604,24,3
CWE-306,2023,0.012701051908325723,116,171
CWE-307,2023,0.0035876128087287207,100,86
CWE-308,2023,7.385287499404174e-05,13,2
CWE-309,2023,-0.0,0,0
CWE-310,2023,-0.0,0,0
CWE-311,2023,0.0037530588786732853,91,46
CWE-312,2023,0.017022262147658316,114,120
CWE-313,2023,1.771695998193198e-06,2,1
CWE-315,2023,-0.0,0,0
CWE-316,2023,6.006743460664168e-06,8,1
CWE-317,2023,-0.0,0,0
CWE-319,2023,0.006443883393959079,105,98
CWE-320,2023,-0.0,0,0
CWE-321,2023,0.0017206312767604178,15,8
CWE-322,2023,-0.0,0,0
CWE-323,2023,8.995036976258308e-06,5,1
CWE-324,2023,-0.0,0,0
CWE-325,2023,1.0363213773538712e-05,6,2
CWE-326,2023,0.0042616571753352,82,56
CWE-327,2023,0.0023900409552496914,78,56
CWE-328,2023,0.0016383168173876213,6,1
CWE-329,2023,-0.0,0,0
CWE-330,2023,0.002005013210473764,88,39
CWE-331,2023,0.0007394310278626807,29,10
CWE-332,2023,-0.0,0,0
CWE-333,2023,-0.0,0,0
CWE-334,2023,-0.0,0,0
CWE-335,2023,0.00027248144671451627,4,2
CWE-336,2023,-0.0,0,0
CWE-337,2023,-0.0,0,1
CWE-338,2023,0.0003243194619243066,29,13
CWE-339,2023,-0.0,0,0
CWE-340,2023,-0.0,0,0
CWE-341,2023,-0.0,0,0
CWE-342,2023,-0.0,0,0
CWE-343,2023,-0.0,0,0
CWE-344,2023,-0.0,0,0
CWE-345,2023,0.01934562008051243,113,66
CWE-346,2023,0.00428091522501806,98,31
CWE-347,2023,0.00862998742960701,111,54
CWE-348,2023,-0.0,0,0
CWE-349,2023,-0.0,0,1
CWE-350,2023,-0.0,0,0
CWE-351,2023,-0.0,0,0
CWE-352,2023,0.006420108447883214,111,1289
CWE-353,2023,0.00018969097695443666,11,1
CWE-354,2023,0.004311598104185883,102,22
CWE-356,2023,-0.0,0,0
CWE-357,2023,-0.0,0,0
CWE-358,2023,-0.0,0,0
CWE-359,2023,0.00015849712339524398,20,4
CWE-361,2023,-0.0,0,0
CWE-362,2023,0.03357780682045387,124,149
CWE-363,2023,-0.0,0,0
CWE-364,2023,-0.0,0,0
CWE-366,2023,3.212200783114835e-05,14,2
CWE-367,2023,0.15242634469730132,107,85
CWE-369,2023,0.012565193167164618,93,30
CWE-371,2023,-0.0,0,0
CWE-372,2023,0.0004729151492572776,32,1
CWE-377,2023,1.0518180031039564e-06,1,1
CWE-378,2023,1.6254942074663787e-05,3,1
CWE-379,2023,0.0011113494025512024,13,2
CWE-384,2023,0.000726925413409674,58,34
CWE-385,2023,-0.0,0,0
CWE-386,2023,-0.0,0,0
CWE-388,2023,-0.0,0,0
CWE-390,2023,-0.0,0,0
CWE-391,2023,-0.0,0,0
CWE-392,2023,-0.0,0,0
CWE-393,2023,-0.0,0,0
CWE-394,2023,-0.0,0,0
CWE-395,2023,-0.0,0,0
CWE-396,2023,-0.0,0,0
CWE-399,2023,-0.0,0,0
CWE-400,2023,0.1258265981455981,136,216
CWE-401,2023,0.09601560280064722,112,78
CWE-402,2023,0.00014591402795807504,22,1
CWE-403,2023,-0.0,0,0
CWE-404,2023,0.002578893266792873,94,60
CWE-405,2023,-0.0,0,0
CWE-406,2023,-0.0,0,0
CWE-407,2023,0.00023320981723206689,18,6
CWE-408,2023,-0.0,0,0
CWE-409,2023,-0.0,0,0
CWE-410,2023,-0.0,0,0
CWE-412,2023,-0.0,0,0
CWE-413,2023,-0.0,0,0
CWE-414,2023,-0.0,0,0
CWE-415,2023,0.19780706590687,112,51
CWE-416,2023,0.22157658903464825,120,529
CWE-417,2023,-0.0,0,0
CWE-419,2023,-0.0,0,0
CWE-420,2023,-0.0,0,0
CWE-421,2023,-0.0,0,0
CWE-422,2023,-0.0,0,0
CWE-424,2023,-0.0,0,0
CWE-425,2023,0.0017042761595034493,23,13
CWE-426,2023,0.004098336930714609,90,40
CWE-427,2023,0.0026223080922073453,72,134
CWE-428,2023,0.0012428211288170138,71,32
CWE-430,2023,-0.0,0,0
CWE-431,2023,-0.0,0,0
CWE-433,2023,-0.0,0,0
CWE-434,2023,0.005362637496781528,130,508
CWE-435,2023,-0.0,0,0
CWE-436,2023,0.002468489105315088,93,19
CWE-437,2023,-0.0,0,0
CWE-440,2023,-0.0,0,0
CWE-441,2023,-0.0,0,0
CWE-444,2023,0.003934621590622202,78,28
CWE-446,2023,-0.0,0,0
CWE-447,2023,-0.0,0,0
CWE-448,2023,-0.0,0,0
CWE-449,2023,-0.0,0,0
CWE-450,2023,-0.0,0,0
CWE-451,2023,-0.0,0,0
CWE-453,2023,-0.0,0,0
CWE-454,2023,-0.0,0,0
CWE-455,2023,-0.0,0,0
CWE-456,2023,-0.0,0,0
CWE-457,2023,0.0008573286055228511,34,4
CWE-459,2023,0.004415447766925341,96,15
CWE-460,2023,-0.0,0,0
CWE-462,2023,-0.0,0,0
CWE-463,2023,-0.0,0,0
CWE-465,2023,-0.0,0,0
CWE-466,2023,-0.0,0,0
CWE-467,2023,-0.0,0,0
CWE-468,2023,-0.0,0,0
CWE-469,2023,-0.0,0,0
CWE-470,2023,0.0018321072287170975,75,5
CWE-471,2023,-0.0,0,0
CWE-472,2023,-0.0,0,0
CWE-473,2023,-0.0,0,0
CWE-474,2023,-0.0,0,0
CWE-475,2023,-0.0,0,0
CWE-476,2023,0.21363085738412457,115,238
CWE-477,2023,-0.0,0,0
CWE-479,2023,-0.0,0,0
CWE-480,2023,-0.0,0,0
CWE-484,2023,-0.0,0,0
CWE-488,2023,-0.0,0,0
CWE-489,2023,-0.0,0,0
CWE-491,2023,-0.0,0,0
CWE-494,2023,0.0006720758743540991,24,20
CWE-495,2023,-0.0,0,0
CWE-497,2023,0.00015880191430139384,12,2
CWE-501,2023,-0.0,0,0
CWE-502,2023,0.006633453432390167,109,228
CWE-506,2023,-0.0,0,0
CWE-507,2023,-0.0,0,0
CWE-514,2023,-0.0,0,0
CWE-520,2023,-0.0,0,0
CWE-521,2023,0.0011697229156167434,67,29
CWE-522,2023,0.017765745639137527,88,122
CWE-523,2023,2.7741210298032048e-05,13,2
CWE-524,2023,-0.0,0,0
CWE-525,2023,-0.0,0,0
CWE-526,2023,9.986263624301624e-09,1,1
CWE-527,2023,-0.0,0,0
CWE-530,2023,-0.0,0,0
CWE-531,2023,-0.0,0,0
CWE-532,2023,0.011035042365534592,114,134
CWE-533,2023,-0.0,0,0
CWE-534,2023,-0.0,0,0
CWE-538,2023,1.3538271575093007e-05,2,1
CWE-539,2023,-0.0,0,1
CWE-540,2023,-0.0,0,0
CWE-544,2023,2.6826965224868494e-05,5,1
CWE-547,2023,-0.0,0,1
CWE-548,2023,-0.0,0,0
CWE-549,2023,-0.0,0,0
CWE-550,2023,6.006743460664171e-06,8,1
CWE-551,2023,-0.0,0,0
CWE-552,2023,0.004689143441383724,99,56
CWE-553,2023,-0.0,0,0
CWE-555,2023,-0.0,0,0
CWE-556,2023,-0.0,0,0
CWE-557,2023,-0.0,0,0
CWE-561,2023,-0.0,0,0
CWE-562,2023,-0.0,0,0
CWE-563,2023,-0.0,0,0
CWE-564,2023,-0.0,0,0
CWE-565,2023,0.0001248296571801833,15,6
CWE-566,2023,-0.0,0,0
CWE-567,2023,0.0016383168173876213,6,1
CWE-570,2023,-0.0,0,0
CWE-571,2023,-0.0,0,0
CWE-573,2023,-0.0,0,0
CWE-590,2023,0.00014233115394172603,4,1
CWE-591,2023,-0.0,0,0
CWE-592,2023,-0.0,0,0
CWE-597,2023,-0.0,0,0
CWE-598,2023,-0.0,0,0
CWE-599,2023,-0.0,0,0
CWE-600,2023,-0.0,0,0
CWE-601,2023,0.008759013192582998,127,181
CWE-602,2023,-0.0,0,0
CWE-603,2023,-0.0,0,0
CWE-605,2023,-0.0,0,0
CWE-606,2023,-0.0,0,0
CWE-610,2023,0.005520601807629406,104,29
CWE-611,2023,0.00339146464684778,105,129
CWE-612,2023,7.421847721589528e-06,3,1
CWE-613,2023,0.006331155159621387,97,64
CWE-614,2023,6.78000227503873e-05,20,3
CWE-615,2023,-0.0,0,0
CWE-616,2023,-0.0,0,0
CWE-617,2023,0.17168673928149106,104,68
CWE-618,2023,-0.0,0,0
CWE-620,2023,3.570785308618603e-05,7,2
CWE-622,2023,-0.0,0,0
CWE-623,2023,-0.0,0,0
CWE-624,2023,-0.0,0,0
CWE-625,2023,-0.0,0,0
CWE-626,2023,-0.0,0,0
CWE-627,2023,-0.0,0,0
CWE-628,2023,-0.0,0,0
CWE-636,2023,0.00031922559659878526,2,1
CWE-639,2023,0.004335454945616047,113,129
CWE-640,2023,0.001003185447796616,31,26
CWE-641,2023,6.524826128433286e-06,2,1
CWE-642,2023,-0.0,0,0
CWE-643,2023,-0.0,0,0
CWE-644,2023,-0.0,0,1
CWE-645,2023,-0.0,0,1
CWE-646,2023,-0.0,0,0
CWE-647,2023,-0.0,0,0
CWE-648,2023,2.0353771040472847e-06,1,2
CWE-649,2023,-0.0,0,0
CWE-650,2023,-0.0,0,0
CWE-653,2023,-0.0,0,0
CWE-655,2023,-0.0,0,0
CWE-656,2023,-0.0,0,0
CWE-657,2023,-0.0,0,0
CWE-662,2023,0.001541930651890426,64,12
CWE-664,2023,8.44924822798298e-05,10,1
CWE-665,2023,0.07352828143931829,99,37
CWE-666,2023,-0.0,0,0
CWE-667,2023,0.008344486369355319,106,30
CWE-668,2023,0.16155036224201066,128,179
CWE-669,2023,0.0012291253122780428,39,5
CWE-670,2023,0.00381455460213552,89,18
CWE-671,2023,-0.0,0,0
CWE-672,2023,0.000550478278784992,30,3
CWE-673,2023,-0.0,0,0
CWE-674,2023,0.003009777493069964,80,22
CWE-675,2023,-0.0,0,0
CWE-676,2023,-0.0,0,0
CWE-680,2023,-0.0,0,0
CWE-681,2023,0.002259947314906288,47,5
CWE-682,2023,0.00698869108637378,84,10
CWE-683,2023,-0.0,0,0
CWE-684,2023,-0.0,0,0
CWE-686,2023,-0.0,0,0
CWE-688,2023,-0.0,0,0
CWE-689,2023,-0.0,0,0
CWE-690,2023,-0.0,0,0
CWE-691,2023,-0.0,0,1
CWE-692,2023,-0.0,0,0
CWE-693,2023,4.472194152625633e-05,10,3
CWE-694,2023,-0.0,0,0
CWE-696,2023,-0.0,0,0
CWE-697,2023,0.018708438396334754,94,39
CWE-698,2023,-0.0,0,0
CWE-701,2023,-0.0,0,0
CWE-703,2023,0.0008937579851071565,36,4
CWE-704,2023,0.18550491605765312,44,10
CWE-705,2023,-0.0,0,0
CWE-706,2023,0.001483731117475549,87,5
CWE-707,2023,-0.0,0,0
CWE-708,2023,-0.0,0,0
CWE-710,2023,-0.0,0,0
CWE-732,2023,0.02166972970221593,121,148
CWE-733,2023,-0.0,0,0
CWE-749,2023,0.0002553235540087753,21,8
CWE-754,2023,0.00880064312733861,112,54
CWE-755,2023,0.01276206026163543,123,70
CWE-757,2023,-0.0,0,0
CWE-758,2023,5.464259904745488e-05,2,1
CWE-759,2023,-0.0,0,1
CWE-760,2023,1.5463908842544877e-05,3,1
CWE-761,2023,-0.0,0,0
CWE-762,2023,-0.0,0,0
CWE-763,2023,0.03949803822192922,44,10
CWE-767,2023,-0.0,0,0
CWE-768,2023,-0.0,0,0
CWE-769,2023,-0.0,0,0
CWE-770,2023,0.02052294390670816,125,140
CWE-771,2023,-0.0,0,0
CWE-772,2023,0.0037448272454795495,54,5
CWE-774,2023,-0.0,0,0
CWE-775,2023,-0.0,0,0
CWE-776,2023,0.00043735232691175104,12,5
CWE-777,2023,-0.0,0,0
CWE-778,2023,-0.0,0,0
CWE-779,2023,-0.0,0,0
CWE-780,2023,-0.0,0,0
CWE-782,2023,-0.0,0,0
CWE-783,2023,-0.0,0,0
CWE-784,2023,-0.0,0,0
CWE-786,2023,-0.0,0,0
CWE-787,2023,0.3730763678814361,145,1907
CWE-788,2023,3.035671814756725e-06,2,1
CWE-789,2023,0.00013292133356579335,8,1
CWE-790,2023,-0.0,0,0
CWE-791,2023,-0.0,0,0
CWE-792,2023,-0.0,0,0
CWE-794,2023,-0.0,0,0
CWE-798,2023,0.10030188613404156,90,172
CWE-799,2023,5.164208469449197e-06,1,1
CWE-804,2023,-0.0,0,0
CWE-805,2023,-0.0,0,0
CWE-807,2023,-0.0,0,0
CWE-820,2023,-0.0,0,0
CWE-821,2023,-0.0,0,0
CWE-822,2023,-0.0,0,0
CWE-823,2023,-0.0,0,0
CWE-824,2023,0.04223047099852487,94,44
CWE-825,2023,9.442531003646484e-05,3,1
CWE-826,2023,-0.0,0,0
CWE-828,2023,-0.0,0,0
CWE-829,2023,0.0006553129666314208,43,18
CWE-830,2023,3.947895752163795e-05,4,1
CWE-832,2023,-0.0,0,0
CWE-833,2023,-0.0,0,0
CWE-834,2023,0.004552043935623165,85,10
CWE-835,2023,0.025801010692547068,115,58
CWE-836,2023,-0.0,0,1
CWE-837,2023,7.062247581481939e-06,5,1
CWE-838,2023,-0.0,0,0
CWE-839,2023,4.287961210172889e-06,1,1
CWE-840,2023,0.00012812026281353302,32,4
CWE-841,2023,3.0940819430688934e-06,1,2
CWE-842,2023,-0.0,0,0
CWE-843,2023,0.05495381826127666,107,80
CWE-862,2023,0.012836421507526254,122,786
CWE-863,2023,0.14473278728974895,136,293
CWE-882,2023,-0.0,0,0
CWE-908,2023,0.009795610623997397,78,24
CWE-909,2023,-0.0,0,0
CWE-910,2023,-0.0,0,0
CWE-911,2023,4.091076815613977e-06,1,1
CWE-912,2023,2.1804172726732666e-05,10,3
CWE-913,2023,0.0012818436230137074,71,11
CWE-914,2023,-0.0,0,0
CWE-915,2023,1.659157485106301e-05,2,1
CWE-916,2023,0.00046654003073188225,26,12
CWE-917,2023,6.088736146572422e-06,2,9
CWE-918,2023,0.009580187999411247,124,220
CWE-920,2023,-0.0,0,0
CWE-921,2023,-0.0,0,0
CWE-922,2023,0.001226881258804871,30,21
CWE-923,2023,-0.0,0,0
CWE-924,2023,0.000352399433787794,33,7
CWE-925,2023,-0.0,0,0
CWE-926,2023,-0.0,0,0
CWE-927,2023,-0.0,0,0
CWE-939,2023,-0.0,0,0
CWE-940,2023,8.722857276559327e-05,6,1
CWE-941,2023,-0.0,0,0
CWE-942,2023,0.000621471901221641,10,3
CWE-943,2023,-0.0,0,0
CWE-1004,2023,-0.0,0,0
CWE-1007,2023,-0.0,0,0
CWE-1018,2023,7.062247581481939e-06,5,1
CWE-1021,2023,0.004260063878388024,97,33
CWE-1022,2023,-0.0,0,0
CWE-1023,2023,-0.0,0,0
CWE-1025,2023,-0.0,0,0
CWE-1026,2023,-0.0,0,0
CWE-1027,2023,-0.0,0,0
CWE-1032,2023,-0.0,0,0
CWE-1035,2023,-0.0,0,0
CWE-1037,2023,-0.0,0,0
CWE-1038,2023,-0.0,0,0
CWE-1039,2023,-0.0,0,0
CWE-1046,2023,-0.0,0,0
CWE-1049,2023,-0.0,0,1
CWE-1050,2023,-0.0,0,0
CWE-1059,2023,-0.0,0,0
CWE-1068,2023,-0.0,0,0
CWE-1072,2023,-0.0,0,0
CWE-1076,2023,-0.0,0,0
CWE-1077,2023,0.0003527986616066516,15,1
CWE-1088,2023,-0.0,0,0
CWE-1100,2023,-0.0,0,0
CWE-1102,2023,-0.0,0,0
CWE-1103,2023,7.717428082429448e-06,6,1
CWE-1104,2023,-0.0,0,0
CWE-1106,2023,-0.0,0,0
CWE-1108,2023,-0.0,0,0
CWE-1112,2023,-0.0,0,0
CWE-1116,2023,-0.0,0,0
CWE-1119,2023,-0.0,0,0
CWE-1124,2023,-0.0,0,0
CWE-1125,2023,-0.0,0,0
CWE-1149,2023,-0.0,0,0
CWE-1164,2023,-0.0,0,0
CWE-1173,2023,-0.0,0,0
CWE-1174,2023,-0.0,0,0
CWE-1176,2023,-0.0,0,0
CWE-1187,2023,-0.0,0,0
CWE-1188,2023,0.00459473371183019,100,15
CWE-1189,2023,-0.0,0,0
CWE-1191,2023,-0.0,0,0
CWE-1204,2023,-0.0,0,0
CWE-1220,2023,1.5147704079810217e-05,10,2
CWE-1223,2023,-0.0,0,0
CWE-1230,2023,2.901766756875037e-05,12,1
CWE-1231,2023,-0.0,0,0
CWE-1233,2023,-0.0,0,0
CWE-1234,2023,-0.0,0,0
CWE-1236,2023,0.000723936819213113,49,55
CWE-1240,2023,-0.0,0,0
CWE-1241,2023,-0.0,0,1
CWE-1242,2023,-0.0,0,0
CWE-1244,2023,-0.0,0,0
CWE-1245,2023,-0.0,0,0
CWE-1246,2023,-0.0,0,0
CWE-1247,2023,-0.0,0,0
CWE-1250,2023,-0.0,0,0
CWE-1251,2023,-0.0,0,0
CWE-1254,2023,-0.0,0,0
CWE-1255,2023,-0.0,0,0
CWE-1256,2023,-0.0,0,0
CWE-1257,2023,-0.0,0,0
CWE-1258,2023,-0.0,0,0
CWE-1259,2023,-0.0,0,0
CWE-1260,2023,-0.0,0,0
CWE-1262,2023,-0.0,0,0
CWE-1263,2023,-0.0,0,3
CWE-1264,2023,-0.0,0,0
CWE-1268,2023,-0.0,0,0
CWE-1270,2023,-0.0,0,1
CWE-1274,2023,-0.0,1,2
CWE-1275,2023,-0.0,0,0
CWE-1276,2023,-0.0,0,0
CWE-1277,2023,-0.0,0,0
CWE-1278,2023,-0.0,0,0
CWE-1280,2023,-0.0,0,0
CWE-1281,2023,-0.0,0,0
CWE-1282,2023,-0.0,1,1
CWE-1283,2023,-0.0,0,0
CWE-1284,2023,0.004568883326924749,100,19
CWE-1285,2023,0.0004729151492572777,32,1
CWE-1286,2023,0.0004729151492572777,32,1
CWE-1287,2023,-0.0,0,0
CWE-1288,2023,6.5316873495859065e-06,1,2
CWE-1289,2023,-0.0,0,0
CWE-1294,2023,-0.0,0,0
CWE-1295,2023,-0.0,0,0
CWE-1298,2023,-0.0,0,0
CWE-1299,2023,-0.0,0,0
CWE-1300,2023,-0.0,0,0
CWE-1301,2023,-0.0,0,0
CWE-1303,2023,-0.0,0,0
CWE-1304,2023,-0.0,0,0
CWE-1310,2023,-0.0,0,0
CWE-1312,2023,-0.0,0,0
CWE-1313,2023,-0.0,0,0
CWE-1314,2023,-0.0,0,0
CWE-1316,2023,-0.0,0,0
CWE-1319,2023,-0.0,0,0
CWE-1320,2023,3.949367368945482e-06,3,3
CWE-1321,2023,8.664414782380282e-05,13,35
CWE-1322,2023,-0.0,0,0
CWE-1323,2023,-0.0,0,0
CWE-1325,2023,-0.0,0,0
CWE-1326,2023,-0.0,0,0
CWE-1327,2023,-0.0,0,0
CWE-1328,2023,-0.0,0,0
CWE-1329,2023,-0.0,0,0
CWE-1330,2023,-0.0,0,0
CWE-1332,2023,-0.0,0,0
CWE-1333,2023,0.002096232247048179,98,83
CWE-1334,2023,-0.0,0,0
CWE-1335,2023,-0.0,0,0
CWE-1336,2023,2.485943873120723e-05,9,2
CWE-1342,2023,-0.0,0,0
CWE-1357,2023,-0.0,0,0
CWE-1366,2023,-0.0,0,0
CWE-1384,2023,-0.0,0,0
CWE-1385,2023,-0.0,0,0
CWE-1386,2023,2.816983836891549e-06,1,2
CWE-1389,2023,-0.0,0,0
CWE-1390,2023,-0.0,0,0
CWE-1391,2023,5.306696209019106e-05,5,1
CWE-1392,2023,2.5332080333866594e-05,4,2
CWE-1393,2023,-0.0,0,1
CWE-1394,2023,-0.0,0,0
CWE-1,2024,-0.0,0,0
CWE-5,2024,-0.0,0,0
CWE-14,2024,-0.0,0,0
CWE-15,2024,0.00014469887723254156,14,4
CWE-16,2024,-6.938893903907228e-17,0,0
CWE-17,2024,-1.1102230246251565e-16,0,0
CWE-18,2024,-4.440892098500626e-16,0,0
CWE-19,2024,5.551115123125783e-17,0,0
CWE-20,2024,0.19826286994671405,147,233
CWE-21,2024,-1.3010426069826053e-18,0,0
CWE-22,2024,0.06167437769324609,212,1028
CWE-23,2024,0.001107459842119515,90,26
CWE-24,2024,0.00013014808688516198,14,10
CWE-25,2024,6.617444900424222e-24,0,2
CWE-26,2024,3.267098366020442e-05,6,5
CWE-27,2024,0.0002125084586324814,13,4
CWE-28,2024,-3.2311742677852644e-27,0,0
CWE-29,2024,0.000524028070984799,43,16
CWE-31,2024,0.0012784694921399843,82,6
CWE-32,2024,1.9721522630525295e-31,0,1
CWE-35,2024,0.00023763727941859337,22,31
CWE-36,2024,9.253228892422442e-05,14,13
CWE-37,2024,-0.0,0,0
CWE-38,2024,-0.0,0,0
CWE-40,2024,-0.0,0,0
CWE-41,2024,-0.0,0,1
CWE-42,2024,-0.0,0,0
CWE-43,2024,-0.0,0,0
CWE-46,2024,-0.0,0,0
CWE-50,2024,-0.0,0,0
CWE-55,2024,-0.0,0,0
CWE-57,2024,-0.0,0,1
CWE-59,2024,0.05592972522256524,152,116
CWE-61,2024,0.000251191142368446,11,11
CWE-64,2024,-0.0,0,0
CWE-65,2024,-0.0,0,0
CWE-66,2024,5.838330758138239e-05,3,1
CWE-67,2024,4.008841216863473e-05,3,2
CWE-69,2024,3.453210500197903e-05,5,1
CWE-73,2024,0.00032688073243186753,26,23
CWE-74,2024,0.01002616688688396,148,137
CWE-75,2024,0.00012295937786756302,13,8
CWE-76,2024,5.643826587095761e-05,15,3
CWE-77,2024,0.022773534911714154,185,445
CWE-78,2024,0.02612178629706217,193,738
CWE-79,2024,0.06910295871980114,252,7305
CWE-80,2024,0.0026280799020694597,124,52
CWE-81,2024,-0.0,0,0
CWE-82,2024,-0.0,0,1
CWE-83,2024,0.0007067476981025987,56,1
CWE-84,2024,-0.0,0,0
CWE-85,2024,-0.0,0,0
CWE-86,2024,0.00018261624608983387,4,2
CWE-87,2024,-0.0,0,2
CWE-88,2024,0.002992330173044621,124,32
CWE-89,2024,0.013869521178786441,174,2631
CWE-90,2024,1.9231085767845614e-05,5,1
CWE-91,2024,0.0004373396685640701,21,9
CWE-92,2024,9.816887330142889e-05,2,11
CWE-93,2024,0.0008456211760747671,29,8
CWE-94,2024,0.013546143134546254,189,568
CWE-95,2024,-0.0,0,5
CWE-96,2024,0.001129760966742792,83,1
CWE-97,2024,1.4822384200553561e-05,2,3
CWE-98,2024,0.000120469854345204,19,63
CWE-99,2024,-0.0,0,0
CWE-112,2024,-0.0,0,0
CWE-113,2024,0.0030104343920607573,114,2
CWE-114,2024,0.0019160638789842567,104,2
CWE-115,2024,-0.0,0,2
CWE-116,2024,0.039967105915290915,122,41
CWE-117,2024,0.0003718228268123709,32,10
CWE-118,2024,-0.0,0,0
CWE-119,2024,0.2613518351836543,169,144
CWE-120,2024,0.304005624146211,193,584
CWE-121,2024,0.02262713141131717,163,317
CWE-122,2024,0.012084485074100424,120,116
CWE-123,2024,0.002421399789211237,97,3
CWE-124,2024,-0.0,0,0
CWE-125,2024,0.3491772774717496,193,1098
CWE-126,2024,0.1569267325068914,42,11
CWE-127,2024,-0.0,0,0
CWE-128,2024,-0.0,0,0
CWE-129,2024,0.16158503024866153,134,128
CWE-130,2024,2.7832752637802336e-05,7,7
CWE-131,2024,0.005075475481165507,140,21
CWE-134,2024,0.006879207660990033,135,24
CWE-138,2024,0.00017689058396286913,7,2
CWE-140,2024,-0.0,0,0
CWE-141,2024,-0.0,0,1
CWE-142,2024,-0.0,0,0
CWE-143,2024,-0.0,0,0
CWE-144,2024,-0.0,0,0
CWE-145,2024,-0.0,0,0
CWE-146,2024,0.00012740786064199347,16,1
CWE-147,2024,-0.0,0,1
CWE-148,2024,-0.0,0,0
CWE-149,2024,-0.0,0,0
CWE-150,2024,0.0010356560938886749,75,6
CWE-153,2024,-0.0,0,0
CWE-155,2024,1.0209595561406903e-05,11,4
CWE-156,2024,-0.0,0,0
CWE-158,2024,0.00011686512852627029,6,1
CWE-159,2024,-0.0,0,0
CWE-162,2024,-0.0,0,0
CWE-164,2024,-0.0,0,0
CWE-166,2024,-0.0,0,0
CWE-167,2024,-0.0,0,0
CWE-168,2024,-0.0,0,0
CWE-170,2024,-0.0,0,2
CWE-172,2024,-0.0,0,0
CWE-173,2024,-0.0,0,0
CWE-174,2024,-0.0,0,0
CWE-176,2024,0.0007829942975405434,46,3
CWE-177,2024,0.0008212193481194717,26,1
CWE-178,2024,0.0007697757720298015,57,5
CWE-179,2024,-0.0,0,0
CWE-180,2024,-0.0,0,0
CWE-183,2024,0.001571076996552634,31,1
CWE-184,2024,0.0002936383334040564,19,5
CWE-185,2024,5.704291628331685e-05,6,1
CWE-186,2024,-0.0,0,0
CWE-187,2024,-0.0,0,1
CWE-188,2024,-0.0,0,0
CWE-189,2024,-0.0,0,0
CWE-190,2024,0.23175931065430036,164,224
CWE-191,2024,0.061221779505257326,138,53
CWE-192,2024,-0.0,0,0
CWE-193,2024,0.004923592759893613,131,27
CWE-194,2024,-0.0,0,0
CWE-195,2024,0.00014737329702690853,5,1
CWE-196,2024,-0.0,0,0
CWE-197,2024,0.0002055674023645817,5,1
CWE-198,2024,-0.0,0,0
CWE-199,2024,-0.0,0,0
CWE-200,2024,0.009691495724899496,187,332
CWE-201,2024,0.0005302908237300196,24,17
CWE-202,2024,1.5957019082662682e-05,5,5
CWE-203,2024,0.015359461031614932,174,112
CWE-204,2024,9.823401814288922e-05,12,10
CWE-207,2024,-0.0,0,0
CWE-208,2024,0.00012226990187114793,20,11
CWE-209,2024,0.005288397266620387,161,68
CWE-212,2024,0.0022872225031346917,89,8
CWE-213,2024,0.00012544202237099898,28,3
CWE-214,2024,0.00013145352062303775,15,1
CWE-215,2024,-0.0,0,2
CWE-216,2024,-0.0,0,0
CWE-219,2024,4.642248137355574e-05,10,3
CWE-221,2024,-0.0,0,0
CWE-223,2024,-0.0,0,0
CWE-226,2024,-0.0,0,2
CWE-227,2024,-0.0,0,0
CWE-228,2024,6.234618435041066e-06,3,3
CWE-229,2024,0.0006588871202752288,25,4
CWE-230,2024,8.831162237952633e-06,4,1
CWE-231,2024,0.0003875839580307755,24,2
CWE-232,2024,-0.0,0,0
CWE-233,2024,0.0004704553308479794,27,4
CWE-235,2024,-0.0,0,0
CWE-236,2024,-0.0,0,0
CWE-237,2024,-0.0,0,1
CWE-239,2024,-0.0,0,1
CWE-240,2024,-0.0,0,0
CWE-241,2024,-0.0,0,3
CWE-242,2024,3.924062885270704e-06,9,1
CWE-244,2024,-0.0,0,0
CWE-248,2024,0.002598277238995743,91,15
CWE-250,2024,0.0034156450145732416,41,34
CWE-252,2024,0.004988058154226747,135,22
CWE-253,2024,0.00027909659303966387,12,1
CWE-254,2024,-0.0,0,0
CWE-255,2024,-0.0,0,0
CWE-256,2024,0.0003523954539872199,33,30
CWE-257,2024,0.0001719214394494333,26,8
CWE-258,2024,-0.0,0,2
CWE-259,2024,0.0037503068033444957,43,33
CWE-260,2024,-0.0,0,0
CWE-261,2024,1.8034839669414216e-05,2,5
CWE-262,2024,-0.0,0,0
CWE-263,2024,-0.0,0,0
CWE-264,2024,4.5391739922917885e-05,7,3
CWE-265,2024,-0.0,0,1
CWE-266,2024,0.003639239325797637,93,66
CWE-267,2024,-0.0,0,1
CWE-268,2024,-0.0,0,1
CWE-269,2024,0.01340628576455441,162,206
CWE-270,2024,0.0001483232075555461,31,5
CWE-271,2024,-0.0,0,1
CWE-272,2024,-0.0,0,2
CWE-273,2024,0.0017400192859785538,90,7
CWE-274,2024,0.0003145238796408113,22,4
CWE-275,2024,-0.0,0,0
CWE-276,2024,0.01597435777547035,182,227
CWE-277,2024,0.0009023316906871594,59,11
CWE-278,2024,-0.0,0,2
CWE-279,2024,1.633432684271833e-05,2,3
CWE-280,2024,0.0021614092304460247,66,21
CWE-281,2024,0.006159662944712791,139,56
CWE-282,2024,3.693926372781765e-05,4,3
CWE-283,2024,-0.0,0,2
CWE-284,2024,0.012660679978863299,190,239
CWE-285,2024,0.002940504527841527,70,48
CWE-286,2024,5.034939059920333e-05,6,3
CWE-287,2024,0.1539432965508789,170,235
CWE-288,2024,0.0003515274462769258,40,64
CWE-289,2024,-0.0,0,1
CWE-290,2024,0.0147329543040196,158,110
CWE-291,2024,0.0008795724949949406,32,2
CWE-292,2024,0.0009927529922179913,80,1
CWE-294,2024,0.0003242473558957302,40,27
CWE-295,2024,0.01618633277982407,150,114
CWE-296,2024,-0.0,0,0
CWE-297,2024,0.0014476649617348248,47,4
CWE-298,2024,-0.0,0,0
CWE-299,2024,-0.0,0,0
CWE-300,2024,0.000136817083882824,18,3
CWE-302,2024,3.14680428690106e-06,1,6
CWE-303,2024,0.000194563407725722,21,7
CWE-304,2024,-0.0,0,2
CWE-305,2024,0.002190870767019125,6,12
CWE-306,2024,0.050486499218184724,135,240
CWE-307,2024,0.003353065222743645,93,77
CWE-308,2024,-0.0,0,1
CWE-309,2024,-0.0,0,0
CWE-310,2024,-0.0,0,0
CWE-311,2024,0.06835926765832535,65,24
CWE-312,2024,0.0024704061867238457,126,96
CWE-313,2024,0.0004281166192987723,25,2
CWE-315,2024,1.4759666136865416e-05,1,1
CWE-316,2024,5.656796017399918e-05,10,6
CWE-317,2024,4.539173992291788e-05,7,2
CWE-319,2024,0.00343977575693662,97,84
CWE-320,2024,-0.0,0,0
CWE-321,2024,0.00022399775879437057,31,28
CWE-322,2024,3.954164955285555e-05,13,2
CWE-323,2024,-0.0,0,5
CWE-324,2024,0.0018357602130192753,111,3
CWE-325,2024,0.00017326979416155904,5,1
CWE-326,2024,0.005784232547972867,61,45
CWE-327,2024,0.007039388196251584,122,70
CWE-328,2024,8.106388204266279e-05,9,5
CWE-329,2024,-0.0,0,0
CWE-330,2024,0.015897012480271002,48,21
CWE-331,2024,0.002002878557085914,66,14
CWE-332,2024,-0.0,0,0
CWE-333,2024,-0.0,0,0
CWE-334,2024,-0.0,0,2
CWE-335,2024,0.001021464254492906,75,6
CWE-336,2024,-0.0,0,0
CWE-337,2024,-0.0,0,0
CWE-338,2024,0.002089304458505155,111,18
CWE-339,2024,-0.0,0,0
CWE-340,2024,0.00022374179630831693,1,2
CWE-341,2024,-0.0,0,0
CWE-342,2024,-0.0,0,0
CWE-343,2024,-0.0,0,0
CWE-344,2024,-0.0,0,0
CWE-345,2024,0.006030375172300341,129,51
CWE-346,2024,0.010714585494312354,153,52
CWE-347,2024,0.01526049202919292,146,74
CWE-348,2024,8.457163432202401e-05,7,4
CWE-349,2024,0.0014883723969519069,83,4
CWE-350,2024,-0.0,0,2
CWE-351,2024,0.0023706983170978576,105,2
CWE-352,2024,0.015333963473238755,182,1382
CWE-353,2024,-0.0,0,1
CWE-354,2024,0.002395452422547575,87,22
CWE-356,2024,0.003195401230453183,118,2
CWE-357,2024,-0.0,0,0
CWE-358,2024,-0.0,0,4
CWE-359,2024,0.0001529476206866866,28,13
CWE-361,2024,-0.0,0,0
CWE-362,2024,0.09952234162482343,179,262
CWE-363,2024,-0.0,0,0
CWE-364,2024,-0.0,0,1
CWE-366,2024,-0.0,0,0
CWE-367,2024,0.16714820679825995,167,78
CWE-369,2024,0.0033242239972020664,110,51
CWE-371,2024,-0.0,0,0
CWE-372,2024,-0.0,0,1
CWE-377,2024,-0.0,0,5
CWE-378,2024,-0.0,0,4
CWE-379,2024,-0.0,0,1
CWE-384,2024,0.0024660337611801127,65,38
CWE-385,2024,0.00020850057320632897,19,6
CWE-386,2024,0.0013560564692016153,57,1
CWE-388,2024,-0.0,0,0
CWE-390,2024,0.0005483353948011963,25,3
CWE-391,2024,0.00014510906798833668,8,1
CWE-392,2024,-0.0,0,0
CWE-393,2024,-0.0,0,0
CWE-394,2024,-0.0,0,0
CWE-395,2024,7.16506170817873e-05,6,8
CWE-396,2024,-0.0,0,0
CWE-399,2024,-0.0,0,0
CWE-400,2024,0.028941993152191613,196,191
CWE-401,2024,0.13599798044524697,163,396
CWE-402,2024,3.924062885270704e-06,9,1
CWE-403,2024,-0.0,0,0
CWE-404,2024,0.002116299215957723,87,63
CWE-405,2024,-0.0,0,4
CWE-406,2024,5.6431874452678754e-05,5,4
CWE-407,2024,0.0001235799628226571,26,6
CWE-408,2024,-0.0,0,0
CWE-409,2024,0.0009432339778772609,81,4
CWE-410,2024,-0.0,0,1
CWE-412,2024,-0.0,0,0
CWE-413,2024,-0.0,0,0
CWE-414,2024,-0.0,0,1
CWE-415,2024,0.20388585536466564,166,108
CWE-416,2024,0.3007521624676127,183,1110
CWE-417,2024,-0.0,0,0
CWE-419,2024,-0.0,0,3
CWE-420,2024,-0.0,0,1
CWE-421,2024,-0.0,0,1
CWE-422,2024,-0.0,0,0
CWE-424,2024,-0.0,0,1
CWE-425,2024,0.001727494196328303,30,16
CWE-426,2024,0.004513441563823256,53,41
CWE-427,2024,0.002586910605834654,70,166
CWE-428,2024,0.0001584487228852471,16,23
CWE-430,2024,-0.0,0,0
CWE-431,2024,0.0007067476981025987,56,1
CWE-433,2024,-0.0,0,0
CWE-434,2024,0.00997925952432627,109,712
CWE-435,2024,-0.0,0,0
CWE-436,2024,0.003661458511763206,113,16
CWE-437,2024,-0.0,0,0
CWE-440,2024,-0.0,0,3
CWE-441,2024,1.733071663645017e-06,2,1
CWE-444,2024,0.0017853217609470615,92,36
CWE-446,2024,-0.0,0,0
CWE-447,2024,0.0005835133199820895,33,1
CWE-448,2024,-0.0,0,0
CWE-449,2024,-0.0,0,0
CWE-450,2024,0.0006000988518939658,13,1
CWE-451,2024,9.849254959533569e-05,17,9
CWE-453,2024,6.7167114671252615e-06,2,1
CWE-454,2024,-0.0,0,0
CWE-455,2024,-0.0,0,0
CWE-456,2024,0.00024019854036948015,4,1
CWE-457,2024,0.002612176948560808,38,9
CWE-459,2024,0.008125429912964282,164,38
CWE-460,2024,0.00026935589543226245,16,2
CWE-462,2024,-0.0,0,0
CWE-463,2024,0.00020582931314186908,6,2
CWE-465,2024,-0.0,0,1
CWE-466,2024,0.0021710136184590035,80,1
CWE-467,2024,-0.0,0,0
CWE-468,2024,-0.0,0,2
CWE-469,2024,-0.0,0,0
CWE-470,2024,0.0006770868380654873,24,11
CWE-471,2024,-0.0,0,0
CWE-472,2024,0.0018347723146093834,104,5
CWE-473,2024,-0.0,0,1
CWE-474,2024,-0.0,0,0
CWE-475,2024,0.000865503037428353,47,2
CWE-476,2024,0.26301503166448353,198,1109
CWE-477,2024,-0.0,0,0
CWE-479,2024,-0.0,0,0
CWE-480,2024,-0.0,0,0
CWE-484,2024,-0.0,0,0
CWE-488,2024,1.8888469251963491e-06,3,5
CWE-489,2024,0.0034537557099406026,24,11
CWE-491,2024,-0.0,0,1
CWE-494,2024,0.0017061209914103878,84,15
CWE-495,2024,-0.0,0,0
CWE-497,2024,0.00018616370997138532,33,28
CWE-501,2024,-0.0,0,1
CWE-502,2024,0.005486662433697481,130,404
CWE-506,2024,-0.0,0,1
CWE-507,2024,-0.0,0,0
CWE-514,2024,-0.0,0,0
CWE-520,2024,-0.0,0,0
CWE-521,2024,0.0014623530118985288,59,29
CWE-522,2024,0.0051839796318691915,130,121
CWE-523,2024,2.6073758320176004e-05,5,3
CWE-524,2024,5.351378707900318e-05,14,4
CWE-525,2024,2.9745639939439548e-05,6,3
CWE-526,2024,-0.0,0,2
CWE-527,2024,8.66626505728797e-05,5,1
CWE-530,2024,-0.0,0,4
CWE-531,2024,-0.0,0,0
CWE-532,2024,0.008236261138736453,127,181
CWE-533,2024,-0.0,0,0
CWE-534,2024,-0.0,0,0
CWE-538,2024,1.776480465603665e-05,4,6
CWE-539,2024,-0.0,0,0
CWE-540,2024,-0.0,0,1
CWE-544,2024,0.0008583108428219981,66,2
CWE-547,2024,0.0018488868715547553,103,3
CWE-548,2024,6.752995411455098e-05,9,2
CWE-549,2024,1.5035393781871733e-06,1,1
CWE-550,2024,-0.0,0,0
CWE-551,2024,-0.0,0,0
CWE-552,2024,0.0041478510750667654,78,53
CWE-553,2024,-0.0,0,0
CWE-555,2024,-0.0,0,0
CWE-556,2024,0.00037901814284595686,14,1
CWE-557,2024,-0.0,0,0
CWE-561,2024,0.0009822557073037583,4,2
CWE-562,2024,-0.0,0,1
CWE-563,2024,-0.0,0,1
CWE-564,2024,-0.0,0,0
CWE-565,2024,0.002414759321099754,108,8
CWE-566,2024,-0.0,0,0
CWE-567,2024,-0.0,0,0
CWE-570,2024,0.0009822557073037583,4,1
CWE-571,2024,-0.0,0,0
CWE-573,2024,-0.0,0,0
CWE-590,2024,-0.0,0,0
CWE-591,2024,-0.0,0,1
CWE-592,2024,1.7722050177570768e-05,2,1
CWE-597,2024,-0.0,0,0
CWE-598,2024,-0.0,0,1
CWE-599,2024,-0.0,0,3
CWE-600,2024,-0.0,0,1
CWE-601,2024,0.00389959286088085,125,167
CWE-602,2024,1.7342502378881087e-05,6,5
CWE-603,2024,-0.0,0,1
CWE-605,2024,-0.0,0,1
CWE-606,2024,5.216213608784393e-05,2,3
CWE-610,2024,0.008297165941609855,73,24
CWE-611,2024,0.005637257567726875,93,111
CWE-612,2024,-0.0,0,0
CWE-613,2024,0.0024527572689736674,91,68
CWE-614,2024,7.52273893292363e-05,17,6
CWE-615,2024,-0.0,0,0
CWE-616,2024,2.2935345442928744e-05,3,3
CWE-617,2024,0.18742039943712924,140,53
CWE-618,2024,-0.0,0,0
CWE-620,2024,6.675807806615364e-05,10,6
CWE-622,2024,-0.0,0,2
CWE-623,2024,-0.0,0,0
CWE-624,2024,-0.0,0,1
CWE-625,2024,-0.0,0,1
CWE-626,2024,-0.0,0,0
CWE-627,2024,-0.0,0,0
CWE-628,2024,-0.0,0,0
CWE-636,2024,4.356686041809816e-05,5,2
CWE-639,2024,0.00836551371394183,140,271
CWE-640,2024,0.0005668628891832895,54,34
CWE-641,2024,-0.0,0,0
CWE-642,2024,-0.0,0,1
CWE-643,2024,0.0005835133199820893,33,1
CWE-644,2024,-0.0,0,1
CWE-645,2024,-0.0,0,0
CWE-646,2024,-0.0,0,0
CWE-647,2024,-0.0,0,0
CWE-648,2024,5.815880963976804e-06,2,3
CWE-649,2024,-0.0,0,2
CWE-650,2024,9.717077840011081e-05,19,2
CWE-653,2024,0.0008810127805065086,34,6
CWE-655,2024,-0.0,0,0
CWE-656,2024,0.00015831873732307901,5,1
CWE-657,2024,0.0010768474683503946,30,1
CWE-662,2024,0.0014415163358048155,78,3
CWE-664,2024,-0.0,0,2
CWE-665,2024,0.011709632455708427,117,33
CWE-666,2024,-0.0,0,0
CWE-667,2024,0.004619176496429669,133,231
CWE-668,2024,0.01074727986651434,137,41
CWE-669,2024,0.002282847129611969,104,4
CWE-670,2024,0.00474423112763089,145,27
CWE-671,2024,-0.0,0,0
CWE-672,2024,0.0012837793595331147,70,14
CWE-673,2024,-0.0,0,0
CWE-674,2024,0.004626811734276446,128,30
CWE-675,2024,-0.0,0,0
CWE-676,2024,-0.0,0,3
CWE-680,2024,0.0028163297664584026,98,5
CWE-681,2024,0.03530689747568482,101,5
CWE-682,2024,0.0010828451824589692,67,9
CWE-683,2024,-0.0,0,0
CWE-684,2024,7.060392019210006e-06,2,2
CWE-686,2024,0.0009822557073037583,4,1
CWE-688,2024,-0.0,0,0
CWE-689,2024,-0.0,0,0
CWE-690,2024,-0.0,0,0
CWE-691,2024,0.00022492696409134237,4,5
CWE-692,2024,3.37883633228745e-05,4,1
CWE-693,2024,0.0015968091812014924,85,21
CWE-694,2024,-0.0,0,1
CWE-696,2024,-0.0,0,2
CWE-697,2024,0.0023231407285437327,119,18
CWE-698,2024,4.749169900074975e-06,2,6
CWE-701,2024,-0.0,0,0
CWE-703,2024,0.0007159320143875555,40,8
CWE-704,2024,0.07862652468372607,107,9
CWE-705,2024,-0.0,0,0
CWE-706,2024,0.0010434700465425625,78,13
CWE-707,2024,0.00019484706179784982,8,2
CWE-708,2024,-0.0,0,1
CWE-710,2024,-0.0,0,0
CWE-732,2024,0.004353288786431985,92,127
CWE-733,2024,-0.0,0,0
CWE-749,2024,0.0011203195693308765,38,22
CWE-754,2024,0.01107931329354208,172,101
CWE-755,2024,0.005689985399953916,145,64
CWE-757,2024,1.6910710909713143e-05,8,2
CWE-758,2024,-0.0,0,0
CWE-759,2024,-0.0,0,0
CWE-760,2024,1.6910710909713143e-05,8,1
CWE-761,2024,-0.0,0,1
CWE-762,2024,-0.0,0,0
CWE-763,2024,0.020719439743891413,131,16
CWE-767,2024,0.00024835661656104146,17,2
CWE-768,2024,-0.0,0,0
CWE-769,2024,-0.0,0,0
CWE-770,2024,0.025683525696290916,198,252
CWE-771,2024,-0.0,0,0
CWE-772,2024,0.00638939076943169,137,19
CWE-774,2024,-0.0,0,0
CWE-775,2024,-0.0,0,0
CWE-776,2024,0.0036555681859497396,92,8
CWE-777,2024,-0.0,0,0
CWE-778,2024,-0.0,0,2
CWE-779,2024,-0.0,0,1
CWE-780,2024,-0.0,0,0
CWE-782,2024,5.859417669177821e-05,4,8
CWE-783,2024,0.0002693558954322625,16,1
CWE-784,2024,-0.0,0,0
CWE-786,2024,0.0013560564692016155,57,1
CWE-787,2024,0.3763900136443943,213,1934
CWE-788,2024,0.0003650629797832007,22,3
CWE-789,2024,9.386394114201931e-06,3,5
CWE-790,2024,-0.0,0,3
CWE-791,2024,1.791446935979373e-05,5,3
CWE-792,2024,-0.0,0,0
CWE-794,2024,-0.0,0,0
CWE-798,2024,0.008444759232625701,117,190
CWE-799,2024,7.346999708641153e-07,1,6
CWE-804,2024,-0.0,0,2
CWE-805,2024,0.00013385236737376103,6,2
CWE-807,2024,-0.0,1,2
CWE-820,2024,-0.0,0,0
CWE-821,2024,5.4271985417827364e-05,14,2
CWE-822,2024,0.016940238283618403,31,11
CWE-823,2024,0.04159762861084298,69,2
CWE-824,2024,0.10274594114237215,125,30
CWE-825,2024,0.0036813762615995273,14,2
CWE-826,2024,3.924062885270704e-06,9,1
CWE-828,2024,0.0002693558954322625,16,2
CWE-829,2024,0.0024451138281578496,106,20
CWE-830,2024,0.0016920984675476338,97,3
CWE-832,2024,0.0002092020451333326,11,1
CWE-833,2024,0.0005835133199820893,33,1
CWE-834,2024,0.0009725036380493031,74,5
CWE-835,2024,0.21527477322925248,163,84
CWE-836,2024,-0.0,0,0
CWE-837,2024,0.00025863407150272295,12,1
CWE-838,2024,0.001423081871258291,67,3
CWE-839,2024,-0.0,0,0
CWE-840,2024,2.3918722543562745e-05,5,4
CWE-841,2024,-0.0,0,1
CWE-842,2024,-0.0,0,1
CWE-843,2024,0.015796623977232593,153,85
CWE-862,2024,0.014366286063845648,191,1806
CWE-863,2024,0.02829827496421783,189,326
CWE-882,2024,-0.0,0,0
CWE-908,2024,0.1226152402062026,152,168
CWE-909,2024,0.002899305085016661,102,8
CWE-910,2024,-0.0,0,0
CWE-911,2024,0.0008583108428219981,66,2
CWE-912,2024,0.0031350173165510258,10,9
CWE-913,2024,0.00015941184118271851,7,4
CWE-914,2024,-0.0,0,2
CWE-915,2024,9.635580768336391e-05,17,2
CWE-916,2024,0.00195944192359511,53,11
CWE-917,2024,6.873852945297512e-05,19,7
CWE-918,2024,0.007372369587848482,136,349
CWE-920,2024,0.0008583108428219981,66,1
CWE-921,2024,-0.0,0,1
CWE-922,2024,0.008084284753484779,144,81
CWE-923,2024,0.0004281166192987723,25,4
CWE-924,2024,8.68535275699213e-06,3,5
CWE-925,2024,-0.0,0,1
CWE-926,2024,-0.0,0,8
CWE-927,2024,-0.0,0,7
CWE-939,2024,-0.0,0,3
CWE-940,2024,9.508276999900081e-05,5,7
CWE-941,2024,-0.0,0,1
CWE-942,2024,3.121506893848228e-05,3,6
CWE-943,2024,8.599603196053132e-05,10,1
CWE-1004,2024,-0.0,0,0
CWE-1007,2024,-0.0,0,0
CWE-1018,2024,-0.0,0,0
CWE-1021,2024,0.007409613057011142,140,33
CWE-1022,2024,-0.0,0,0
CWE-1023,2024,-0.0,0,0
CWE-1025,2024,0.00024087920841442756,19,1
CWE-1026,2024,-0.0,0,0
CWE-1027,2024,-0.0,0,0
CWE-1032,2024,-0.0,0,0
CWE-1035,2024,-0.0,0,0
CWE-1037,2024,-0.0,0,0
CWE-1038,2024,-0.0,0,0
CWE-1039,2024,-0.0,0,0
CWE-1046,2024,-0.0,0,0
CWE-1049,2024,-0.0,0,0
CWE-1050,2024,-0.0,0,1
CWE-1059,2024,-0.0,0,0
CWE-1068,2024,-0.0,0,0
CWE-1072,2024,-0.0,0,0
CWE-1076,2024,-0.0,0,0
CWE-1077,2024,-0.0,0,0
CWE-1088,2024,-0.0,0,0
CWE-1100,2024,-0.0,0,0
CWE-1102,2024,-0.0,0,0
CWE-1103,2024,-0.0,0,0
CWE-1104,2024,-0.0,0,1
CWE-1106,2024,2.06034482596205e-05,4,1
CWE-1108,2024,-0.0,0,0
CWE-1112,2024,-0.0,0,0
CWE-1116,2024,-0.0,0,0
CWE-1119,2024,-0.0,0,0
CWE-1124,2024,-0.0,0,0
CWE-1125,2024,-0.0,0,0
CWE-1149,2024,-0.0,0,0
CWE-1164,2024,-0.0,0,0
CWE-1173,2024,-0.0,0,0
CWE-1174,2024,-0.0,0,0
CWE-1176,2024,-0.0,0,0
CWE-1187,2024,-0.0,0,0
CWE-1188,2024,0.003090584139299075,121,25
CWE-1189,2024,-0.0,0,2
CWE-1191,2024,-0.0,0,4
CWE-1204,2024,-0.0,0,0
CWE-1220,2024,7.428831880920244e-05,16,7
CWE-1223,2024,2.8436802658762925e-05,6,1
CWE-1230,2024,-0.0,0,0
CWE-1231,2024,-0.0,0,0
CWE-1233,2024,-0.0,0,0
CWE-1234,2024,-0.0,0,0
CWE-1236,2024,0.00033950818986361715,22,25
CWE-1240,2024,1.5995117452520825e-05,2,1
CWE-1241,2024,-0.0,0,0
CWE-1242,2024,-0.0,0,4
CWE-1244,2024,-0.0,0,0
CWE-1245,2024,-0.0,0,2
CWE-1246,2024,-0.0,0,1
CWE-1247,2024,-0.0,0,1
CWE-1250,2024,-0.0,0,0
CWE-1251,2024,-0.0,0,1
CWE-1254,2024,-0.0,0,0
CWE-1255,2024,-0.0,0,1
CWE-1256,2024,-0.0,0,0
CWE-1257,2024,-0.0,0,0
CWE-1258,2024,0.001843629253794175,101,2
CWE-1259,2024,-0.0,0,2
CWE-1260,2024,0.0007067476981025986,56,1
CWE-1262,2024,6.102046328968553e-05,9,1
CWE-1263,2024,-0.0,0,4
CWE-1264,2024,-0.0,0,1
CWE-1268,2024,-0.0,0,0
CWE-1270,2024,-0.0,0,1
CWE-1274,2024,-0.0,0,0
CWE-1275,2024,0.0014024461908945841,65,2
CWE-1276,2024,-0.0,0,0
CWE-1277,2024,-0.0,0,0
CWE-1278,2024,-0.0,0,0
CWE-1280,2024,-0.0,0,0
CWE-1281,2024,-0.0,0,1
CWE-1282,2024,-0.0,0,0
CWE-1283,2024,-0.0,1,1
CWE-1284,2024,0.01123506211428559,140,36
CWE-1285,2024,0.0002777879943560852,5,3
CWE-1286,2024,0.0011710487513101147,49,8
CWE-1287,2024,0.001370152728346953,73,13
CWE-1288,2024,0.0010114139580144792,43,2
CWE-1289,2024,4.186931806205163e-05,7,2
CWE-1294,2024,-0.0,0,0
CWE-1295,2024,-0.0,0,4
CWE-1298,2024,-0.0,0,1
CWE-1299,2024,-0.0,0,1
CWE-1300,2024,-0.0,0,0
CWE-1301,2024,-0.0,0,0
CWE-1303,2024,-0.0,0,1
CWE-1304,2024,-0.0,0,1
CWE-1310,2024,-0.0,0,0
CWE-1312,2024,-0.0,0,0
CWE-1313,2024,-0.0,0,0
CWE-1314,2024,-0.0,0,0
CWE-1316,2024,-0.0,0,0
CWE-1319,2024,-0.0,0,0
CWE-1320,2024,-0.0,0,0
CWE-1321,2024,0.0010224673328291035,37,63
CWE-1322,2024,-0.0,0,0
CWE-1323,2024,-0.0,0,0
CWE-1325,2024,-0.0,0,2
CWE-1326,2024,6.3877024188369735e-06,5,2
CWE-1327,2024,-0.0,0,3
CWE-1328,2024,-0.0,0,0
CWE-1329,2024,-0.0,0,0
CWE-1330,2024,-0.0,0,0
CWE-1332,2024,-0.0,0,0
CWE-1333,2024,0.0024643084422699382,123,75
CWE-1334,2024,-0.0,0,0
CWE-1335,2024,0.000858310842821998,66,1
CWE-1336,2024,6.683626045087466e-05,6,12
CWE-1342,2024,-0.0,0,1
CWE-1357,2024,-0.0,0,3
CWE-1366,2024,-0.0,0,0
CWE-1384,2024,-0.0,0,0
CWE-1385,2024,-0.0,0,2
CWE-1386,2024,-0.0,0,1
CWE-1389,2024,-0.0,0,0
CWE-1390,2024,6.380689885596048e-05,7,6
CWE-1391,2024,1.6052567142909402e-05,13,10
CWE-1392,2024,0.001936251720346823,33,16
CWE-1393,2024,1.790066932230477e-05,3,4
CWE-1394,2024,-0.0,0,4
CWE-1,2025,-0.0,0,0
CWE-5,2025,0.00014896576177310348,5,1
CWE-14,2025,-0.0,0,0
CWE-15,2025,0.0008887321468943332,58,22
CWE-16,2025,-5.551115123125783e-17,0,0
CWE-17,2025,-1.3877787807814457e-17,0,0
CWE-18,2025,-0.0,0,0
CWE-19,2025,-2.710505431213761e-20,0,1
CWE-20,2025,0.1425278386037559,241,469
CWE-21,2025,-2.117582368135751e-22,0,0
CWE-22,2025,0.029289768375463515,284,1108
CWE-23,2025,0.013112879137844858,150,99
CWE-24,2025,0.0009727179878004575,80,23
CWE-25,2025,-0.0,0,0
CWE-26,2025,5.0036802501441296e-05,4,2
CWE-27,2025,9.74211492473022e-06,3,4
CWE-28,2025,-9.860761315262648e-32,0,0
CWE-29,2025,0.00024128674346102037,36,12
CWE-31,2025,6.77927340424307e-32,0,0
CWE-32,2025,4.3140830754274083e-32,0,0
CWE-35,2025,0.0012355706956542957,63,64
CWE-36,2025,0.0004576361934592952,47,40
CWE-37,2025,-0.0,0,1
CWE-38,2025,-0.0,0,0
CWE-40,2025,-0.0,0,0
CWE-41,2025,0.010573753405691895,104,7
CWE-42,2025,-0.0,0,0
CWE-43,2025,-0.0,0,1
CWE-46,2025,-0.0,0,0
CWE-50,2025,-0.0,0,0
CWE-55,2025,-0.0,0,0
CWE-57,2025,-0.0,0,0
CWE-59,2025,0.01710858284151061,163,131
CWE-61,2025,0.0006107192610829802,27,27
CWE-64,2025,3.1301581544407266e-06,1,5
CWE-65,2025,-0.0,0,0
CWE-66,2025,-0.0,0,0
CWE-67,2025,-0.0,0,1
CWE-69,2025,-0.0,0,0
CWE-73,2025,0.020925478304828677,161,114
CWE-74,2025,0.006918607065398745,115,1234
CWE-75,2025,6.576967961251613e-07,1,2
CWE-76,2025,-0.0,0,0
CWE-77,2025,0.029587169241183455,220,590
CWE-78,2025,0.019209361048737564,189,811
CWE-79,2025,0.04601049471775409,306,8266
CWE-80,2025,0.0020880386103160533,126,91
CWE-81,2025,-0.0,0,2
CWE-82,2025,-0.0,0,1
CWE-83,2025,5.0138610040716815e-05,7,4
CWE-84,2025,-0.0,0,11
CWE-85,2025,-0.0,0,1
CWE-86,2025,8.41800437621329e-06,1,3
CWE-87,2025,-0.0,0,2
CWE-88,2025,0.0012626727979174182,51,47
CWE-89,2025,0.013155595504883353,203,2940
CWE-90,2025,0.00024644078838330374,38,8
CWE-91,2025,0.00035883599168301544,23,12
CWE-92,2025,-0.0,0,0
CWE-93,2025,0.0011510587427845023,51,22
CWE-94,2025,0.013585891350562476,212,583
CWE-95,2025,0.0010534320705376725,67,18
CWE-96,2025,-0.0,0,8
CWE-97,2025,5.335378874100111e-05,15,4
CWE-98,2025,0.0006641635182282977,34,572
CWE-99,2025,0.0002719636608530373,13,14
CWE-112,2025,-0.0,0,0
CWE-113,2025,0.0005556324036230821,43,11
CWE-114,2025,0.00023062011575913533,13,6
CWE-115,2025,0.0012860731825756321,27,8
CWE-116,2025,0.003594789645098283,171,53
CWE-117,2025,0.001567178786132332,105,25
CWE-118,2025,0.0008306686563518083,39,2
CWE-119,2025,0.19588617150525892,173,789
CWE-120,2025,0.24570776970107994,199,545
CWE-121,2025,0.07296371226853281,212,438
CWE-122,2025,0.03969591777200331,233,314
CWE-123,2025,0.0004929277635963551,21,4
CWE-124,2025,0.004330487891739176,112,9
CWE-125,2025,0.29076158668926666,246,933
CWE-126,2025,0.23402479133552195,106,80
CWE-127,2025,0.00013914453946752795,7,3
CWE-128,2025,-0.0,0,0
CWE-129,2025,0.2263360077053394,102,76
CWE-130,2025,0.0022501606780300845,77,12
CWE-131,2025,0.2425085134763008,99,15
CWE-134,2025,0.0015443938260913614,63,19
CWE-138,2025,9.043993674937624e-06,3,1
CWE-140,2025,0.0010696141169146494,55,6
CWE-141,2025,0.0001415648613438221,18,3
CWE-142,2025,-0.0,0,2
CWE-143,2025,-0.0,0,0
CWE-144,2025,-0.0,0,0
CWE-145,2025,-0.0,0,0
CWE-146,2025,-0.0,0,2
CWE-147,2025,-0.0,0,1
CWE-148,2025,-0.0,0,0
CWE-149,2025,0.00018347082378198024,6,3
CWE-150,2025,0.000297873638846547,25,13
CWE-153,2025,4.5935977284934015e-05,8,3
CWE-155,2025,2.9343191058352024e-05,8,6
CWE-156,2025,0.0001134563563310149,16,5
CWE-158,2025,0.0021656340325174957,67,7
CWE-159,2025,-0.0,0,2
CWE-162,2025,-0.0,0,0
CWE-164,2025,2.889677922521747e-08,1,2
CWE-166,2025,-0.0,0,0
CWE-167,2025,0.0005404474799655956,37,1
CWE-168,2025,-0.0,0,0
CWE-170,2025,9.152541841177825e-05,5,2
CWE-172,2025,-0.0,0,0
CWE-173,2025,-0.0,0,0
CWE-174,2025,-0.0,0,0
CWE-176,2025,9.357168030044509e-05,13,2
CWE-177,2025,-0.0,0,0
CWE-178,2025,0.00015794184090269157,23,7
CWE-179,2025,-0.0,0,0
CWE-180,2025,0.0001352852625687604,7,3
CWE-183,2025,7.169773790007386e-05,23,3
CWE-184,2025,0.0008384707751036696,34,10
CWE-185,2025,8.41800437621329e-06,1,1
CWE-186,2025,9.152541841177825e-05,5,1
CWE-187,2025,-0.0,0,1
CWE-188,2025,-0.0,0,0
CWE-189,2025,3.583901149262254e-05,1,3
CWE-190,2025,0.15623376335526248,219,251
CWE-191,2025,0.016092192750124315,124,68
CWE-192,2025,-0.0,0,0
CWE-193,2025,0.002278325732693743,89,20
CWE-194,2025,0.00040856113967037243,38,1
CWE-195,2025,0.0010943142802660923,41,4
CWE-196,2025,-0.0,0,0
CWE-197,2025,0.01362590979386398,103,3
CWE-198,2025,0.0005404474799655956,37,1
CWE-199,2025,-0.0,0,0
CWE-200,2025,0.2144787810040494,271,605
CWE-201,2025,0.014974948021586013,170,125
CWE-202,2025,6.438256349201175e-05,13,5
CWE-203,2025,0.004542154411152538,185,69
CWE-204,2025,0.0010961035887267852,54,42
CWE-207,2025,-0.0,0,1
CWE-208,2025,0.0007051215244248469,56,19
CWE-209,2025,0.013035814194071748,202,93
CWE-212,2025,0.002210973120376194,77,15
CWE-213,2025,0.00011505353312734739,25,4
CWE-214,2025,3.693975832295166e-05,9,2
CWE-215,2025,0.00037742289105223187,37,4
CWE-216,2025,-0.0,0,0
CWE-219,2025,-0.0,0,0
CWE-221,2025,-0.0,0,0
CWE-223,2025,-0.0,0,2
CWE-226,2025,0.00013528526256876042,7,6
CWE-227,2025,-0.0,0,0
CWE-228,2025,4.224188809568632e-05,17,4
CWE-229,2025,-0.0,0,1
CWE-230,2025,5.1100892853503305e-05,3,1
CWE-231,2025,-0.0,0,0
CWE-232,2025,0.0001415648613438221,18,3
CWE-233,2025,5.290598205265874e-05,18,3
CWE-235,2025,-0.0,0,0
CWE-236,2025,-0.0,0,0
CWE-237,2025,-0.0,0,1
CWE-239,2025,-0.0,0,1
CWE-240,2025,-0.0,0,1
CWE-241,2025,8.46101479161633e-07,2,6
CWE-242,2025,2.5523075041307304e-06,2,1
CWE-244,2025,0.00030820871188162654,33,7
CWE-248,2025,0.003248766634556277,126,51
CWE-250,2025,0.001804548098791055,130,80
CWE-252,2025,0.0034621614248535955,98,17
CWE-253,2025,0.00020563204073779167,16,2
CWE-254,2025,-0.0,0,0
CWE-255,2025,0.00024779007425600267,18,15
CWE-256,2025,0.0007038333795328025,73,48
CWE-257,2025,0.0006082354221821774,62,15
CWE-258,2025,-0.0,0,2
CWE-259,2025,0.0015109080174624612,76,41
CWE-260,2025,0.00013947742407805343,28,11
CWE-261,2025,0.0014567068231746533,55,6
CWE-262,2025,0.000906986211524752,40,2
CWE-263,2025,-0.0,0,0
CWE-264,2025,0.0626797133795967,71,6
CWE-265,2025,-0.0,0,0
CWE-266,2025,0.005512841824201198,173,319
CWE-267,2025,0.0015667728540884438,90,20
CWE-268,2025,0.00022096404347123343,14,8
CWE-269,2025,0.031670789587435286,217,263
CWE-270,2025,0.0012568754094075653,71,6
CWE-271,2025,-0.0,0,2
CWE-272,2025,7.001827994861494e-05,21,5
CWE-273,2025,0.0002120541963540612,13,3
CWE-274,2025,0.000759637417531592,65,4
CWE-275,2025,-0.0,0,0
CWE-276,2025,0.009860722642899607,180,211
CWE-277,2025,0.00010081558430004843,17,13
CWE-278,2025,1.2339045627353394e-05,8,1
CWE-279,2025,0.0007065468907764215,73,10
CWE-280,2025,0.008064376420009893,125,33
CWE-281,2025,0.004614951358612415,108,50
CWE-282,2025,0.00016236920835864413,42,9
CWE-283,2025,9.493448730534891e-05,19,5
CWE-284,2025,0.19531887627717212,254,732
CWE-285,2025,0.0073821446183446925,168,150
CWE-286,2025,0.00034007952425268165,65,7
CWE-287,2025,0.10174043650444353,212,276
CWE-288,2025,0.00821742370731478,193,142
CWE-289,2025,3.960365764227425e-05,8,9
CWE-290,2025,0.0099657148901161,194,111
CWE-291,2025,0.0001145688979274468,19,1
CWE-292,2025,-0.0,0,0
CWE-294,2025,0.00014053526515899934,22,23
CWE-295,2025,0.022547589254500396,214,151
CWE-296,2025,7.676322983236412e-05,3,2
CWE-297,2025,0.0005885402636310637,50,9
CWE-298,2025,3.403151953453162e-05,3,5
CWE-299,2025,0.00015803699719727727,24,4
CWE-300,2025,0.002229174489001315,86,8
CWE-302,2025,0.00013275752304252715,13,7
CWE-303,2025,0.0006501558617800972,61,15
CWE-304,2025,0.0014699179640447957,88,8
CWE-305,2025,0.0036743428350658434,119,33
CWE-306,2025,0.04263570468062428,241,408
CWE-307,2025,0.0018158249704011361,105,96
CWE-308,2025,-0.0,0,1
CWE-309,2025,3.658445551011561e-06,3,1
CWE-310,2025,0.1460786594003175,93,15
CWE-311,2025,0.0009650210751870566,95,37
CWE-312,2025,0.0048958408105525845,145,103
CWE-313,2025,0.00010847027552250608,22,1
CWE-315,2025,-0.0,0,0
CWE-316,2025,0.00017179976150947154,22,10
CWE-317,2025,-0.0,0,0
CWE-319,2025,0.007750228767237283,158,103
CWE-320,2025,8.5419968638758e-06,4,14
CWE-321,2025,0.013444700507850738,102,64
CWE-322,2025,4.622905421903104e-05,12,2
CWE-323,2025,6.437349957477006e-05,7,4
CWE-324,2025,0.008041427966077971,109,5
CWE-325,2025,0.009068787192056874,68,7
CWE-326,2025,0.0023979448869721936,125,33
CWE-327,2025,0.0018087277176184254,124,82
CWE-328,2025,0.0002963527118230756,56,17
CWE-329,2025,4.655513543993278e-05,11,2
CWE-330,2025,1.6290837754110693e-05,14,19
CWE-331,2025,0.0002331899789922906,30,18
CWE-332,2025,-0.0,0,0
CWE-333,2025,-0.0,0,1
CWE-334,2025,-0.0,0,1
CWE-335,2025,-0.0,0,3
CWE-336,2025,-0.0,0,0
CWE-337,2025,-0.0,0,4
CWE-338,2025,0.0003107278635955819,31,34
CWE-339,2025,-0.0,0,0
CWE-340,2025,0.00563040810500861,36,6
CWE-341,2025,0.00016133784388126362,6,3
CWE-342,2025,-0.0,0,0
CWE-343,2025,-0.0,0,0
CWE-344,2025,-0.0,0,0
CWE-345,2025,0.013680961900656248,157,49
CWE-346,2025,0.007548530627780498,172,70
CWE-347,2025,0.014137271208326533,153,88
CWE-348,2025,-0.0,0,10
CWE-349,2025,0.010452783341154384,86,12
CWE-350,2025,0.0009711298734303361,56,3
CWE-351,2025,0.0002605029414994197,25,6
CWE-352,2025,0.014092454742755112,213,1900
CWE-353,2025,0.00902977976565951,75,6
CWE-354,2025,0.002466089654690113,74,15
CWE-356,2025,0.0008083872858881637,49,12
CWE-357,2025,0.002840900205986354,76,5
CWE-358,2025,0.002508399994647196,116,16
CWE-359,2025,0.005705545914272428,123,62
CWE-361,2025,-0.0,0,0
CWE-362,2025,0.022332998644457012,217,338
CWE-363,2025,-0.0,0,1
CWE-364,2025,0.0017036562278570293,63,1
CWE-366,2025,0.00011644083166841862,7,3
CWE-367,2025,0.11518912599448917,176,94
CWE-369,2025,0.00261081934289099,74,53
CWE-371,2025,-0.0,0,0
CWE-372,2025,-0.0,0,0
CWE-377,2025,8.779280345491836e-05,14,7
CWE-378,2025,9.41195618367678e-05,7,7
CWE-379,2025,0.00011821171932566938,17,5
CWE-384,2025,0.0020616185019098694,121,45
CWE-385,2025,0.0001832257233080916,18,7
CWE-386,2025,-0.0,0,0
CWE-388,2025,-0.0,0,0
CWE-390,2025,0.00985864269016651,74,5
CWE-391,2025,-0.0,0,0
CWE-392,2025,-0.0,0,4
CWE-393,2025,0.00015361566202393436,5,1
CWE-394,2025,0.00035059528574942617,26,5
CWE-395,2025,0.00011644083166841862,7,2
CWE-396,2025,-0.0,0,0
CWE-399,2025,-0.0,0,0
CWE-400,2025,0.036836552026556994,243,383
CWE-401,2025,0.01608290126594641,175,567
CWE-402,2025,2.998302781686355e-05,4,8
CWE-403,2025,0.0009943158975092093,58,2
CWE-404,2025,0.014894681985680346,147,109
CWE-405,2025,7.018610876613642e-05,7,15
CWE-406,2025,-0.0,0,1
CWE-407,2025,0.0003613566227377598,50,18
CWE-408,2025,-0.0,0,0
CWE-409,2025,0.0002662432816901471,42,13
CWE-410,2025,0.004009352272700715,69,5
CWE-412,2025,-0.0,0,0
CWE-413,2025,-0.0,0,4
CWE-414,2025,0.0005241863882643989,39,1
CWE-415,2025,0.18858090520333903,198,109
CWE-416,2025,0.27894558242783507,234,1011
CWE-417,2025,-0.0,0,0
CWE-419,2025,2.867284509959747e-07,1,1
CWE-420,2025,5.8326470046402636e-05,8,14
CWE-421,2025,-0.0,0,2
CWE-422,2025,8.27078507353286e-05,4,2
CWE-424,2025,6.63875267875884e-05,7,11
CWE-425,2025,0.0003857698190099399,49,29
CWE-426,2025,0.00647341816512774,97,66
CWE-427,2025,0.0026322480516318735,92,207
CWE-428,2025,0.001097575272092326,20,48
CWE-430,2025,-0.0,0,1
CWE-431,2025,-0.0,0,0
CWE-433,2025,-0.0,0,0
CWE-434,2025,0.014570573973315154,191,724
CWE-435,2025,3.2160362011192577e-06,2,1
CWE-436,2025,0.0004099990875751874,20,4
CWE-437,2025,2.6076658737503197e-05,1,1
CWE-440,2025,0.0011844803842722643,65,10
CWE-441,2025,0.0006607419353463167,64,27
CWE-444,2025,0.0005575525480962027,44,40
CWE-446,2025,0.0006562244802763574,46,2
CWE-447,2025,-0.0,0,1
CWE-448,2025,0.00029496613447533573,24,1
CWE-449,2025,0.0004184582759199449,39,3
CWE-450,2025,-0.0,0,0
CWE-451,2025,0.005253524593180109,154,60
CWE-453,2025,0.0006012540166148671,60,2
CWE-454,2025,0.00018120487438450322,7,1
CWE-455,2025,-0.0,0,0
CWE-456,2025,-0.0,0,0
CWE-457,2025,0.010324760856629929,108,26
CWE-459,2025,0.007698282223770558,99,25
CWE-460,2025,-0.0,0,2
CWE-462,2025,-0.0,0,1
CWE-463,2025,-0.0,0,0
CWE-465,2025,-0.0,0,0
CWE-466,2025,-0.0,0,0
CWE-467,2025,0.0001449201500912128,3,1
CWE-468,2025,-0.0,0,0
CWE-469,2025,-0.0,0,0
CWE-470,2025,0.00012070972807638119,21,9
CWE-471,2025,1.0666045042048727e-05,1,4
CWE-472,2025,0.00043816135339917435,46,25
CWE-473,2025,-0.0,0,0
CWE-474,2025,-0.0,0,0
CWE-475,2025,1.3233955181366641e-05,6,1
CWE-476,2025,0.20328335474209303,233,1174
CWE-477,2025,4.576490673447766e-06,2,1
CWE-479,2025,-0.0,0,0
CWE-480,2025,0.0003667046419087534,23,1
CWE-484,2025,-0.0,0,0
CWE-488,2025,-0.0,0,7
CWE-489,2025,0.010045681495073183,87,13
CWE-491,2025,4.953039035312107e-05,8,3
CWE-494,2025,0.0011398704906374715,65,28
CWE-495,2025,-0.0,0,1
CWE-497,2025,0.13178835120898663,146,164
CWE-501,2025,-0.0,0,4
CWE-502,2025,0.011858242757254616,209,601
CWE-506,2025,3.54820218897593e-05,3,22
CWE-507,2025,-0.0,0,0
CWE-514,2025,-0.0,0,0
CWE-520,2025,-0.0,0,0
CWE-521,2025,0.0015430843624575903,85,43
CWE-522,2025,0.002500686392865072,118,114
CWE-523,2025,1.222040598315729e-05,4,6
CWE-524,2025,0.000898817647585868,69,11
CWE-525,2025,0.00034889899358056113,50,11
CWE-526,2025,7.066685303136865e-05,21,6
CWE-527,2025,-0.0,0,0
CWE-530,2025,1.697110346707804e-05,4,3
CWE-531,2025,1.4668356797503783e-08,1,2
CWE-532,2025,0.018320553055680738,215,159
CWE-533,2025,-0.0,0,0
CWE-534,2025,-0.0,0,0
CWE-538,2025,0.0003767720083659561,63,20
CWE-539,2025,0.00036693222728635477,32,1
CWE-540,2025,7.833528916856244e-05,27,6
CWE-544,2025,7.679258472305338e-05,12,1
CWE-547,2025,-0.0,0,4
CWE-548,2025,0.0007907302481649917,53,13
CWE-549,2025,-0.0,0,6
CWE-550,2025,-0.0,0,0
CWE-551,2025,-0.0,0,0
CWE-552,2025,0.002031978051573639,91,67
CWE-553,2025,-0.0,0,0
CWE-555,2025,0.00010968695969679227,7,1
CWE-556,2025,-0.0,0,0
CWE-557,2025,-0.0,0,0
CWE-561,2025,0.00011456889792744687,19,1
CWE-562,2025,-0.0,0,0
CWE-563,2025,-0.0,0,0
CWE-564,2025,2.9376271758796938e-05,3,1
CWE-565,2025,0.0001236311169107384,23,7
CWE-566,2025,7.705704189096321e-05,4,3
CWE-567,2025,0.0005241863882643989,39,1
CWE-570,2025,-0.0,0,0
CWE-571,2025,-0.0,0,0
CWE-573,2025,0.0005404474799655957,37,1
CWE-590,2025,0.001302071668582828,22,6
CWE-591,2025,0.010804093961437625,99,10
CWE-592,2025,-0.0,0,1
CWE-597,2025,-0.0,0,0
CWE-598,2025,0.0008180226769771539,51,22
CWE-599,2025,0.0003038383648188308,26,5
CWE-600,2025,-0.0,0,0
CWE-601,2025,0.011134778336190532,203,242
CWE-602,2025,0.0011220432502485934,75,35
CWE-603,2025,3.961098872589093e-05,9,6
CWE-605,2025,-0.0,0,0
CWE-606,2025,0.00017952833078289446,30,4
CWE-610,2025,0.00183035894508348,98,21
CWE-611,2025,0.001979348578412425,78,109
CWE-612,2025,-0.0,0,0
CWE-613,2025,0.0030248394118515477,151,83
CWE-614,2025,0.0011051817445700773,75,14
CWE-615,2025,-0.0,0,0
CWE-616,2025,3.817394834629268e-07,2,2
CWE-617,2025,0.20810116842736598,139,132
CWE-618,2025,2.7621152948635785e-06,4,1
CWE-620,2025,0.0003686762791996993,41,34
CWE-622,2025,-0.0,0,0
CWE-623,2025,-0.0,0,1
CWE-624,2025,-0.0,0,0
CWE-625,2025,-0.0,0,0
CWE-626,2025,-0.0,0,0
CWE-627,2025,-0.0,0,0
CWE-628,2025,-0.0,0,1
CWE-636,2025,-0.0,0,1
CWE-639,2025,0.004608266943141706,178,387
CWE-640,2025,0.0009000130221477781,76,39
CWE-641,2025,0.0011900421584303707,23,3
CWE-642,2025,3.579737589050579e-05,2,4
CWE-643,2025,8.03213037262745e-05,10,3
CWE-644,2025,0.00010465564079150529,21,14
CWE-645,2025,0.00015403614205628446,24,2
CWE-646,2025,0.00032219552693793925,21,3
CWE-647,2025,1.767182910209521e-05,6,4
CWE-648,2025,5.2891798541822936e-05,6,11
CWE-649,2025,-0.0,0,0
CWE-650,2025,4.0222338959377875e-05,7,2
CWE-653,2025,0.0020446694046932423,107,27
CWE-655,2025,-0.0,0,0
CWE-656,2025,-0.0,0,3
CWE-657,2025,0.000964836487987891,8,1
CWE-662,2025,-0.0,0,2
CWE-664,2025,0.0014653232487635863,66,6
CWE-665,2025,0.0010736546871609753,47,13
CWE-666,2025,-0.0,0,0
CWE-667,2025,0.021122793607340516,155,200
CWE-668,2025,0.0013671471392066195,68,15
CWE-669,2025,3.2890486667567165e-05,6,17
CWE-670,2025,0.004443753790681513,99,10
CWE-671,2025,-0.0,0,1
CWE-672,2025,0.0026138987854516555,97,12
CWE-673,2025,-0.0,0,1
CWE-674,2025,0.0037818021386389652,109,55
CWE-675,2025,-0.0,0,0
CWE-676,2025,-0.0,0,0
CWE-680,2025,0.022885296112169218,47,11
CWE-681,2025,0.0014812888567855655,28,2
CWE-682,2025,0.0007613132408134326,23,5
CWE-683,2025,-0.0,0,1
CWE-684,2025,0.00033972648784232084,37,6
CWE-686,2025,-0.0,0,0
CWE-688,2025,-0.0,0,0
CWE-689,2025,0.0006012540166148671,60,1
CWE-690,2025,0.0001352852625687604,7,1
CWE-691,2025,4.7532621410075616e-05,2,9
CWE-692,2025,-0.0,0,2
CWE-693,2025,0.014907441069760587,204,94
CWE-694,2025,-0.0,0,2
CWE-696,2025,0.0005599374895454434,25,7
CWE-697,2025,0.0004138961556347861,62,9
CWE-698,2025,1.6434570886029244e-05,7,2
CWE-701,2025,-0.0,0,0
CWE-703,2025,0.0025421739868618553,113,22
CWE-704,2025,0.007095394312435593,112,16
CWE-705,2025,0.00011284730342088726,3,1
CWE-706,2025,0.00013361779536877184,20,12
CWE-707,2025,1.0666045042048727e-05,1,3
CWE-708,2025,0.00022734642304077433,43,3
CWE-710,2025,-0.0,0,1
CWE-732,2025,0.009456207452148584,208,178
CWE-733,2025,0.0005740967759345545,57,4
CWE-749,2025,0.12704354127751885,96,25
CWE-754,2025,0.010440226547804602,213,78
CWE-755,2025,0.11698224791439794,105,27
CWE-757,2025,2.2477728019980676e-06,3,4
CWE-758,2025,0.00020955452374852353,12,2
CWE-759,2025,-0.0,0,3
CWE-760,2025,-0.0,0,1
CWE-761,2025,-0.0,0,0
CWE-762,2025,0.00022008929586725244,24,4
CWE-763,2025,0.03271027164628302,78,8
CWE-767,2025,-0.0,0,0
CWE-768,2025,-0.0,0,0
CWE-769,2025,-0.0,0,0
CWE-770,2025,0.058297666184783624,264,337
CWE-771,2025,-0.0,0,1
CWE-772,2025,0.0011492548274951659,65,14
CWE-774,2025,-0.0,0,1
CWE-775,2025,-0.0,0,2
CWE-776,2025,0.0005340503807762624,26,4
CWE-777,2025,-0.0,0,0
CWE-778,2025,0.000124605709688274,13,4
CWE-779,2025,8.41800437621329e-06,1,2
CWE-780,2025,-0.0,0,1
CWE-782,2025,0.00010182361547231644,13,6
CWE-783,2025,0.003811578153039866,96,3
CWE-784,2025,-0.0,0,0
CWE-786,2025,-0.0,0,0
CWE-787,2025,0.3038773654205638,264,1119
CWE-788,2025,-0.0,0,1
CWE-789,2025,0.0008362619990464011,77,13
CWE-790,2025,-0.0,0,1
CWE-791,2025,0.00010250561160581689,17,11
CWE-792,2025,8.41800437621329e-06,1,1
CWE-794,2025,-0.0,0,0
CWE-798,2025,0.00473533811071951,153,184
CWE-799,2025,0.00019707683543181183,20,11
CWE-804,2025,7.839613970541095e-05,11,1
CWE-805,2025,0.001135620453312692,52,15
CWE-807,2025,0.0026104975288596182,72,15
CWE-820,2025,0.008018793536432776,66,5
CWE-821,2025,-0.0,0,2
CWE-822,2025,0.08690449567402218,98,38
CWE-823,2025,0.06141586001977778,38,20
CWE-824,2025,0.006425304157506155,112,32
CWE-825,2025,0.000906986211524752,40,9
CWE-826,2025,1.177766951760014e-08,1,2
CWE-828,2025,-0.0,0,0
CWE-829,2025,0.0017642759244991379,106,37
CWE-830,2025,3.203491571704763e-06,3,4
CWE-832,2025,-0.0,0,0
CWE-833,2025,0.0003430059210661302,33,6
CWE-834,2025,1.3527821277663696e-05,2,4
CWE-835,2025,0.004401546865138691,139,67
CWE-836,2025,7.80423118831811e-05,27,3
CWE-837,2025,0.001647888262564993,32,8
CWE-838,2025,0.0004085611396703723,38,1
CWE-839,2025,-0.0,0,0
CWE-840,2025,0.00026211890149675863,42,6
CWE-841,2025,0.007290419212319685,74,8
CWE-842,2025,-0.0,0,0
CWE-843,2025,0.021289546261712356,173,99
CWE-862,2025,0.01912882170083839,244,2227
CWE-863,2025,0.14163329724915058,267,463
CWE-882,2025,-0.0,0,0
CWE-908,2025,0.02150489191715593,193,151
CWE-909,2025,0.0011128097767246234,63,9
CWE-910,2025,-0.0,0,0
CWE-911,2025,-0.0,0,1
CWE-912,2025,8.262292596247936e-05,10,17
CWE-913,2025,0.0009095593283216708,46,18
CWE-914,2025,-0.0,0,0
CWE-915,2025,0.0001258854627284988,29,10
CWE-916,2025,0.0014981220902165401,21,10
CWE-917,2025,-0.0,0,2
CWE-918,2025,0.007945563624860468,205,538
CWE-920,2025,-0.0,0,0
CWE-921,2025,-0.0,0,3
CWE-922,2025,0.01790754924842237,121,40
CWE-923,2025,0.008934154108606015,98,14
CWE-924,2025,-0.0,0,3
CWE-925,2025,-0.0,0,0
CWE-926,2025,0.0008264349690531994,62,29
CWE-927,2025,0.0006012540166148671,60,1
CWE-939,2025,0.000550743201722014,66,3
CWE-940,2025,5.7487672685710933e-05,4,9
CWE-941,2025,3.4184061442832987e-06,3,1
CWE-942,2025,0.004607539465683059,85,14
CWE-943,2025,0.00010134789420134915,14,5
CWE-1004,2025,0.00043610937092243075,41,7
CWE-1007,2025,0.0004085611396703723,38,2
CWE-1018,2025,-0.0,0,0
CWE-1021,2025,0.0028154319142013966,160,50
CWE-1022,2025,7.72650078380501e-05,11,3
CWE-1023,2025,0.009218008514139871,75,3
CWE-1025,2025,8.468602206249334e-07,2,4
CWE-1026,2025,-0.0,0,0
CWE-1027,2025,-0.0,0,0
CWE-1032,2025,-0.0,0,0
CWE-1035,2025,-0.0,0,0
CWE-1037,2025,0.0013732893909307942,64,3
CWE-1038,2025,7.674825021862883e-05,13,4
CWE-1039,2025,0.005364126025740244,66,2
CWE-1046,2025,-0.0,0,0
CWE-1049,2025,-0.0,0,0
CWE-1050,2025,8.41800437621329e-06,1,3
CWE-1059,2025,-0.0,0,0
CWE-1068,2025,0.0005241863882643989,39,1
CWE-1072,2025,-0.0,0,0
CWE-1076,2025,-0.0,0,0
CWE-1077,2025,-0.0,0,0
CWE-1088,2025,0.00014383126850913002,23,4
CWE-1100,2025,7.679258472305338e-05,12,1
CWE-1102,2025,-0.0,0,1
CWE-1103,2025,-0.0,0,0
CWE-1104,2025,0.00047498139447633324,49,6
CWE-1106,2025,-0.0,0,0
CWE-1108,2025,-0.0,0,0
CWE-1112,2025,1.315208645923438e-05,9,1
CWE-1116,2025,0.00024565642623418013,10,1
CWE-1119,2025,-0.0,0,0
CWE-1124,2025,-0.0,0,0
CWE-1125,2025,-0.0,0,0
CWE-1149,2025,-0.0,0,0
CWE-1164,2025,-0.0,0,1
CWE-1173,2025,-0.0,0,0
CWE-1174,2025,-0.0,0,1
CWE-1176,2025,0.00017378928509080222,9,1
CWE-1187,2025,-0.0,0,0
CWE-1188,2025,0.0031702049206180443,122,43
CWE-1189,2025,-0.0,0,1
CWE-1191,2025,0.00046974422299996444,31,12
CWE-1204,2025,-0.0,0,2
CWE-1220,2025,0.13840156610158966,115,21
CWE-1223,2025,0.0006012540166148671,60,1
CWE-1230,2025,0.0006355750144967673,62,11
CWE-1231,2025,-0.0,0,1
CWE-1233,2025,9.418886869142846e-05,4,2
CWE-1234,2025,-0.0,0,0
CWE-1236,2025,0.0005405164099221217,46,36
CWE-1240,2025,0.0072324058919305805,73,6
CWE-1241,2025,-0.0,0,0
CWE-1242,2025,0.0003267553010834328,29,5
CWE-1244,2025,9.330842351679112e-06,3,7
CWE-1245,2025,-0.0,0,2
CWE-1246,2025,-0.0,0,0
CWE-1247,2025,-0.0,0,1
CWE-1250,2025,-0.0,0,2
CWE-1251,2025,-0.0,0,0
CWE-1254,2025,-0.0,0,1
CWE-1255,2025,-0.0,0,1
CWE-1256,2025,-0.0,0,2
CWE-1257,2025,0.13689036082531314,36,2
CWE-1258,2025,-0.0,0,1
CWE-1259,2025,0.00010217904651440191,13,7
CWE-1260,2025,0.0009711298734303361,56,2
CWE-1262,2025,0.032393938112100965,78,3
CWE-1263,2025,0.0002774245293581465,9,1
CWE-1264,2025,-0.0,0,0
CWE-1268,2025,-0.0,0,0
CWE-1270,2025,0.0002774245293581465,9,1
CWE-1274,2025,0.00027775521853472626,11,4
CWE-1275,2025,8.017320053364772e-05,13,4
CWE-1276,2025,-0.0,0,0
CWE-1277,2025,-0.0,0,0
CWE-1278,2025,-0.0,0,0
CWE-1280,2025,-0.0,0,0
CWE-1281,2025,-0.0,0,3
CWE-1282,2025,-0.0,0,0
CWE-1283,2025,-0.0,0,0
CWE-1284,2025,0.002880568704157427,116,56
CWE-1285,2025,0.00023181739153997432,8,9
CWE-1286,2025,0.00011036347181063312,18,19
CWE-1287,2025,0.011449110346736208,118,57
CWE-1288,2025,0.0001849510621979571,42,3
CWE-1289,2025,-0.0,0,0
CWE-1294,2025,-0.0,0,0
CWE-1295,2025,0.0004707795953699165,42,6
CWE-1298,2025,-0.0,0,0
CWE-1299,2025,0.0013954913994700755,4,2
CWE-1300,2025,0.0004085611396703723,38,3
CWE-1301,2025,0.0002949661344753356,24,1
CWE-1303,2025,-0.0,0,0
CWE-1304,2025,-0.0,0,0
CWE-1310,2025,0.009125920497571117,66,1
CWE-1312,2025,-0.0,0,0
CWE-1313,2025,-0.0,0,0
CWE-1314,2025,-0.0,0,0
CWE-1316,2025,-0.0,0,0
CWE-1319,2025,0.00016618070586694387,6,1
CWE-1320,2025,-0.0,0,0
CWE-1321,2025,0.0006060532781479597,51,71
CWE-1322,2025,-0.0,0,0
CWE-1323,2025,5.99578579368262e-05,5,2
CWE-1325,2025,9.546206566476935e-05,5,2
CWE-1326,2025,3.871931904086576e-05,6,4
CWE-1327,2025,-0.0,0,3
CWE-1328,2025,0.0012279329640103804,12,4
CWE-1329,2025,-0.0,0,0
CWE-1330,2025,-0.0,0,0
CWE-1332,2025,0.0009711298734303365,56,1
CWE-1333,2025,0.0021678204463401796,126,73
CWE-1334,2025,-0.0,0,0
CWE-1335,2025,-0.0,0,0
CWE-1336,2025,0.0009926354354435792,77,33
CWE-1342,2025,-0.0,0,0
CWE-1357,2025,7.862905179694942e-06,3,1
CWE-1366,2025,-0.0,0,0
CWE-1384,2025,-0.0,0,2
CWE-1385,2025,0.00017752434556405394,20,9
CWE-1386,2025,5.570345983303522e-05,3,1
CWE-1389,2025,-0.0,0,0
CWE-1390,2025,0.1882315612516978,125,28
CWE-1391,2025,0.0002512480783162309,25,15
CWE-1392,2025,0.0010490158295118092,56,39
CWE-1393,2025,0.0004520830108504095,45,11
CWE-1394,2025,6.512098421794212e-06,4,6
CWE-1,2026,0.0,0,0
CWE-5,2026,0.0002670247668471295,8,1
CWE-14,2026,0.0002797950390655002,29,2
CWE-15,2026,0.0017634000788947501,127,30
CWE-16,2026,1.5155550748630064e-05,1,2
CWE-17,2026,0.0,0,0
CWE-18,2026,0.0,0,0
CWE-19,2026,2.710505431213761e-20,0,0
CWE-20,2026,0.09400074009284076,331,1491
CWE-21,2026,0.0,0,0
CWE-22,2026,0.07802044751814191,355,2492
CWE-23,2026,0.022908473131137363,210,131
CWE-24,2026,0.0009019529464129939,46,21
CWE-25,2026,-3.2311742677852644e-27,0,2
CWE-26,2026,0.0003471073007113936,31,3
CWE-27,2026,0.00032784012991533536,28,3
CWE-28,2026,3.944304526105059e-31,0,0
CWE-29,2026,0.00035236168822679373,31,7
CWE-31,2026,6.77927340424307e-32,0,3
CWE-32,2026,0.0,0,0
CWE-35,2026,0.009636932681115977,84,46
CWE-36,2026,0.01997387097462777,134,32
CWE-37,2026,0.0,0,0
CWE-38,2026,0.0,0,1
CWE-40,2026,0.0,0,1
CWE-41,2026,0.019261138477407583,172,11
CWE-42,2026,0.00020041831328790948,7,1
CWE-43,2026,0.0,0,0
CWE-46,2026,9.076241203274237e-05,10,1
CWE-50,2026,0.0,0,1
CWE-55,2026,0.0006553314345895184,23,1
CWE-57,2026,0.0,0,0
CWE-59,2026,0.03758734888854499,255,322
CWE-61,2026,0.004730259810366666,181,60
CWE-64,2026,0.0,0,0
CWE-65,2026,0.006532238279353134,95,1
CWE-66,2026,0.0,0,0
CWE-67,2026,0.0,0,4
CWE-69,2026,0.0,0,1
CWE-73,2026,0.037675896236772796,251,275
CWE-74,2026,0.010754213026447678,243,1447
CWE-75,2026,0.0004639013361781671,37,5
CWE-76,2026,0.00029711849285345685,10,4
CWE-77,2026,0.05442468429981078,253,716
CWE-78,2026,0.06744001518925513,325,1493
CWE-79,2026,0.05936985452161794,346,6634
CWE-80,2026,0.00484034639164126,147,110
CWE-81,2026,1.6981031955790237e-05,3,1
CWE-82,2026,0.0,0,1
CWE-83,2026,0.0009527736819472545,112,7
CWE-84,2026,5.274063188700395e-05,5,3
CWE-85,2026,0.0,0,0
CWE-86,2026,6.4055912541812e-05,9,1
CWE-87,2026,0.000986571953461994,69,10
CWE-88,2026,0.008889103998483975,195,147
CWE-89,2026,0.027790041695955274,283,2587
CWE-90,2026,0.0068747056643189055,175,52
CWE-91,2026,0.0014088248352466023,95,34
CWE-92,2026,0.0,0,0
CWE-93,2026,0.005592204706591235,177,141
CWE-94,2026,0.031109171262757977,276,1042
CWE-95,2026,0.00291662134550299,111,69
CWE-96,2026,0.0002590621242902004,9,4
CWE-97,2026,0.0,0,0
CWE-98,2026,0.0003063325263871191,20,580
CWE-99,2026,0.0012319583182449892,73,20
CWE-112,2026,0.0,0,1
CWE-113,2026,0.0021754316690336434,98,37
CWE-114,2026,0.0,0,2
CWE-115,2026,0.0,0,3
CWE-116,2026,0.018236714776066337,223,100
CWE-117,2026,0.0025586071851791035,109,34
CWE-118,2026,0.011898464524114825,96,1
CWE-119,2026,0.03155044909036356,174,1020
CWE-120,2026,0.2206342850555086,236,514
CWE-121,2026,0.2799969860135935,271,721
CWE-122,2026,0.10938713001854324,284,1206
CWE-123,2026,0.0013960884083867742,55,12
CWE-124,2026,0.004456611241996643,106,16
CWE-125,2026,0.2423838850211808,296,1659
CWE-126,2026,0.24393506572075105,204,123
CWE-127,2026,0.0005354007422360561,11,2
CWE-128,2026,0.0015988748616833923,33,2
CWE-129,2026,0.07950673666395948,160,119
CWE-130,2026,0.0027948280748209407,87,37
CWE-131,2026,0.033407001742612394,183,42
CWE-134,2026,0.027298249745889878,188,46
CWE-138,2026,0.0012372692239467648,46,4
CWE-140,2026,5.476835140584975e-05,7,3
CWE-141,2026,0.0006214283310055991,36,3
CWE-142,2026,0.0,0,0
CWE-143,2026,0.0,0,1
CWE-144,2026,0.00010398723351005841,19,1
CWE-145,2026,0.0,0,1
CWE-146,2026,0.00015691944533446166,9,2
CWE-147,2026,0.0,0,0
CWE-148,2026,0.0,0,1
CWE-149,2026,0.000597774111441086,30,1
CWE-150,2026,0.0011912000462990379,113,31
CWE-153,2026,0.0005232577217354003,54,1
CWE-155,2026,0.0004318562089687075,38,3
CWE-156,2026,0.0,0,0
CWE-158,2026,0.0009190002860262264,50,7
CWE-159,2026,1.5155550748627876e-05,1,2
CWE-162,2026,0.0,0,1
CWE-164,2026,0.0,0,1
CWE-166,2026,0.0005176989865024767,30,1
CWE-167,2026,0.0,0,0
CWE-168,2026,0.0,0,1
CWE-170,2026,0.02338398401435221,137,9
CWE-172,2026,0.0013549887358361796,32,4
CWE-173,2026,0.00011276321245587439,7,4
CWE-174,2026,4.5447703577804775e-05,5,3
CWE-176,2026,0.0011554536581934076,59,16
CWE-177,2026,0.0006258405820572994,48,11
CWE-178,2026,0.006292314525895148,188,61
CWE-179,2026,0.0029239487958940247,92,3
CWE-180,2026,0.0005813561014205525,32,27
CWE-183,2026,0.0012145322746982094,114,29
CWE-184,2026,0.013294487502234395,200,114
CWE-185,2026,0.0008398338729184202,52,16
CWE-186,2026,0.0,0,0
CWE-187,2026,0.01743103211904272,108,9
CWE-188,2026,0.0005447250042166996,20,2
CWE-189,2026,0.0007055690420229948,18,39
CWE-190,2026,0.24279131218858366,290,572
CWE-191,2026,0.15449178504320527,214,146
CWE-192,2026,0.0003011031515805081,10,1
CWE-193,2026,0.02461091027242749,216,62
CWE-194,2026,0.0,0,0
CWE-195,2026,0.0011442388909837814,52,12
CWE-196,2026,0.0,0,4
CWE-197,2026,0.02412793980071962,156,26
CWE-198,2026,0.0,0,0
CWE-199,2026,0.0,0,0
CWE-200,2026,0.18773016700813824,320,1537
CWE-201,2026,0.017346118735232213,214,183
CWE-202,2026,7.064417120415766e-05,9,9
CWE-203,2026,0.013246016551705684,170,96
CWE-204,2026,0.004267567005443416,134,74
CWE-207,2026,0.0,0,0
CWE-208,2026,0.008140385730743093,216,103
CWE-209,2026,0.025674255330633472,246,118
CWE-212,2026,0.033132981518071064,205,29
CWE-213,2026,1.9663639648319183e-05,2,4
CWE-214,2026,0.0009934039312651025,113,15
CWE-215,2026,0.0005365159994681215,52,10
CWE-216,2026,0.0,0,0
CWE-219,2026,0.0,0,0
CWE-221,2026,0.0010180150976476993,81,2
CWE-223,2026,0.0006106304739513692,32,5
CWE-226,2026,0.0005092565205677858,16,15
CWE-227,2026,0.0,0,1
CWE-228,2026,0.000267596280380116,13,7
CWE-229,2026,0.0,0,6
CWE-230,2026,6.187279563237682e-08,1,5
CWE-231,2026,1.3727316651493178e-05,1,1
CWE-232,2026,0.0,0,0
CWE-233,2026,0.0005232577217354003,54,7
CWE-235,2026,0.00018015451490571854,7,2
CWE-236,2026,0.0006215820819469116,31,1
CWE-237,2026,0.0,0,0
CWE-239,2026,0.0,0,0
CWE-240,2026,0.0,0,0
CWE-241,2026,0.0,0,4
CWE-242,2026,0.0003382379955540195,22,2
CWE-244,2026,0.0010024564054471002,56,7
CWE-248,2026,0.02111802841234601,200,128
CWE-250,2026,0.015889309454894158,222,90
CWE-252,2026,0.007914605280782128,183,32
CWE-253,2026,0.0021483951090800505,84,8
CWE-254,2026,0.0,0,0
CWE-255,2026,0.0,0,10
CWE-256,2026,0.0007411622069820656,54,38
CWE-257,2026,0.00972703750069461,127,13
CWE-258,2026,0.0,0,2
CWE-259,2026,0.00045087918391616735,40,44
CWE-260,2026,0.0,0,1
CWE-261,2026,9.105439905542565e-05,9,9
CWE-262,2026,0.0,0,1
CWE-263,2026,0.0,0,0
CWE-264,2026,2.5381664871412906e-05,5,23
CWE-265,2026,0.0,0,0
CWE-266,2026,0.031814531940930285,245,523
CWE-267,2026,0.009253839466432037,68,14
CWE-268,2026,0.0002565538945744753,10,2
CWE-269,2026,0.05127687255418455,289,1030
CWE-270,2026,0.0005921293822868077,22,2
CWE-271,2026,0.0,0,2
CWE-272,2026,0.008489719653507272,66,10
CWE-273,2026,0.001715453519303302,69,10
CWE-274,2026,2.0260379383599734e-05,3,3
CWE-275,2026,0.000562667564192165,17,6
CWE-276,2026,0.005215946105529253,148,132
CWE-277,2026,0.0013317019488553678,66,6
CWE-278,2026,0.0,0,2
CWE-279,2026,0.0009743416691263877,69,4
CWE-280,2026,0.02905507198224532,188,47
CWE-281,2026,0.001642821531371712,77,24
CWE-282,2026,0.0003403263593017365,33,5
CWE-283,2026,0.0010513572003696345,109,17
CWE-284,2026,0.06733558704498838,306,3041
CWE-285,2026,0.04215316103487023,281,446
CWE-286,2026,0.0006398574595904453,96,3
CWE-287,2026,0.05116898129707174,303,893
CWE-288,2026,0.03464029626046471,258,232
CWE-289,2026,0.00203828972295328,91,19
CWE-290,2026,0.03500176100974111,260,261
CWE-291,2026,0.0007037506906591078,100,4
CWE-292,2026,0.0,0,0
CWE-294,2026,0.022384749606726644,202,88
CWE-295,2026,0.05159309716139224,262,369
CWE-296,2026,0.0006215820819469116,31,4
CWE-297,2026,0.0015425419634851796,90,32
CWE-298,2026,0.0005313725206011589,24,2
CWE-299,2026,0.000885229548041815,45,9
CWE-300,2026,0.00048724967211602574,22,8
CWE-302,2026,0.0021320817839795268,62,10
CWE-303,2026,0.012820207646344587,151,29
CWE-304,2026,0.0005942260888329096,49,13
CWE-305,2026,0.002805388452028474,108,47
CWE-306,2026,0.22735933549880014,306,1120
CWE-307,2026,0.006732815937084629,187,166
CWE-308,2026,0.00032668299665889676,24,10
CWE-309,2026,0.0,0,0
CWE-310,2026,0.0007475254520769196,31,23
CWE-311,2026,0.001978084749448003,113,17
CWE-312,2026,0.030328171210951875,226,112
CWE-313,2026,0.0003202025157931384,21,5
CWE-315,2026,0.0,0,1
CWE-316,2026,2.82102491302212e-05,2,5
CWE-317,2026,6.183562736776303e-05,11,2
CWE-319,2026,0.030741063901626703,259,134
CWE-320,2026,0.0006670861309541427,97,30
CWE-321,2026,0.00870240968731925,103,106
CWE-322,2026,0.0002194496488957594,9,9
CWE-323,2026,0.09595208256342216,102,18
CWE-324,2026,2.698007955973518e-05,4,4
CWE-325,2026,0.1471779361069862,191,24
CWE-326,2026,0.010643778910571474,177,35
CWE-327,2026,0.015178710591208329,223,105
CWE-328,2026,0.0008163010251278062,53,18
CWE-329,2026,0.0019503422214676486,69,3
CWE-330,2026,0.006605464376316428,195,50
CWE-331,2026,0.018911938703279518,86,30
CWE-332,2026,0.0,0,1
CWE-333,2026,0.0,0,0
CWE-334,2026,0.0,0,1
CWE-335,2026,0.0008987067868387471,29,5
CWE-336,2026,0.0,0,2
CWE-337,2026,0.0001844253071870734,11,3
CWE-338,2026,0.0011064824434007582,66,62
CWE-339,2026,0.0,0,1
CWE-340,2026,0.0005831077148629974,50,12
CWE-341,2026,8.158169774288984e-05,4,4
CWE-342,2026,0.00035640519918874163,8,1
CWE-343,2026,6.714034821747474e-05,6,2
CWE-344,2026,0.0,0,1
CWE-345,2026,0.013188688121678964,239,266
CWE-346,2026,0.02862031768624367,257,330
CWE-347,2026,0.03284583184511208,288,268
CWE-348,2026,0.002632532628377092,130,41
CWE-349,2026,0.01981341968378433,189,15
CWE-350,2026,0.0007462233027046029,66,14
CWE-351,2026,0.0006398574595904456,96,2
CWE-352,2026,0.030898713292092952,259,929
CWE-353,2026,0.001965366888277241,146,14
CWE-354,2026,0.00889575379802286,141,47
CWE-356,2026,0.0008407663020795874,51,4
CWE-357,2026,0.01855156042151895,104,3
CWE-358,2026,0.01826621349230738,179,25
CWE-359,2026,0.14007477853610772,188,41
CWE-361,2026,0.0,0,0
CWE-362,2026,0.05464200501082334,289,606
CWE-363,2026,0.00012741878387068163,7,3
CWE-364,2026,0.00012727951445856833,7,4
CWE-366,2026,0.0003501903987986684,9,4
CWE-367,2026,0.2190847905547925,308,293
CWE-369,2026,0.02573566943242147,143,74
CWE-371,2026,0.0,0,2
CWE-372,2026,0.0006398574595904456,96,3
CWE-377,2026,0.0031831357443230083,135,24
CWE-378,2026,0.0008338191999667237,99,8
CWE-379,2026,0.01594608700533274,103,12
CWE-384,2026,0.0037592292543105975,119,69
CWE-385,2026,0.000339524585683342,25,4
CWE-386,2026,0.0,0,0
CWE-388,2026,0.0005465900697912549,38,3
CWE-390,2026,0.002149060080107643,89,8
CWE-391,2026,0.00021233041874288802,32,2
CWE-392,2026,0.0008219201840899724,30,2
CWE-393,2026,0.0,0,3
CWE-394,2026,0.0004421960520793955,9,3
CWE-395,2026,0.00011463125206915962,5,1
CWE-396,2026,0.00028951008195090004,19,2
CWE-399,2026,0.0,0,1
CWE-400,2026,0.06554688479799745,331,1064
CWE-401,2026,0.12907758255132862,226,412
CWE-402,2026,0.0,0,0
CWE-403,2026,0.0,0,3
CWE-404,2026,0.0037572136936568816,152,215
CWE-405,2026,0.0019127663441823358,137,26
CWE-406,2026,0.0003777651935077764,34,4
CWE-407,2026,0.00509621443479169,176,113
CWE-408,2026,0.0007993846090554367,103,5
CWE-409,2026,0.008101534982705305,216,99
CWE-410,2026,0.008182415640309425,32,3
CWE-412,2026,0.0,0,3
CWE-413,2026,0.0004811100971683889,28,3
CWE-414,2026,1.0138814023649472e-05,2,2
CWE-415,2026,0.0864025572341107,241,177
CWE-416,2026,0.2742298423758707,289,2157
CWE-417,2026,0.0,0,0
CWE-419,2026,0.0,0,0
CWE-420,2026,0.008832009592979346,62,10
CWE-421,2026,0.0,0,0
CWE-422,2026,0.0,0,0
CWE-424,2026,0.00021023131221846353,13,11
CWE-425,2026,0.0016339974838520022,81,29
CWE-426,2026,0.028731985565773707,198,96
CWE-427,2026,0.02340801061345828,222,174
CWE-428,2026,0.0011751528318042174,49,207
CWE-430,2026,0.0006553314345895183,23,1
CWE-431,2026,0.0,0,0
CWE-433,2026,0.0,0,1
CWE-434,2026,0.00985911733798212,196,569
CWE-435,2026,0.0,0,0
CWE-436,2026,0.005674959525923173,204,55
CWE-437,2026,0.0,0,0
CWE-440,2026,0.0009957133601471559,50,11
CWE-441,2026,0.025252310599993052,214,92
CWE-444,2026,0.010347197867750726,207,145
CWE-446,2026,0.0,0,0
CWE-447,2026,0.0,0,0
CWE-448,2026,0.0,0,1
CWE-449,2026,0.0,0,0
CWE-450,2026,0.0,0,0
CWE-451,2026,0.020303464056591072,192,242
CWE-453,2026,0.001433811680165977,120,4
CWE-454,2026,0.0,0,2
CWE-455,2026,0.0,0,1
CWE-456,2026,0.0,0,0
CWE-457,2026,0.15432349675550763,167,134
CWE-459,2026,0.005599392111755917,129,46
CWE-460,2026,0.0005174194924248422,39,8
CWE-462,2026,0.0,0,0
CWE-463,2026,0.0,0,0
CWE-465,2026,0.0,0,0
CWE-466,2026,0.0011731950019538704,38,6
CWE-467,2026,9.189880112561408e-05,3,1
CWE-468,2026,0.0,0,2
CWE-469,2026,0.0,0,1
CWE-470,2026,0.002285792629604904,90,60
CWE-471,2026,0.00014750263113214932,11,7
CWE-472,2026,0.002240299355366278,155,89
CWE-473,2026,0.0,0,0
CWE-474,2026,0.0010837519194183535,85,3
CWE-475,2026,0.0033707188402784223,77,2
CWE-476,2026,0.24285101948295834,279,880
CWE-477,2026,2.08161611386215e-05,7,1
CWE-479,2026,0.0,0,1
CWE-480,2026,0.0011852089265322872,79,5
CWE-484,2026,0.0,0,1
CWE-488,2026,0.0014231419206403159,73,18
CWE-489,2026,0.00026618498051768016,16,23
CWE-491,2026,0.0,0,0
CWE-494,2026,0.0018617589661594832,95,46
CWE-495,2026,0.0,0,0
CWE-497,2026,0.08691504967062749,212,144
CWE-501,2026,0.01588377888552815,104,5
CWE-502,2026,0.04628609372377713,252,947
CWE-506,2026,0.00018440379275311164,18,27
CWE-507,2026,0.0,0,0
CWE-514,2026,0.0003558298721281711,16,1
CWE-520,2026,0.0003023039641836954,29,4
CWE-521,2026,0.0012065999854312416,66,17
CWE-522,2026,0.017793672236479756,249,206
CWE-523,2026,0.00011022094969048763,12,5
CWE-524,2026,0.0023839905306561517,105,35
CWE-525,2026,0.00018474261444284483,28,6
CWE-526,2026,0.00032617676481480216,24,6
CWE-527,2026,0.0,0,1
CWE-530,2026,0.0,0,0
CWE-531,2026,0.0,0,0
CWE-532,2026,0.04225834827152776,277,217
CWE-533,2026,2.262831164111862e-05,3,1
CWE-534,2026,0.0,0,0
CWE-538,2026,0.008873119355355164,146,22
CWE-539,2026,0.00022430015385106465,35,3
CWE-540,2026,0.000299353075356598,21,6
CWE-544,2026,0.0,0,0
CWE-547,2026,8.840079654582186e-05,4,1
CWE-548,2026,0.00020707057259833488,14,8
CWE-549,2026,0.0,0,2
CWE-550,2026,2.8973648750457406e-05,4,2
CWE-551,2026,0.0007147521710723676,46,8
CWE-552,2026,0.031440069380548503,169,72
CWE-553,2026,5.022990613135969e-07,1,1
CWE-555,2026,0.0,0,0
CWE-556,2026,0.0,0,0
CWE-557,2026,9.905181262739316e-05,14,3
CWE-561,2026,0.0,0,1
CWE-562,2026,0.0005447250042166996,20,2
CWE-563,2026,0.0,0,0
CWE-564,2026,0.0003249195682024455,18,6
CWE-565,2026,0.0006635396557549361,33,12
CWE-566,2026,0.0,0,1
CWE-567,2026,0.00034762341890630404,44,6
CWE-570,2026,0.0,0,0
CWE-571,2026,0.0,0,0
CWE-573,2026,0.0002533876776443763,19,4
CWE-590,2026,0.006670857376279708,137,6
CWE-591,2026,0.0,0,0
CWE-592,2026,0.00026568809380366404,28,1
CWE-597,2026,0.0,0,0
CWE-598,2026,0.0009021176599843461,58,35
CWE-599,2026,1.80396498694932e-05,1,2
CWE-600,2026,0.0,0,0
CWE-601,2026,0.015148287853957656,250,357
CWE-602,2026,0.00219496377660074,121,69
CWE-603,2026,0.0009250480047867173,48,9
CWE-605,2026,0.0,0,2
CWE-606,2026,0.0029900824625077116,81,22
CWE-610,2026,0.00808155188919904,161,27
CWE-611,2026,0.005787286871475014,139,138
CWE-612,2026,7.763675930414378e-05,3,4
CWE-613,2026,0.01118222586573694,247,190
CWE-614,2026,0.0004903107772393817,54,17
CWE-615,2026,0.0002244640344659449,8,2
CWE-616,2026,4.538546286602259e-05,4,2
CWE-617,2026,0.13209627210411082,129,189
CWE-618,2026,0.0,0,0
CWE-620,2026,0.0009268550266954836,63,27
CWE-622,2026,0.0,0,0
CWE-623,2026,0.0,0,0
CWE-624,2026,6.607881987543251e-06,3,1
CWE-625,2026,0.0010478086922845909,121,7
CWE-626,2026,0.0003049099622643968,24,1
CWE-627,2026,2.2787732869769997e-07,1,3
CWE-628,2026,0.0,0,1
CWE-636,2026,0.0018494353891510672,120,39
CWE-639,2026,0.018263474571055146,253,1441
CWE-640,2026,0.0016958220818254599,80,69
CWE-641,2026,0.018065273656145384,98,5
CWE-642,2026,0.00437098461756467,59,3
CWE-643,2026,0.008151015443617678,32,5
CWE-644,2026,0.0009758552210399277,72,24
CWE-645,2026,0.00014556919766201877,17,2
CWE-646,2026,0.0,0,1
CWE-647,2026,0.0004825756003844022,34,10
CWE-648,2026,0.009376054333699028,130,13
CWE-649,2026,0.0,0,2
CWE-650,2026,0.0,0,4
CWE-653,2026,0.00098555633245946,70,24
CWE-655,2026,0.0,0,1
CWE-656,2026,0.0,0,3
CWE-657,2026,0.0003310680036608105,21,2
CWE-662,2026,0.000684412815699695,36,2
CWE-664,2026,0.006652314408540957,113,13
CWE-665,2026,0.00796756506628914,131,19
CWE-666,2026,0.0,0,3
CWE-667,2026,0.004263757181349165,145,122
CWE-668,2026,0.006424814505890446,189,56
CWE-669,2026,0.006229712409299432,198,46
CWE-670,2026,0.003926923921859724,114,37
CWE-671,2026,0.0,0,2
CWE-672,2026,0.003736856859671294,183,18
CWE-673,2026,0.0,0,0
CWE-674,2026,0.0182900439267224,234,219
CWE-675,2026,0.000339958319391745,28,1
CWE-676,2026,0.00021795917276758948,12,4
CWE-680,2026,0.00038256171254701316,11,7
CWE-681,2026,0.020132229071410084,127,28
CWE-682,2026,0.0046646745630301726,138,22
CWE-683,2026,0.00036741600068991966,35,1
CWE-684,2026,0.001604220851808291,101,7
CWE-686,2026,0.00046455612606161316,19,1
CWE-688,2026,6.0072689782875495e-05,7,2
CWE-689,2026,0.0,0,0
CWE-690,2026,1.0702129392545925e-05,1,1
CWE-691,2026,0.0018609716199522867,98,5
CWE-692,2026,0.0,0,3
CWE-693,2026,0.03994155364080743,272,395
CWE-694,2026,0.0007571344329162319,49,4
CWE-696,2026,0.002541195372943169,146,24
CWE-697,2026,0.0016428698085056376,78,31
CWE-698,2026,1.4712118046816988e-05,1,6
CWE-701,2026,0.0,0,3
CWE-703,2026,0.0068251840350841515,129,28
CWE-704,2026,0.02213328997037666,173,28
CWE-705,2026,0.0,0,3
CWE-706,2026,0.005197331638081783,211,48
CWE-707,2026,0.0004400718932164175,18,4
CWE-708,2026,0.00041048588470441404,30,3
CWE-710,2026,0.0,0,1
CWE-732,2026,0.041059060008219794,278,165
CWE-733,2026,0.0,0,0
CWE-749,2026,0.001015071103300975,73,45
CWE-754,2026,0.015084565614401014,214,130
CWE-755,2026,0.0023005074427622407,83,32
CWE-757,2026,0.0030806770549551728,98,10
CWE-758,2026,0.0023393782805744587,62,12
CWE-759,2026,0.0063465271521436,34,8
CWE-760,2026,1.9347409334748554e-05,3,2
CWE-761,2026,0.0,0,0
CWE-762,2026,0.0002545907935753389,12,1
CWE-763,2026,0.019038694706105717,156,16
CWE-767,2026,0.0,0,0
CWE-768,2026,0.00015277368237946298,19,1
CWE-769,2026,0.0,0,0
CWE-770,2026,0.08239422994063647,345,869
CWE-771,2026,0.0002633548762298474,18,2
CWE-772,2026,0.028916685203329837,177,42
CWE-774,2026,0.0,0,1
CWE-775,2026,7.574292947092925e-05,2,2
CWE-776,2026,0.0012093566371617413,63,20
CWE-777,2026,0.0005958511589077241,25,4
CWE-778,2026,0.001692325375114894,70,14
CWE-779,2026,0.00029712893114503794,32,5
CWE-780,2026,0.0,0,0
CWE-782,2026,0.00012894477303496222,3,18
CWE-783,2026,0.0006042423146600069,33,3
CWE-784,2026,0.0,0,1
CWE-786,2026,0.0006752953882807391,28,1
CWE-787,2026,0.2941768092741695,310,1454
CWE-788,2026,0.0005388993229985306,29,3
CWE-789,2026,0.026897212691369465,195,129
CWE-790,2026,2.0871622880672565e-05,2,3
CWE-791,2026,3.0854974709932666e-05,3,17
CWE-792,2026,0.0,0,0
CWE-794,2026,1.4548897696270973e-06,1,1
CWE-798,2026,0.011591978308163506,155,232
CWE-799,2026,0.001981972728280188,133,16
CWE-804,2026,0.0004445561758152797,37,6
CWE-805,2026,0.002813443634805094,84,14
CWE-807,2026,0.022713253936491637,209,53
CWE-820,2026,0.0007198426752996542,26,3
CWE-821,2026,0.0014907643286770104,46,3
CWE-822,2026,0.05944510466411662,141,81
CWE-823,2026,0.001442438383446964,48,12
CWE-824,2026,0.014055999640965527,143,21
CWE-825,2026,0.0025656042455559575,77,13
CWE-826,2026,0.0005977741114410862,30,1
CWE-828,2026,0.0,0,0
CWE-829,2026,0.005098544400580417,199,101
CWE-830,2026,0.0,0,0
CWE-832,2026,0.0,0,0
CWE-833,2026,0.0008053184355065729,27,5
CWE-834,2026,0.0002651069022799519,34,9
CWE-835,2026,0.042250912309965895,253,200
CWE-836,2026,0.00018928384026184746,22,3
CWE-837,2026,0.0002142417324670564,12,3
CWE-838,2026,0.0,0,2
CWE-839,2026,0.00020125631262103065,9,1
CWE-840,2026,0.0005869160807515812,55,29
CWE-841,2026,0.0022097990749187554,122,29
CWE-842,2026,0.00012690365751976163,16,3
CWE-843,2026,0.05548340030767868,245,221
CWE-862,2026,0.073774884297782,336,3434
CWE-863,2026,0.07424380603048063,350,1446
CWE-882,2026,0.00019973118860304993,21,1
CWE-908,2026,0.04554904592832251,229,191
CWE-909,2026,0.0008854644412608927,41,2
CWE-910,2026,0.0,0,1
CWE-911,2026,0.0005977741114410862,30,1
CWE-912,2026,0.004755500580112995,20,19
CWE-913,2026,0.0017212079400952525,115,27
CWE-914,2026,0.0,0,0
CWE-915,2026,0.005273450360971895,156,78
CWE-916,2026,0.0006260199525995261,57,19
CWE-917,2026,0.0008195847675379743,57,23
CWE-918,2026,0.03442319108505944,302,1637
CWE-920,2026,0.0,0,0
CWE-921,2026,0.0,0,0
CWE-922,2026,0.018419283339173375,108,14
CWE-923,2026,0.0021724145332720672,118,25
CWE-924,2026,0.0008792553986607894,43,7
CWE-925,2026,7.467910756510951e-05,6,2
CWE-926,2026,0.001189496602312548,54,21
CWE-927,2026,0.0,0,0
CWE-939,2026,0.0007017368338740436,40,10
CWE-940,2026,0.0011787609942289824,120,17
CWE-941,2026,0.0,0,3
CWE-942,2026,0.004475533887101954,151,45
CWE-943,2026,0.004187135416507988,124,90
CWE-1004,2026,0.00027027223301667844,15,5
CWE-1007,2026,0.0,0,0
CWE-1018,2026,0.0,0,0
CWE-1021,2026,0.008808281056977906,158,55
CWE-1022,2026,0.0,0,1
CWE-1023,2026,0.000987579224863889,112,8
CWE-1025,2026,0.0006165419951133829,50,10
CWE-1026,2026,0.0,0,0
CWE-1027,2026,0.0,0,1
CWE-1032,2026,0.0,0,1
CWE-1035,2026,0.0,0,13
CWE-1037,2026,0.0,0,0
CWE-1038,2026,0.0,0,0
CWE-1039,2026,0.0,0,0
CWE-1046,2026,0.00044992920375089615,14,1
CWE-1049,2026,0.0,0,0
CWE-1050,2026,0.0005407304345815051,45,5
CWE-1059,2026,0.00026568809380366404,28,2
CWE-1068,2026,0.0,0,1
CWE-1072,2026,0.0,0,1
CWE-1076,2026,0.0,0,0
CWE-1077,2026,0.00044074045905604904,10,2
CWE-1088,2026,0.0001091374272901522,6,1
CWE-1100,2026,0.0,0,0
CWE-1102,2026,0.0,0,0
CWE-1103,2026,0.0,0,0
CWE-1104,2026,0.00020621998236606054,18,12
CWE-1106,2026,0.0,0,0
CWE-1108,2026,3.499186512835403e-05,4,1
CWE-1112,2026,0.0,0,0
CWE-1116,2026,0.0,0,0
CWE-1119,2026,0.0002878172947098862,17,1
CWE-1124,2026,0.0002758957457199442,19,1
CWE-1125,2026,5.220350875611275e-06,1,1
CWE-1149,2026,0.0,0,1
CWE-1164,2026,0.0,0,0
CWE-1173,2026,1.560951180746278e-05,2,2
CWE-1174,2026,0.0,0,0
CWE-1176,2026,0.0,0,1
CWE-1187,2026,0.0,0,0
CWE-1188,2026,0.00492858083498968,174,62
CWE-1189,2026,0.0,0,3
CWE-1191,2026,5.075866263563927e-05,4,11
CWE-1204,2026,0.0,0,0
CWE-1220,2026,0.022577717110002938,154,40
CWE-1223,2026,0.0,0,0
CWE-1230,2026,0.0077359234940308245,90,7
CWE-1231,2026,0.0,0,1
CWE-1233,2026,0.0,0,2
CWE-1234,2026,0.0,0,2
CWE-1236,2026,0.0011597640239607283,89,39
CWE-1240,2026,0.0121841477460235,113,8
CWE-1241,2026,7.835296890269169e-05,8,6
CWE-1242,2026,0.00013368732353227363,9,5
CWE-1244,2026,0.0005152409694566816,13,2
CWE-1245,2026,0.0,0,1
CWE-1246,2026,0.0,0,0
CWE-1247,2026,0.0,0,1
CWE-1250,2026,0.0003202025157931384,21,1
CWE-1251,2026,0.0,0,0
CWE-1254,2026,0.003523704577928362,126,2
CWE-1255,2026,0.0,0,0
CWE-1256,2026,0.0,0,2
CWE-1257,2026,0.0,0,0
CWE-1258,2026,0.00043789446067597743,45,8
CWE-1259,2026,0.0002475036842268058,15,4
CWE-1260,2026,0.0012048363458793158,3,12
CWE-1262,2026,0.07485288394998911,28,4
CWE-1263,2026,0.0,0,2
CWE-1264,2026,0.0,0,0
CWE-1268,2026,0.0010180150976476993,81,1
CWE-1270,2026,0.0006730643719653203,62,3
CWE-1274,2026,0.0,0,2
CWE-1275,2026,0.0003284456986211441,35,3
CWE-1276,2026,0.00021262715278536705,11,1
CWE-1277,2026,0.0,0,1
CWE-1278,2026,0.0,0,0
CWE-1280,2026,0.0005232577217354003,54,3
CWE-1281,2026,0.0,0,1
CWE-1282,2026,6.801866443789244e-05,1,6
CWE-1283,2026,0.0,0,0
CWE-1284,2026,0.0074600692269967414,205,134
CWE-1285,2026,0.0010709795609148611,55,13
CWE-1286,2026,0.18073929356562193,135,26
CWE-1287,2026,0.0269957546215243,164,33
CWE-1288,2026,0.01754983541446653,112,10
CWE-1289,2026,0.000871593171335514,61,19
CWE-1294,2026,0.1000538987692271,28,1
CWE-1295,2026,6.892580874391192e-05,4,2
CWE-1298,2026,0.0,0,1
CWE-1299,2026,0.0,0,1
CWE-1300,2026,0.0018118819221826425,98,31
CWE-1301,2026,0.0,0,1
CWE-1303,2026,0.0,0,0
CWE-1304,2026,0.0,0,1
CWE-1310,2026,0.0,0,0
CWE-1312,2026,0.0,0,1
CWE-1313,2026,0.0,0,1
CWE-1314,2026,0.00010399958528572947,6,1
CWE-1316,2026,0.0,0,1
CWE-1319,2026,0.0,0,0
CWE-1320,2026,0.0,0,0
CWE-1321,2026,0.004747770309196429,170,127
CWE-1322,2026,0.0,0,1
CWE-1323,2026,0.0,0,0
CWE-1325,2026,0.0017192855386720589,55,12
CWE-1326,2026,0.0,0,0
CWE-1327,2026,0.0007525218230480705,99,9
CWE-1328,2026,4.463120945176517e-05,5,1
CWE-1329,2026,0.017984196492091434,96,4
CWE-1330,2026,0.0,0,1
CWE-1332,2026,0.0,0,0
CWE-1333,2026,0.007400908977089848,213,110
CWE-1334,2026,0.0,0,1
CWE-1335,2026,0.0030380899952061335,87,3
CWE-1336,2026,0.0032693034947558625,93,92
CWE-1342,2026,0.0,0,1
CWE-1357,2026,0.0002786693822238145,13,5
CWE-1366,2026,0.0,0,1
CWE-1384,2026,0.0,0,0
CWE-1385,2026,0.00046161859843564713,35,15
CWE-1386,2026,0.0,0,2
CWE-1389,2026,0.0,0,1
CWE-1390,2026,0.020351223671700003,123,30
CWE-1391,2026,0.000996530371070234,29,17
CWE-1392,2026,0.001156060339168526,43,33
CWE-1393,2026,0.0005956906540707002,41,11
CWE-1394,2026,0.0005846902601221236,26,6
