source,target,weight,source_x,source_y,target_x,target_y
CWE-1,CWE-119,1.0,-0.08595693111419678,0.5062786340713501,-0.004948765505105257,0.027124492451548576
CWE-1,CWE-834,1.0,-0.08595693111419678,0.5062786340713501,-0.04651564732193947,0.11536671966314316
CWE-1,CWE-362,1.0,-0.08595693111419678,0.5062786340713501,-0.016717402264475822,0.03487185761332512
CWE-1,CWE-269,1.0,-0.08595693111419678,0.5062786340713501,-0.01995079405605793,-0.010946606285870075
CWE-1,CWE-416,1.0,-0.08595693111419678,0.5062786340713501,-0.0034559874329715967,0.05317194014787674
CWE-5,CWE-295,3.0,0.2672628164291382,-0.044712066650390625,-0.03137262165546417,-0.007503588683903217
CWE-5,CWE-476,4.0,0.2672628164291382,-0.044712066650390625,-0.005598189774900675,0.05277804657816887
CWE-5,CWE-94,3.0,0.2672628164291382,-0.044712066650390625,-0.0033242066856473684,-0.03706299141049385
CWE-5,CWE-326,3.0,0.2672628164291382,-0.044712066650390625,0.020296545699238777,-0.03038967214524746
CWE-5,CWE-77,3.0,0.2672628164291382,-0.044712066650390625,0.013211049139499664,-0.007286150939762592
CWE-14,CWE-613,1.0,-0.554349422454834,-0.007209478411823511,-0.05584489554166794,-0.0355217382311821
CWE-14,CWE-923,1.0,-0.554349422454834,-0.007209478411823511,-0.10824158042669296,0.14542903006076813
CWE-14,CWE-759,1.0,-0.554349422454834,-0.007209478411823511,-0.09065411984920502,-0.01097128540277481
CWE-14,CWE-434,1.0,-0.554349422454834,-0.007209478411823511,-0.03029021993279457,-0.06154598295688629
CWE-14,CWE-644,1.0,-0.554349422454834,-0.007209478411823511,-0.19731102883815765,-0.040414512157440186
CWE-15,CWE-918,6.0,0.03871680051088333,-0.17814292013645172,-0.009878953918814659,-0.07857222110033035
CWE-15,CWE-78,26.0,0.03871680051088333,-0.17814292013645172,0.011931326240301132,-0.018615834414958954
CWE-15,CWE-732,6.0,0.03871680051088333,-0.17814292013645172,0.008362405002117157,-0.014200760051608086
CWE-15,CWE-22,9.0,0.03871680051088333,-0.17814292013645172,-0.009574634954333305,-0.0344989113509655
CWE-15,CWE-79,10.0,0.03871680051088333,-0.17814292013645172,-0.014606784097850323,-0.03537274897098541
CWE-16,CWE-399,111.0,0.04018781706690788,-0.00845350418239832,0.011790155433118343,0.0009005937026813626
CWE-16,CWE-200,118.0,0.04018781706690788,-0.00845350418239832,-0.007117283530533314,-0.004748050589114428
CWE-16,CWE-264,148.0,0.04018781706690788,-0.00845350418239832,-0.002783054718747735,-0.007213043514639139
CWE-16,CWE-119,144.0,0.04018781706690788,-0.00845350418239832,-0.004948765505105257,0.027124492451548576
CWE-16,CWE-20,140.0,0.04018781706690788,-0.00845350418239832,-0.008682350628077984,0.010333848185837269
CWE-17,CWE-264,110.0,0.047770339995622635,-0.00336043001152575,-0.002783054718747735,-0.007213043514639139
CWE-17,CWE-119,124.0,0.047770339995622635,-0.00336043001152575,-0.004948765505105257,0.027124492451548576
CWE-17,CWE-399,98.0,0.047770339995622635,-0.00336043001152575,0.011790155433118343,0.0009005937026813626
CWE-17,CWE-20,109.0,0.047770339995622635,-0.00336043001152575,-0.008682350628077984,0.010333848185837269
CWE-17,CWE-200,117.0,0.047770339995622635,-0.00336043001152575,-0.007117283530533314,-0.004748050589114428
CWE-18,CWE-119,9.0,0.10678353160619736,0.16738341748714447,-0.004948765505105257,0.027124492451548576
CWE-18,CWE-787,9.0,0.10678353160619736,0.16738341748714447,-0.0072766561061143875,0.03308534994721413
CWE-18,CWE-763,8.0,0.10678353160619736,0.16738341748714447,0.007184468675404787,0.0808861032128334
CWE-18,CWE-200,11.0,0.10678353160619736,0.16738341748714447,-0.007117283530533314,-0.004748050589114428
CWE-18,CWE-125,9.0,0.10678353160619736,0.16738341748714447,-0.007911758497357368,0.04164179041981697
CWE-19,CWE-284,152.0,-0.04013818874955177,-0.004111979156732559,-0.024067847058176994,0.010674300603568554
CWE-19,CWE-200,242.0,-0.04013818874955177,-0.004111979156732559,-0.007117283530533314,-0.004748050589114428
CWE-19,CWE-264,160.0,-0.04013818874955177,-0.004111979156732559,-0.002783054718747735,-0.007213043514639139
CWE-19,CWE-119,213.0,-0.04013818874955177,-0.004111979156732559,-0.004948765505105257,0.027124492451548576
CWE-19,CWE-20,229.0,-0.04013818874955177,-0.004111979156732559,-0.008682350628077984,0.010333848185837269
CWE-20,CWE-21,1.0,-0.008682350628077984,0.010333848185837269,-0.13251478970050812,-0.4822673797607422
CWE-20,CWE-551,4.0,-0.008682350628077984,0.010333848185837269,-0.021567614749073982,-0.3153051435947418
CWE-20,CWE-338,50.0,-0.008682350628077984,0.010333848185837269,-0.09081433713436127,0.04265573248267174
CWE-20,CWE-1241,1.0,-0.008682350628077984,0.010333848185837269,0.10160201042890549,-0.4920710623264313
CWE-20,CWE-130,8.0,-0.008682350628077984,0.010333848185837269,-0.1193375363945961,0.17763110995292664
CWE-20,CWE-120,3369.0,-0.008682350628077984,0.010333848185837269,-0.00981943216174841,0.03937011957168579
CWE-20,CWE-470,28.0,-0.008682350628077984,0.010333848185837269,0.029756437987089157,-0.08928661793470383
CWE-20,CWE-682,146.0,-0.008682350628077984,0.010333848185837269,-0.045395296066999435,0.08008401095867157
CWE-20,CWE-440,7.0,-0.008682350628077984,0.010333848185837269,-0.13240642845630646,0.21723699569702148
CWE-20,CWE-918,238.0,-0.008682350628077984,0.010333848185837269,-0.009878953918814659,-0.07857222110033035
CWE-20,CWE-281,197.0,-0.008682350628077984,0.010333848185837269,0.034062474966049194,0.04482383653521538
CWE-20,CWE-379,17.0,-0.008682350628077984,0.010333848185837269,0.12535704672336578,0.06748401373624802
CWE-20,CWE-88,77.0,-0.008682350628077984,0.010333848185837269,0.04351263865828514,-0.04252335801720619
CWE-20,CWE-426,129.0,-0.008682350628077984,0.010333848185837269,0.03880825266242027,0.01850116066634655
CWE-20,CWE-400,1537.0,-0.008682350628077984,0.010333848185837269,-0.023355096578598022,0.02558581531047821
CWE-20,CWE-908,654.0,-0.008682350628077984,0.010333848185837269,-0.017863865941762924,0.05613620951771736
CWE-20,CWE-362,1974.0,-0.008682350628077984,0.010333848185837269,-0.016717402264475822,0.03487185761332512
CWE-20,CWE-776,39.0,-0.008682350628077984,0.010333848185837269,-0.07124422490596771,0.060925208032131195
CWE-20,CWE-209,134.0,-0.008682350628077984,0.010333848185837269,-0.01914246380329132,-0.056962329894304276
CWE-20,CWE-184,26.0,-0.008682350628077984,0.010333848185837269,0.04716724157333374,-0.10571680217981339
CWE-20,CWE-532,211.0,-0.008682350628077984,0.010333848185837269,-0.021585989743471146,-0.029124239459633827
CWE-20,CWE-327,320.0,-0.008682350628077984,0.010333848185837269,-0.044679123908281326,0.0005457004299387336
CWE-20,CWE-23,43.0,-0.008682350628077984,0.010333848185837269,-0.02882600948214531,-0.0939386710524559
CWE-20,CWE-762,2.0,-0.008682350628077984,0.010333848185837269,-0.22934158146381378,0.3479769229888916
CWE-20,CWE-480,3.0,-0.008682350628077984,0.010333848185837269,-0.22617973387241364,0.23755335807800293
CWE-20,CWE-693,78.0,-0.008682350628077984,0.010333848185837269,-0.0892585813999176,0.007505075074732304
CWE-20,CWE-779,2.0,-0.008682350628077984,0.010333848185837269,0.11411648243665695,-0.38233256340026855
CWE-20,CWE-732,425.0,-0.008682350628077984,0.010333848185837269,0.008362405002117157,-0.014200760051608086
CWE-20,CWE-134,162.0,-0.008682350628077984,0.010333848185837269,-0.04996505379676819,0.06130402907729149
CWE-20,CWE-681,323.0,-0.008682350628077984,0.010333848185837269,-0.03912424296140671,0.016654817387461662
CWE-20,CWE-330,271.0,-0.008682350628077984,0.010333848185837269,0.026620404794812202,0.03537904471158981
CWE-20,CWE-437,1.0,-0.008682350628077984,0.010333848185837269,0.3318631947040558,-0.7750679850578308
CWE-20,CWE-697,213.0,-0.008682350628077984,0.010333848185837269,-0.032389119267463684,0.06760942190885544
CWE-20,CWE-668,862.0,-0.008682350628077984,0.010333848185837269,0.004169609397649765,0.028927691280841827
CWE-20,CWE-141,39.0,-0.008682350628077984,0.010333848185837269,-0.0928419679403305,-0.04110153764486313
CWE-20,CWE-294,105.0,-0.008682350628077984,0.010333848185837269,-0.06017633154988289,0.007265884894877672
CWE-20,CWE-399,731.0,-0.008682350628077984,0.010333848185837269,0.011790155433118343,0.0009005937026813626
CWE-20,CWE-444,112.0,-0.008682350628077984,0.010333848185837269,0.02473337948322296,-0.040868159383535385
CWE-20,CWE-270,5.0,-0.008682350628077984,0.010333848185837269,0.21729515492916107,-0.08129337430000305
CWE-20,CWE-77,578.0,-0.008682350628077984,0.010333848185837269,0.013211049139499664,-0.007286150939762592
CWE-20,CWE-413,2.0,-0.008682350628077984,0.010333848185837269,0.20475651323795319,0.3712244927883148
CWE-20,CWE-385,2.0,-0.008682350628077984,0.010333848185837269,0.3035354018211365,0.16715742647647858
CWE-20,CWE-22,1170.0,-0.008682350628077984,0.010333848185837269,-0.009574634954333305,-0.0344989113509655
CWE-20,CWE-552,91.0,-0.008682350628077984,0.010333848185837269,0.01144830696284771,-0.07407399266958237
CWE-20,CWE-352,874.0,-0.008682350628077984,0.010333848185837269,-0.012869291007518768,-0.046273693442344666
CWE-20,CWE-767,1.0,-0.008682350628077984,0.010333848185837269,0.26708436012268066,-0.39288395643234253
CWE-20,CWE-199,9.0,-0.008682350628077984,0.010333848185837269,0.16490398347377777,0.02923658862709999
CWE-20,CWE-173,1.0,-0.008682350628077984,0.010333848185837269,0.4485674202442169,-0.3221863806247711
CWE-20,CWE-522,371.0,-0.008682350628077984,0.010333848185837269,0.025469886139035225,-0.017775731161236763
CWE-20,CWE-319,686.0,-0.008682350628077984,0.010333848185837269,0.0009186678798869252,-0.008280155248939991
CWE-20,CWE-269,876.0,-0.008682350628077984,0.010333848185837269,-0.01995079405605793,-0.010946606285870075
CWE-20,CWE-459,380.0,-0.008682350628077984,0.010333848185837269,-0.0319937989115715,0.031058236956596375
CWE-20,CWE-670,48.0,-0.008682350628077984,0.010333848185837269,-0.025426315143704414,0.11868958920240402
CWE-20,CWE-427,113.0,-0.008682350628077984,0.010333848185837269,0.03591614216566086,0.030950842425227165
CWE-20,CWE-59,709.0,-0.008682350628077984,0.010333848185837269,0.00397416390478611,0.002641170984134078
CWE-20,CWE-601,253.0,-0.008682350628077984,0.010333848185837269,-0.0036730500869452953,-0.049856338649988174
CWE-20,CWE-79,2313.0,-0.008682350628077984,0.010333848185837269,-0.014606784097850323,-0.03537274897098541
CWE-20,CWE-388,88.0,-0.008682350628077984,0.010333848185837269,0.05486173555254936,0.03536283224821091
CWE-20,CWE-212,456.0,-0.008682350628077984,0.010333848185837269,0.009168251417577267,0.018763581290841103
CWE-20,CWE-231,2.0,-0.008682350628077984,0.010333848185837269,0.3276282846927643,-0.04279226437211037
CWE-20,CWE-367,2265.0,-0.008682350628077984,0.010333848185837269,-0.0025731376372277737,0.038914646953344345
CWE-20,CWE-354,74.0,-0.008682350628077984,0.010333848185837269,-0.07442063093185425,0.0005920042167417705
CWE-20,CWE-123,13.0,-0.008682350628077984,0.010333848185837269,0.1247221976518631,0.10890976339578629
CWE-20,CWE-176,7.0,-0.008682350628077984,0.010333848185837269,0.20236018300056458,0.0018666686955839396
CWE-20,CWE-321,261.0,-0.008682350628077984,0.010333848185837269,-0.057480260729789734,-0.016543669626116753
CWE-20,CWE-755,649.0,-0.008682350628077984,0.010333848185837269,0.011630009859800339,0.05406934395432472
CWE-20,CWE-295,861.0,-0.008682350628077984,0.010333848185837269,-0.03137262165546417,-0.007503588683903217
CWE-20,CWE-113,19.0,-0.008682350628077984,0.010333848185837269,0.07064586132764816,-0.0902426466345787
CWE-20,CWE-922,75.0,-0.008682350628077984,0.010333848185837269,-0.07311329990625381,0.015178214758634567
CWE-20,CWE-284,747.0,-0.008682350628077984,0.010333848185837269,-0.024067847058176994,0.010674300603568554
CWE-20,CWE-91,41.0,-0.008682350628077984,0.010333848185837269,0.014022961258888245,-0.09899817407131195
CWE-20,CWE-417,7.0,-0.008682350628077984,0.010333848185837269,0.16794194281101227,-0.05775749310851097
CWE-20,CWE-353,19.0,-0.008682350628077984,0.010333848185837269,0.0424005389213562,0.14087635278701782
CWE-20,CWE-610,60.0,-0.008682350628077984,0.010333848185837269,-0.08035542815923691,0.01670839451253414
CWE-20,CWE-829,62.0,-0.008682350628077984,0.010333848185837269,0.0007557526114396751,-0.08127222955226898
CWE-20,CWE-200,2569.0,-0.008682350628077984,0.010333848185837269,-0.007117283530533314,-0.004748050589114428
CWE-20,CWE-557,1.0,-0.008682350628077984,0.010333848185837269,-0.3845733106136322,-0.3561520278453827
CWE-20,CWE-783,7.0,-0.008682350628077984,0.010333848185837269,-0.16063103079795837,-0.10798216611146927
CWE-20,CWE-174,1.0,-0.008682350628077984,0.010333848185837269,-0.515711784362793,-0.1582293063402176
CWE-20,CWE-320,95.0,-0.008682350628077984,0.010333848185837269,0.04874497652053833,0.044800207018852234
CWE-20,CWE-754,472.0,-0.008682350628077984,0.010333848185837269,-0.029542161151766777,0.05322364345192909
CWE-20,CWE-357,20.0,-0.008682350628077984,0.010333848185837269,0.09984534978866577,0.09475084394216537
CWE-20,CWE-190,2918.0,-0.008682350628077984,0.010333848185837269,-0.009562483057379723,0.0456865169107914
CWE-20,CWE-771,2.0,-0.008682350628077984,0.010333848185837269,0.19496247172355652,-0.33644136786460876
CWE-20,CWE-158,27.0,-0.008682350628077984,0.010333848185837269,0.027924641966819763,-0.1267250031232834
CWE-20,CWE-703,16.0,-0.008682350628077984,0.010333848185837269,0.07101047039031982,0.13310934603214264
CWE-20,CWE-125,4261.0,-0.008682350628077984,0.010333848185837269,-0.007911758497357368,0.04164179041981697
CWE-20,CWE-428,43.0,-0.008682350628077984,0.010333848185837269,0.1018432229757309,0.004245824180543423
CWE-20,CWE-297,11.0,-0.008682350628077984,0.010333848185837269,-0.16886036098003387,-0.032225724309682846
CWE-20,CWE-273,23.0,-0.008682350628077984,0.010333848185837269,0.11628727614879608,0.04478726536035538
CWE-20,CWE-924,14.0,-0.008682350628077984,0.010333848185837269,0.14030857384204865,-0.00923512876033783
CWE-20,CWE-248,42.0,-0.008682350628077984,0.010333848185837269,-0.11601410806179047,0.019072989001870155
CWE-20,CWE-93,23.0,-0.008682350628077984,0.010333848185837269,0.060455527156591415,-0.076343834400177
CWE-20,CWE-66,1.0,-0.008682350628077984,0.010333848185837269,-0.38501378893852234,-0.4543735682964325
CWE-20,CWE-232,2.0,-0.008682350628077984,0.010333848185837269,0.16449518501758575,-0.3090995252132416
CWE-20,CWE-606,6.0,-0.008682350628077984,0.010333848185837269,0.1044236496090889,-0.15278270840644836
CWE-20,CWE-369,561.0,-0.008682350628077984,0.010333848185837269,-0.029390405863523483,0.04580015689134598
CWE-20,CWE-189,512.0,-0.008682350628077984,0.010333848185837269,0.014790467917919159,0.007113102823495865
CWE-20,CWE-770,528.0,-0.008682350628077984,0.010333848185837269,-0.01595434546470642,0.0078063239343464375
CWE-20,CWE-345,510.0,-0.008682350628077984,0.010333848185837269,0.014353880658745766,0.022683454677462578
CWE-20,CWE-757,4.0,-0.008682350628077984,0.010333848185837269,0.1514016091823578,-0.16351193189620972
CWE-20,CWE-501,13.0,-0.008682350628077984,0.010333848185837269,-0.08873093128204346,-0.12250770628452301
CWE-20,CWE-310,447.0,-0.008682350628077984,0.010333848185837269,0.005747541785240173,0.009521388448774815
CWE-20,CWE-705,1.0,-0.008682350628077984,0.010333848185837269,-0.2709502875804901,0.5409057140350342
CWE-20,CWE-127,2.0,-0.008682350628077984,0.010333848185837269,-0.2517915666103363,-0.17676517367362976
CWE-20,CWE-285,155.0,-0.008682350628077984,0.010333848185837269,-0.05872155725955963,-0.0403609499335289
CWE-20,CWE-92,1.0,-0.008682350628077984,0.010333848185837269,0.3518483638763428,-0.5558695197105408
CWE-20,CWE-146,3.0,-0.008682350628077984,0.010333848185837269,0.3486320674419403,-0.004316057078540325
CWE-20,CWE-1021,112.0,-0.008682350628077984,0.010333848185837269,-0.05648478493094444,-0.001264764228835702
CWE-20,CWE-299,15.0,-0.008682350628077984,0.010333848185837269,-0.052812229841947556,0.24043990671634674
CWE-20,CWE-1391,3.0,-0.008682350628077984,0.010333848185837269,0.24389685690402985,-0.10995730012655258
CWE-20,CWE-691,7.0,-0.008682350628077984,0.010333848185837269,-0.2611469626426697,-0.027075449004769325
CWE-20,CWE-275,26.0,-0.008682350628077984,0.010333848185837269,-0.1013348251581192,-0.048033811151981354
CWE-20,CWE-926,4.0,-0.008682350628077984,0.010333848185837269,-0.01932874321937561,0.2733851671218872
CWE-20,CWE-841,15.0,-0.008682350628077984,0.010333848185837269,0.14038075506687164,0.017701933160424232
CWE-20,CWE-611,226.0,-0.008682350628077984,0.010333848185837269,-0.02453511953353882,-0.04844933748245239
CWE-20,CWE-255,203.0,-0.008682350628077984,0.010333848185837269,-0.032187361270189285,-0.025121493265032768
CWE-20,CWE-1284,372.0,-0.008682350628077984,0.010333848185837269,-0.033107560127973557,0.058357998728752136
CWE-20,CWE-358,31.0,-0.008682350628077984,0.010333848185837269,-0.07919801026582718,-0.07132881134748459
CWE-20,CWE-807,29.0,-0.008682350628077984,0.010333848185837269,-0.020085351541638374,-0.12326335161924362
CWE-20,CWE-191,980.0,-0.008682350628077984,0.010333848185837269,-0.0229190643876791,0.03868135064840317
CWE-20,CWE-772,283.0,-0.008682350628077984,0.010333848185837269,0.03285348787903786,0.03894081339240074
CWE-20,CWE-347,362.0,-0.008682350628077984,0.010333848185837269,0.019651714712381363,0.03766050189733505
CWE-20,CWE-116,94.0,-0.008682350628077984,0.010333848185837269,-0.014466258697211742,-0.018794752657413483
CWE-20,CWE-312,328.0,-0.008682350628077984,0.010333848185837269,0.016702711582183838,-0.0116664357483387
CWE-20,CWE-707,5.0,-0.008682350628077984,0.010333848185837269,-0.022739246487617493,-0.21694982051849365
CWE-20,CWE-287,2418.0,-0.008682350628077984,0.010333848185837269,-0.016419433057308197,0.0168480034917593
CWE-20,CWE-94,729.0,-0.008682350628077984,0.010333848185837269,-0.0033242066856473684,-0.03706299141049385
CWE-20,CWE-434,248.0,-0.008682350628077984,0.010333848185837269,-0.03029021993279457,-0.06154598295688629
CWE-20,CWE-264,1108.0,-0.008682350628077984,0.010333848185837269,-0.002783054718747735,-0.007213043514639139
CWE-20,CWE-406,3.0,-0.008682350628077984,0.010333848185837269,0.02920280396938324,0.29916858673095703
CWE-20,CWE-119,4714.0,-0.008682350628077984,0.010333848185837269,-0.004948765505105257,0.027124492451548576
CWE-20,CWE-665,1305.0,-0.008682350628077984,0.010333848185837269,-0.017241965979337692,0.027158373966813087
CWE-20,CWE-254,190.0,-0.008682350628077984,0.010333848185837269,0.027458030730485916,0.008761988021433353
CWE-20,CWE-843,299.0,-0.008682350628077984,0.010333848185837269,0.0006745989667251706,0.07189887017011642
CWE-20,CWE-647,2.0,-0.008682350628077984,0.010333848185837269,0.2335413694381714,-0.2918154299259186
CWE-20,CWE-74,330.0,-0.008682350628077984,0.010333848185837269,-0.036366578191518784,-0.018065158277750015
CWE-20,CWE-917,21.0,-0.008682350628077984,0.010333848185837269,-0.07059326022863388,-0.09641051292419434
CWE-20,CWE-613,187.0,-0.008682350628077984,0.010333848185837269,-0.05584489554166794,-0.0355217382311821
CWE-20,CWE-203,1227.0,-0.008682350628077984,0.010333848185837269,-0.004378160461783409,0.020286405459046364
CWE-20,CWE-346,192.0,-0.008682350628077984,0.010333848185837269,0.022923890501260757,0.019159652292728424
CWE-20,CWE-787,5599.0,-0.008682350628077984,0.010333848185837269,-0.0072766561061143875,0.03308534994721413
CWE-20,CWE-178,30.0,-0.008682350628077984,0.010333848185837269,0.11508996784687042,0.054711878299713135
CWE-20,CWE-361,19.0,-0.008682350628077984,0.010333848185837269,-0.070846788585186,0.14217247068881989
CWE-20,CWE-775,1.0,-0.008682350628077984,0.010333848185837269,0.08561010658740997,-0.4577633738517761
CWE-20,CWE-502,320.0,-0.008682350628077984,0.010333848185837269,0.0011437543435022235,-0.06108305975794792
CWE-20,CWE-311,150.0,-0.008682350628077984,0.010333848185837269,-0.04797033965587616,0.03313539922237396
CWE-20,CWE-326,228.0,-0.008682350628077984,0.010333848185837269,0.020296545699238777,-0.03038967214524746
CWE-20,CWE-1188,444.0,-0.008682350628077984,0.010333848185837269,0.01789952628314495,-0.02344428189098835
CWE-20,CWE-118,42.0,-0.008682350628077984,0.010333848185837269,-0.08970006555318832,0.06316637247800827
CWE-20,CWE-664,21.0,-0.008682350628077984,0.010333848185837269,0.10384984314441681,0.12616373598575592
CWE-20,CWE-1116,1.0,-0.008682350628077984,0.010333848185837269,0.2954045832157135,-0.3612085282802582
CWE-20,CWE-436,43.0,-0.008682350628077984,0.010333848185837269,-0.102676160633564,-0.02015201933681965
CWE-20,CWE-73,81.0,-0.008682350628077984,0.010333848185837269,0.04109879210591316,-0.024143161252141
CWE-20,CWE-86,4.0,-0.008682350628077984,0.010333848185837269,-0.3398993909358978,0.005075487308204174
CWE-20,CWE-863,1106.0,-0.008682350628077984,0.010333848185837269,-0.019663941115140915,-0.0025097504258155823
CWE-20,CWE-565,25.0,-0.008682350628077984,0.010333848185837269,-0.11625213921070099,-0.03946496546268463
CWE-20,CWE-348,6.0,-0.008682350628077984,0.010333848185837269,-0.21289414167404175,-0.06696287542581558
CWE-21,CWE-434,1.0,-0.13251478970050812,-0.4822673797607422,-0.03029021993279457,-0.06154598295688629
CWE-21,CWE-264,1.0,-0.13251478970050812,-0.4822673797607422,-0.002783054718747735,-0.007213043514639139
CWE-21,CWE-1188,1.0,-0.13251478970050812,-0.4822673797607422,0.01789952628314495,-0.02344428189098835
CWE-21,CWE-352,1.0,-0.13251478970050812,-0.4822673797607422,-0.012869291007518768,-0.046273693442344666
CWE-22,CWE-88,83.0,-0.009574634954333305,-0.0344989113509655,0.04351263865828514,-0.04252335801720619
CWE-22,CWE-426,111.0,-0.009574634954333305,-0.0344989113509655,0.03880825266242027,0.01850116066634655
CWE-22,CWE-636,6.0,-0.009574634954333305,-0.0344989113509655,-0.20675361156463623,-0.09791460633277893
CWE-22,CWE-1385,5.0,-0.009574634954333305,-0.0344989113509655,0.06228112056851387,-0.2677745819091797
CWE-22,CWE-78,1145.0,-0.009574634954333305,-0.0344989113509655,0.011931326240301132,-0.018615834414958954
CWE-22,CWE-242,2.0,-0.009574634954333305,-0.0344989113509655,-0.01072053611278534,-0.4603552520275116
CWE-22,CWE-36,34.0,-0.009574634954333305,-0.0344989113509655,-0.03720492497086525,-0.15317219495773315
CWE-22,CWE-209,124.0,-0.009574634954333305,-0.0344989113509655,-0.01914246380329132,-0.056962329894304276
CWE-22,CWE-350,6.0,-0.009574634954333305,-0.0344989113509655,-0.2075524926185608,-0.1388523429632187
CWE-22,CWE-791,3.0,-0.009574634954333305,-0.0344989113509655,0.23679213225841522,-0.21023258566856384
CWE-22,CWE-184,29.0,-0.009574634954333305,-0.0344989113509655,0.04716724157333374,-0.10571680217981339
CWE-22,CWE-532,250.0,-0.009574634954333305,-0.0344989113509655,-0.021585989743471146,-0.029124239459633827
CWE-22,CWE-23,54.0,-0.009574634954333305,-0.0344989113509655,-0.02882600948214531,-0.0939386710524559
CWE-22,CWE-340,24.0,-0.009574634954333305,-0.0344989113509655,-0.05983743071556091,-0.10335984081029892
CWE-22,CWE-779,2.0,-0.009574634954333305,-0.0344989113509655,0.11411648243665695,-0.38233256340026855
CWE-22,CWE-1244,3.0,-0.009574634954333305,-0.0344989113509655,0.3336293399333954,0.07373922318220139
CWE-22,CWE-732,423.0,-0.009574634954333305,-0.0344989113509655,0.008362405002117157,-0.014200760051608086
CWE-22,CWE-187,16.0,-0.009574634954333305,-0.0344989113509655,0.02860971912741661,0.15527719259262085
CWE-22,CWE-305,18.0,-0.009574634954333305,-0.0344989113509655,0.09766057878732681,-0.04899558424949646
CWE-22,CWE-472,11.0,-0.009574634954333305,-0.0344989113509655,-0.06296633929014206,-0.19969268143177032
CWE-22,CWE-90,25.0,-0.009574634954333305,-0.0344989113509655,-0.1206914484500885,-0.05946914851665497
CWE-22,CWE-836,2.0,-0.009574634954333305,-0.0344989113509655,-0.36390581727027893,0.04727599397301674
CWE-22,CWE-428,25.0,-0.009574634954333305,-0.0344989113509655,0.1018432229757309,0.004245824180543423
CWE-22,CWE-61,16.0,-0.009574634954333305,-0.0344989113509655,0.163628488779068,-0.07801037281751633
CWE-22,CWE-552,149.0,-0.009574634954333305,-0.0344989113509655,0.01144830696284771,-0.07407399266958237
CWE-22,CWE-213,2.0,-0.009574634954333305,-0.0344989113509655,-0.03473541513085365,-0.3563467264175415
CWE-22,CWE-1242,3.0,-0.009574634954333305,-0.0344989113509655,0.021055569872260094,-0.33694005012512207
CWE-22,CWE-352,681.0,-0.009574634954333305,-0.0344989113509655,-0.012869291007518768,-0.046273693442344666
CWE-22,CWE-150,4.0,-0.009574634954333305,-0.0344989113509655,0.18608105182647705,-0.1611596792936325
CWE-22,CWE-441,26.0,-0.009574634954333305,-0.0344989113509655,-0.099397212266922,-0.06802612543106079
CWE-22,CWE-282,6.0,-0.009574634954333305,-0.0344989113509655,0.011161806993186474,-0.274556428194046
CWE-22,CWE-89,1018.0,-0.009574634954333305,-0.0344989113509655,-0.014974752441048622,-0.0589170977473259
CWE-22,CWE-427,108.0,-0.009574634954333305,-0.0344989113509655,0.03591614216566086,0.030950842425227165
CWE-22,CWE-1004,5.0,-0.009574634954333305,-0.0344989113509655,0.22773496806621552,-0.02173108607530594
CWE-22,CWE-639,154.0,-0.009574634954333305,-0.0344989113509655,-0.010897975414991379,-0.08910393714904785
CWE-22,CWE-114,5.0,-0.009574634954333305,-0.0344989113509655,0.04478783160448074,0.2574983835220337
CWE-22,CWE-79,2561.0,-0.009574634954333305,-0.0344989113509655,-0.014606784097850323,-0.03537274897098541
CWE-22,CWE-838,6.0,-0.009574634954333305,-0.0344989113509655,0.19129236042499542,-0.021892650052905083
CWE-22,CWE-24,8.0,-0.009574634954333305,-0.0344989113509655,0.11425193399190903,-0.13657110929489136
CWE-22,CWE-555,2.0,-0.009574634954333305,-0.0344989113509655,-0.20243126153945923,0.2971036434173584
CWE-22,CWE-354,82.0,-0.009574634954333305,-0.0344989113509655,-0.07442063093185425,0.0005920042167417705
CWE-22,CWE-539,4.0,-0.009574634954333305,-0.0344989113509655,-0.2613501250743866,-0.05548138543963432
CWE-22,CWE-306,721.0,-0.009574634954333305,-0.0344989113509655,-0.002510576043277979,0.006665211636573076
CWE-22,CWE-672,21.0,-0.009574634954333305,-0.0344989113509655,-0.13011184334754944,0.002067751483991742
CWE-22,CWE-91,40.0,-0.009574634954333305,-0.0344989113509655,0.014022961258888245,-0.09899817407131195
CWE-22,CWE-403,3.0,-0.009574634954333305,-0.0344989113509655,-0.07988760620355606,-0.3002016544342041
CWE-22,CWE-116,439.0,-0.009574634954333305,-0.0344989113509655,-0.014466258697211742,-0.018794752657413483
CWE-22,CWE-925,1.0,-0.009574634954333305,-0.0344989113509655,-0.37451526522636414,0.31411921977996826
CWE-22,CWE-391,2.0,-0.009574634954333305,-0.0344989113509655,0.27494049072265625,-0.1961948126554489
CWE-22,CWE-840,5.0,-0.009574634954333305,-0.0344989113509655,-0.10702486336231232,-0.2180097997188568
CWE-22,CWE-214,3.0,-0.009574634954333305,-0.0344989113509655,0.12208513915538788,-0.25685665011405945
CWE-22,CWE-798,643.0,-0.009574634954333305,-0.0344989113509655,-0.025941848754882812,-0.01919712871313095
CWE-22,CWE-538,18.0,-0.009574634954333305,-0.0344989113509655,-0.011719292029738426,-0.1640932559967041
CWE-22,CWE-233,2.0,-0.009574634954333305,-0.0344989113509655,0.2528742253780365,0.17364849150180817
CWE-22,CWE-26,2.0,-0.009574634954333305,-0.0344989113509655,0.09585906565189362,-0.36424699425697327
CWE-22,CWE-829,56.0,-0.009574634954333305,-0.0344989113509655,0.0007557526114396751,-0.08127222955226898
CWE-22,CWE-174,1.0,-0.009574634954333305,-0.0344989113509655,-0.515711784362793,-0.1582293063402176
CWE-22,CWE-219,1.0,-0.009574634954333305,-0.0344989113509655,-0.4306434988975525,-0.13036906719207764
CWE-22,CWE-544,3.0,-0.009574634954333305,-0.0344989113509655,0.1980951875448227,-0.24506686627864838
CWE-22,CWE-158,25.0,-0.009574634954333305,-0.0344989113509655,0.027924641966819763,-0.1267250031232834
CWE-22,CWE-178,27.0,-0.009574634954333305,-0.0344989113509655,0.11508996784687042,0.054711878299713135
CWE-22,CWE-297,10.0,-0.009574634954333305,-0.0344989113509655,-0.16886036098003387,-0.032225724309682846
CWE-22,CWE-80,25.0,-0.009574634954333305,-0.0344989113509655,0.05614310875535011,-0.10936782509088516
CWE-22,CWE-286,5.0,-0.009574634954333305,-0.0344989113509655,-0.2521089017391205,-0.10580426454544067
CWE-22,CWE-1333,53.0,-0.009574634954333305,-0.0344989113509655,-0.07493264973163605,-0.053239379078149796
CWE-22,CWE-93,29.0,-0.009574634954333305,-0.0344989113509655,0.060455527156591415,-0.076343834400177
CWE-22,CWE-66,1.0,-0.009574634954333305,-0.0344989113509655,-0.38501378893852234,-0.4543735682964325
CWE-22,CWE-1392,32.0,-0.009574634954333305,-0.0344989113509655,0.002318493090569973,-0.14375664293766022
CWE-22,CWE-606,6.0,-0.009574634954333305,-0.0344989113509655,0.1044236496090889,-0.15278270840644836
CWE-22,CWE-1336,23.0,-0.009574634954333305,-0.0344989113509655,-0.0559936948120594,-0.14249607920646667
CWE-22,CWE-1301,2.0,-0.009574634954333305,-0.0344989113509655,0.2885664999485016,0.24086299538612366
CWE-22,CWE-356,8.0,-0.009574634954333305,-0.0344989113509655,0.03593131899833679,0.20774714648723602
CWE-22,CWE-73,109.0,-0.009574634954333305,-0.0344989113509655,0.04109879210591316,-0.024143161252141
CWE-22,CWE-377,9.0,-0.009574634954333305,-0.0344989113509655,0.16862650215625763,-0.10122691094875336
CWE-22,CWE-177,6.0,-0.009574634954333305,-0.0344989113509655,-0.2324938178062439,-0.1200113445520401
CWE-22,CWE-322,2.0,-0.009574634954333305,-0.0344989113509655,-0.3592039942741394,-0.07380072772502899
CWE-22,CWE-501,13.0,-0.009574634954333305,-0.0344989113509655,-0.08873093128204346,-0.12250770628452301
CWE-22,CWE-117,16.0,-0.009574634954333305,-0.0344989113509655,-0.15713800489902496,0.07345512509346008
CWE-22,CWE-288,59.0,-0.009574634954333305,-0.0344989113509655,0.05132758989930153,-0.05981195345520973
CWE-22,CWE-95,12.0,-0.009574634954333305,-0.0344989113509655,-0.10871263593435287,-0.1305055022239685
CWE-22,CWE-69,1.0,-0.009574634954333305,-0.0344989113509655,-0.19689714908599854,-0.4798978567123413
CWE-22,CWE-407,19.0,-0.009574634954333305,-0.0344989113509655,-0.1398129016160965,0.016419418156147003
CWE-22,CWE-915,14.0,-0.009574634954333305,-0.0344989113509655,-0.03313298523426056,-0.1712537258863449
CWE-22,CWE-611,214.0,-0.009574634954333305,-0.0344989113509655,-0.02453511953353882,-0.04844933748245239
CWE-22,CWE-27,3.0,-0.009574634954333305,-0.0344989113509655,0.23462800681591034,-0.2629750669002533
CWE-22,CWE-1323,1.0,-0.009574634954333305,-0.0344989113509655,0.5052939653396606,-0.20743410289287567
CWE-22,CWE-395,1.0,-0.009574634954333305,-0.0344989113509655,0.1741163432598114,0.37633442878723145
CWE-22,CWE-862,404.0,-0.009574634954333305,-0.0344989113509655,-0.00795373972505331,-0.026479557156562805
CWE-22,CWE-358,49.0,-0.009574634954333305,-0.0344989113509655,-0.07919801026582718,-0.07132881134748459
CWE-22,CWE-547,3.0,-0.009574634954333305,-0.0344989113509655,0.053789444267749786,0.2934279143810272
CWE-22,CWE-31,3.0,-0.009574634954333305,-0.0344989113509655,0.16123038530349731,0.2223970741033554
CWE-22,CWE-379,17.0,-0.009574634954333305,-0.0344989113509655,0.12535704672336578,0.06748401373624802
CWE-22,CWE-204,16.0,-0.009574634954333305,-0.0344989113509655,0.08216780424118042,-0.107345812022686
CWE-22,CWE-506,2.0,-0.009574634954333305,-0.0344989113509655,-0.04645281657576561,-0.46904927492141724
CWE-22,CWE-312,223.0,-0.009574634954333305,-0.0344989113509655,0.016702711582183838,-0.0116664357483387
CWE-22,CWE-94,856.0,-0.009574634954333305,-0.0344989113509655,-0.0033242066856473684,-0.03706299141049385
CWE-22,CWE-434,575.0,-0.009574634954333305,-0.0344989113509655,-0.03029021993279457,-0.06154598295688629
CWE-22,CWE-644,4.0,-0.009574634954333305,-0.0344989113509655,-0.19731102883815765,-0.040414512157440186
CWE-22,CWE-1393,5.0,-0.009574634954333305,-0.0344989113509655,0.019039129838347435,-0.244114488363266
CWE-22,CWE-453,3.0,-0.009574634954333305,-0.0344989113509655,-0.2977890968322754,0.044630199670791626
CWE-22,CWE-84,1.0,-0.009574634954333305,-0.0344989113509655,-0.2435588389635086,-0.4298464059829712
CWE-22,CWE-939,5.0,-0.009574634954333305,-0.0344989113509655,-0.27840590476989746,0.009114847518503666
CWE-22,CWE-625,3.0,-0.009574634954333305,-0.0344989113509655,-0.28580281138420105,-0.23338152468204498
CWE-22,CWE-409,28.0,-0.009574634954333305,-0.0344989113509655,-0.09260344505310059,-0.10625363886356354
CWE-22,CWE-917,21.0,-0.009574634954333305,-0.0344989113509655,-0.07059326022863388,-0.09641051292419434
CWE-22,CWE-613,152.0,-0.009574634954333305,-0.0344989113509655,-0.05584489554166794,-0.0355217382311821
CWE-22,CWE-29,17.0,-0.009574634954333305,-0.0344989113509655,-0.10140352696180344,-0.17006485164165497
CWE-22,CWE-257,13.0,-0.009574634954333305,-0.0344989113509655,0.00835189688950777,-0.1644033044576645
CWE-22,CWE-787,1031.0,-0.009574634954333305,-0.0344989113509655,-0.0072766561061143875,0.03308534994721413
CWE-22,CWE-526,2.0,-0.009574634954333305,-0.0344989113509655,-0.1768612563610077,-0.28696754574775696
CWE-22,CWE-599,3.0,-0.009574634954333305,-0.0344989113509655,0.32082170248031616,0.018811963498592377
CWE-22,CWE-502,335.0,-0.009574634954333305,-0.0344989113509655,0.0011437543435022235,-0.06108305975794792
CWE-22,CWE-208,16.0,-0.009574634954333305,-0.0344989113509655,-0.15491467714309692,0.0590631477534771
CWE-22,CWE-1236,29.0,-0.009574634954333305,-0.0344989113509655,-0.03424099460244179,-0.11333737522363663
CWE-22,CWE-706,46.0,-0.009574634954333305,-0.0344989113509655,-0.06929116696119308,0.04818933829665184
CWE-22,CWE-183,8.0,-0.009574634954333305,-0.0344989113509655,0.1574203372001648,0.14898213744163513
CWE-22,CWE-300,11.0,-0.009574634954333305,-0.0344989113509655,0.10735096037387848,-0.16745078563690186
CWE-22,CWE-692,1.0,-0.009574634954333305,-0.0344989113509655,-0.4620509743690491,-0.30698874592781067
CWE-22,CWE-315,2.0,-0.009574634954333305,-0.0344989113509655,0.4107182025909424,-0.10714559257030487
CWE-22,CWE-96,2.0,-0.009574634954333305,-0.0344989113509655,-0.15785515308380127,-0.29229339957237244
CWE-22,CWE-436,45.0,-0.009574634954333305,-0.0344989113509655,-0.102676160633564,-0.02015201933681965
CWE-22,CWE-396,2.0,-0.009574634954333305,-0.0344989113509655,0.37193429470062256,0.01527442503720522
CWE-22,CWE-598,13.0,-0.009574634954333305,-0.0344989113509655,-0.16377469897270203,0.02700972743332386
CWE-22,CWE-565,24.0,-0.009574634954333305,-0.0344989113509655,-0.11625213921070099,-0.03946496546268463
CWE-22,CWE-348,5.0,-0.009574634954333305,-0.0344989113509655,-0.21289414167404175,-0.06696287542581558
CWE-22,CWE-59,338.0,-0.009574634954333305,-0.0344989113509655,0.00397416390478611,0.002641170984134078
CWE-22,CWE-180,6.0,-0.009574634954333305,-0.0344989113509655,-0.2783452570438385,0.10873936116695404
CWE-22,CWE-530,2.0,-0.009574634954333305,-0.0344989113509655,0.13391317427158356,-0.4799850881099701
CWE-22,CWE-228,2.0,-0.009574634954333305,-0.0344989113509655,0.3787183165550232,-0.049948081374168396
CWE-22,CWE-601,281.0,-0.009574634954333305,-0.0344989113509655,-0.0036730500869452953,-0.049856338649988174
CWE-22,CWE-185,6.0,-0.009574634954333305,-0.0344989113509655,-0.15097205340862274,-0.14426344633102417
CWE-22,CWE-676,2.0,-0.009574634954333305,-0.0344989113509655,-0.29108622670173645,0.16250425577163696
CWE-22,CWE-303,21.0,-0.009574634954333305,-0.0344989113509655,0.09158975630998611,-0.08733026683330536
CWE-22,CWE-454,2.0,-0.009574634954333305,-0.0344989113509655,0.22117719054222107,0.28759071230888367
CWE-22,CWE-1357,2.0,-0.009574634954333305,-0.0344989113509655,0.024626299738883972,-0.45637863874435425
CWE-22,CWE-98,15.0,-0.009574634954333305,-0.0344989113509655,-0.01255875825881958,-0.1794976145029068
CWE-22,CWE-918,464.0,-0.009574634954333305,-0.0344989113509655,-0.009878953918814659,-0.07857222110033035
CWE-23,CWE-200,50.0,-0.02882600948214531,-0.0939386710524559,-0.007117283530533314,-0.004748050589114428
CWE-23,CWE-862,45.0,-0.02882600948214531,-0.0939386710524559,-0.00795373972505331,-0.026479557156562805
CWE-23,CWE-36,19.0,-0.02882600948214531,-0.0939386710524559,-0.03720492497086525,-0.15317219495773315
CWE-23,CWE-79,54.0,-0.02882600948214531,-0.0939386710524559,-0.014606784097850323,-0.03537274897098541
CWE-24,CWE-284,6.0,0.11425193399190903,-0.13657110929489136,-0.024067847058176994,0.010674300603568554
CWE-24,CWE-839,1.0,0.11425193399190903,-0.13657110929489136,0.3880758285522461,0.06401635706424713
CWE-24,CWE-287,7.0,0.11425193399190903,-0.13657110929489136,-0.016419433057308197,0.0168480034917593
CWE-24,CWE-89,11.0,0.11425193399190903,-0.13657110929489136,-0.014974752441048622,-0.0589170977473259
CWE-24,CWE-79,15.0,0.11425193399190903,-0.13657110929489136,-0.014606784097850323,-0.03537274897098541
CWE-26,CWE-200,2.0,0.09585906565189362,-0.36424699425697327,-0.007117283530533314,-0.004748050589114428
CWE-26,CWE-27,2.0,0.09585906565189362,-0.36424699425697327,0.23462800681591034,-0.2629750669002533
CWE-26,CWE-502,2.0,0.09585906565189362,-0.36424699425697327,0.0011437543435022235,-0.06108305975794792
CWE-26,CWE-79,3.0,0.09585906565189362,-0.36424699425697327,-0.014606784097850323,-0.03537274897098541
CWE-27,CWE-125,2.0,0.23462800681591034,-0.2629750669002533,-0.007911758497357368,0.04164179041981697
CWE-27,CWE-527,1.0,0.23462800681591034,-0.2629750669002533,0.46750524640083313,-0.2327331006526947
CWE-27,CWE-94,2.0,0.23462800681591034,-0.2629750669002533,-0.0033242066856473684,-0.03706299141049385
CWE-27,CWE-59,2.0,0.23462800681591034,-0.2629750669002533,0.00397416390478611,0.002641170984134078
CWE-27,CWE-61,2.0,0.23462800681591034,-0.2629750669002533,0.163628488779068,-0.07801037281751633
CWE-28,CWE-918,1.0,-0.06641478091478348,-0.5286977887153625,-0.009878953918814659,-0.07857222110033035
CWE-28,CWE-36,1.0,-0.06641478091478348,-0.5286977887153625,-0.03720492497086525,-0.15317219495773315
CWE-28,CWE-352,1.0,-0.06641478091478348,-0.5286977887153625,-0.012869291007518768,-0.046273693442344666
CWE-28,CWE-79,1.0,-0.06641478091478348,-0.5286977887153625,-0.014606784097850323,-0.03537274897098541
CWE-28,CWE-78,1.0,-0.06641478091478348,-0.5286977887153625,0.011931326240301132,-0.018615834414958954
CWE-29,CWE-918,8.0,-0.10140352696180344,-0.17006485164165497,-0.009878953918814659,-0.07857222110033035
CWE-29,CWE-352,11.0,-0.10140352696180344,-0.17006485164165497,-0.012869291007518768,-0.046273693442344666
CWE-29,CWE-89,7.0,-0.10140352696180344,-0.17006485164165497,-0.014974752441048622,-0.0589170977473259
CWE-29,CWE-79,16.0,-0.10140352696180344,-0.17006485164165497,-0.014606784097850323,-0.03537274897098541
CWE-29,CWE-782,1.0,-0.10140352696180344,-0.17006485164165497,-0.487714022397995,-0.2128627449274063
CWE-31,CWE-835,2.0,0.16123038530349731,0.2223970741033554,0.002445928053930402,0.05998510867357254
CWE-31,CWE-89,3.0,0.16123038530349731,0.2223970741033554,-0.014974752441048622,-0.0589170977473259
CWE-31,CWE-79,4.0,0.16123038530349731,0.2223970741033554,-0.014606784097850323,-0.03537274897098541
CWE-31,CWE-284,2.0,0.16123038530349731,0.2223970741033554,-0.024067847058176994,0.010674300603568554
CWE-35,CWE-502,26.0,0.08846046775579453,-0.06795599311590195,0.0011437543435022235,-0.06108305975794792
CWE-35,CWE-121,26.0,0.08846046775579453,-0.06795599311590195,0.02935074456036091,0.05222804844379425
CWE-35,CWE-78,28.0,0.08846046775579453,-0.06795599311590195,0.011931326240301132,-0.018615834414958954
CWE-35,CWE-732,26.0,0.08846046775579453,-0.06795599311590195,0.008362405002117157,-0.014200760051608086
CWE-35,CWE-200,27.0,0.08846046775579453,-0.06795599311590195,-0.007117283530533314,-0.004748050589114428
CWE-36,CWE-79,26.0,-0.03720492497086525,-0.15317219495773315,-0.014606784097850323,-0.03537274897098541
CWE-36,CWE-306,19.0,-0.03720492497086525,-0.15317219495773315,-0.002510576043277979,0.006665211636573076
CWE-36,CWE-698,1.0,-0.03720492497086525,-0.15317219495773315,-0.08834975212812424,-0.4683639109134674
CWE-36,CWE-502,22.0,-0.03720492497086525,-0.15317219495773315,0.0011437543435022235,-0.06108305975794792
CWE-36,CWE-76,1.0,-0.03720492497086525,-0.15317219495773315,-0.24978789687156677,-0.379732608795166
CWE-41,CWE-362,32.0,-0.11647223681211472,0.02865597791969776,-0.016717402264475822,0.03487185761332512
CWE-41,CWE-532,32.0,-0.11647223681211472,0.02865597791969776,-0.021585989743471146,-0.029124239459633827
CWE-41,CWE-693,32.0,-0.11647223681211472,0.02865597791969776,-0.0892585813999176,0.007505075074732304
CWE-41,CWE-367,31.0,-0.11647223681211472,0.02865597791969776,-0.0025731376372277737,0.038914646953344345
CWE-41,CWE-306,32.0,-0.11647223681211472,0.02865597791969776,-0.002510576043277979,0.006665211636573076
CWE-42,CWE-134,1.0,-0.40542882680892944,0.2502460777759552,-0.04996505379676819,0.06130402907729149
CWE-42,CWE-494,1.0,-0.40542882680892944,0.2502460777759552,-0.07699988037347794,-0.08488339930772781
CWE-42,CWE-367,1.0,-0.40542882680892944,0.2502460777759552,-0.0025731376372277737,0.038914646953344345
CWE-42,CWE-121,1.0,-0.40542882680892944,0.2502460777759552,0.02935074456036091,0.05222804844379425
CWE-42,CWE-78,1.0,-0.40542882680892944,0.2502460777759552,0.011931326240301132,-0.018615834414958954
CWE-46,CWE-613,1.0,-0.4982207417488098,-0.11707478761672974,-0.05584489554166794,-0.0355217382311821
CWE-46,CWE-863,1.0,-0.4982207417488098,-0.11707478761672974,-0.019663941115140915,-0.0025097504258155823
CWE-46,CWE-290,1.0,-0.4982207417488098,-0.11707478761672974,-0.042258571833372116,0.02614513970911503
CWE-46,CWE-79,1.0,-0.4982207417488098,-0.11707478761672974,-0.014606784097850323,-0.03537274897098541
CWE-46,CWE-943,1.0,-0.4982207417488098,-0.11707478761672974,-0.047098997980356216,-0.09538479894399643
CWE-55,CWE-416,1.0,-0.3647793233394623,0.4421161413192749,-0.0034559874329715967,0.05317194014787674
CWE-55,CWE-789,1.0,-0.3647793233394623,0.4421161413192749,-0.08799698203802109,0.11868457496166229
CWE-55,CWE-294,1.0,-0.3647793233394623,0.4421161413192749,-0.06017633154988289,0.007265884894877672
CWE-55,CWE-284,1.0,-0.3647793233394623,0.4421161413192749,-0.024067847058176994,0.010674300603568554
CWE-55,CWE-430,1.0,-0.3647793233394623,0.4421161413192749,-0.4027039706707001,0.4053225517272949
CWE-59,CWE-261,3.0,0.00397416390478611,0.002641170984134078,-0.2449883222579956,-0.1340676248073578
CWE-59,CWE-64,1.0,0.00397416390478611,0.002641170984134078,0.7191150188446045,0.4656485915184021
CWE-59,CWE-214,3.0,0.00397416390478611,0.002641170984134078,0.12208513915538788,-0.25685665011405945
CWE-59,CWE-416,296.0,0.00397416390478611,0.002641170984134078,-0.0034559874329715967,0.05317194014787674
CWE-59,CWE-1106,1.0,0.00397416390478611,0.002641170984134078,0.3726784586906433,-0.35646629333496094
CWE-59,CWE-501,13.0,0.00397416390478611,0.002641170984134078,-0.08873093128204346,-0.12250770628452301
CWE-59,CWE-372,2.0,0.00397416390478611,0.002641170984134078,0.24836543202400208,0.2505507171154022
CWE-59,CWE-527,1.0,0.00397416390478611,0.002641170984134078,0.46750524640083313,-0.2327331006526947
CWE-59,CWE-166,1.0,0.00397416390478611,0.002641170984134078,-0.4088730216026306,-0.2325393408536911
CWE-59,CWE-119,297.0,0.00397416390478611,0.002641170984134078,-0.004948765505105257,0.027124492451548576
CWE-59,CWE-787,669.0,0.00397416390478611,0.002641170984134078,-0.0072766561061143875,0.03308534994721413
CWE-59,CWE-424,1.0,0.00397416390478611,0.002641170984134078,-0.11434170603752136,0.41338902711868286
CWE-59,CWE-530,1.0,0.00397416390478611,0.002641170984134078,0.13391317427158356,-0.4799850881099701
CWE-59,CWE-291,5.0,0.00397416390478611,0.002641170984134078,-0.2635718584060669,-0.07523056119680405
CWE-59,CWE-681,277.0,0.00397416390478611,0.002641170984134078,-0.03912424296140671,0.016654817387461662
CWE-59,CWE-61,12.0,0.00397416390478611,0.002641170984134078,0.163628488779068,-0.07801037281751633
CWE-61,CWE-862,11.0,0.163628488779068,-0.07801037281751633,-0.00795373972505331,-0.026479557156562805
CWE-61,CWE-527,1.0,0.163628488779068,-0.07801037281751633,0.46750524640083313,-0.2327331006526947
CWE-61,CWE-236,1.0,0.163628488779068,-0.07801037281751633,0.406669944524765,0.3425132632255554
CWE-61,CWE-694,1.0,0.163628488779068,-0.07801037281751633,0.18616950511932373,0.41727641224861145
CWE-61,CWE-78,10.0,0.163628488779068,-0.07801037281751633,0.011931326240301132,-0.018615834414958954
CWE-61,CWE-79,11.0,0.163628488779068,-0.07801037281751633,-0.014606784097850323,-0.03537274897098541
CWE-61,CWE-81,3.0,0.163628488779068,-0.07801037281751633,0.4314054846763611,-0.34671691060066223
CWE-65,CWE-131,5.0,-0.13887633383274078,0.26034513115882874,-0.006283762399107218,0.06268080323934555
CWE-65,CWE-789,5.0,-0.13887633383274078,0.26034513115882874,-0.08799698203802109,0.11868457496166229
CWE-65,CWE-415,5.0,-0.13887633383274078,0.26034513115882874,-0.017876332625746727,0.052614614367485046
CWE-65,CWE-367,5.0,-0.13887633383274078,0.26034513115882874,-0.0025731376372277737,0.038914646953344345
CWE-65,CWE-369,5.0,-0.13887633383274078,0.26034513115882874,-0.029390405863523483,0.04580015689134598
CWE-66,CWE-269,1.0,-0.38501378893852234,-0.4543735682964325,-0.01995079405605793,-0.010946606285870075
CWE-67,CWE-670,1.0,-0.46447670459747314,0.42311227321624756,-0.025426315143704414,0.11868958920240402
CWE-67,CWE-367,1.0,-0.46447670459747314,0.42311227321624756,-0.0025731376372277737,0.038914646953344345
CWE-67,CWE-843,1.0,-0.46447670459747314,0.42311227321624756,0.0006745989667251706,0.07189887017011642
CWE-69,CWE-918,1.0,-0.19689714908599854,-0.4798978567123413,-0.009878953918814659,-0.07857222110033035
CWE-69,CWE-79,1.0,-0.19689714908599854,-0.4798978567123413,-0.014606784097850323,-0.03537274897098541
CWE-69,CWE-94,1.0,-0.19689714908599854,-0.4798978567123413,-0.0033242066856473684,-0.03706299141049385
CWE-69,CWE-434,1.0,-0.19689714908599854,-0.4798978567123413,-0.03029021993279457,-0.06154598295688629
CWE-73,CWE-1023,16.0,0.04109879210591316,-0.024143161252141,0.11612369120121002,-0.06985495239496231
CWE-73,CWE-84,1.0,0.04109879210591316,-0.024143161252141,-0.2435588389635086,-0.4298464059829712
CWE-73,CWE-787,79.0,0.04109879210591316,-0.024143161252141,-0.0072766561061143875,0.03308534994721413
CWE-73,CWE-1327,2.0,0.04109879210591316,-0.024143161252141,-0.3144913911819458,0.14801695942878723
CWE-73,CWE-416,80.0,0.04109879210591316,-0.024143161252141,-0.0034559874329715967,0.05317194014787674
CWE-73,CWE-79,108.0,0.04109879210591316,-0.024143161252141,-0.014606784097850323,-0.03537274897098541
CWE-73,CWE-1332,2.0,0.04109879210591316,-0.024143161252141,0.3558706045150757,-0.056838247925043106
CWE-73,CWE-1088,2.0,0.04109879210591316,-0.024143161252141,0.2973439693450928,-0.16593854129314423
CWE-73,CWE-357,19.0,0.04109879210591316,-0.024143161252141,0.09984534978866577,0.09475084394216537
CWE-73,CWE-158,24.0,0.04109879210591316,-0.024143161252141,0.027924641966819763,-0.1267250031232834
CWE-74,CWE-520,1.0,-0.036366578191518784,-0.018065158277750015,-0.4607248902320862,0.07278422266244888
CWE-74,CWE-153,2.0,-0.036366578191518784,-0.018065158277750015,-0.11601876467466354,-0.3660544455051422
CWE-74,CWE-425,80.0,-0.036366578191518784,-0.018065158277750015,-0.09692339599132538,0.0046228826977312565
CWE-74,CWE-534,1.0,-0.036366578191518784,-0.018065158277750015,-0.44088929891586304,-0.23229677975177765
CWE-74,CWE-89,372.0,-0.036366578191518784,-0.018065158277750015,-0.014974752441048622,-0.0589170977473259
CWE-74,CWE-79,627.0,-0.036366578191518784,-0.018065158277750015,-0.014606784097850323,-0.03537274897098541
CWE-74,CWE-925,1.0,-0.036366578191518784,-0.018065158277750015,-0.37451526522636414,0.31411921977996826
CWE-74,CWE-200,371.0,-0.036366578191518784,-0.018065158277750015,-0.007117283530533314,-0.004748050589114428
CWE-74,CWE-671,1.0,-0.036366578191518784,-0.018065158277750015,-0.31687793135643005,-0.3643779754638672
CWE-74,CWE-334,1.0,-0.036366578191518784,-0.018065158277750015,0.48714882135391235,0.09219750016927719
CWE-74,CWE-787,352.0,-0.036366578191518784,-0.018065158277750015,-0.0072766561061143875,0.03308534994721413
CWE-74,CWE-1116,1.0,-0.036366578191518784,-0.018065158277750015,0.2954045832157135,-0.3612085282802582
CWE-74,CWE-612,1.0,-0.036366578191518784,-0.018065158277750015,0.3520153760910034,0.270475834608078
CWE-74,CWE-76,1.0,-0.036366578191518784,-0.018065158277750015,-0.24978789687156677,-0.379732608795166
CWE-74,CWE-760,1.0,-0.036366578191518784,-0.018065158277750015,0.33301395177841187,-0.09441731870174408
CWE-74,CWE-328,71.0,-0.036366578191518784,-0.018065158277750015,-0.10969860106706619,0.045693736523389816
CWE-75,CWE-77,4.0,-0.2131395936012268,-0.20171451568603516,0.013211049139499664,-0.007286150939762592
CWE-75,CWE-79,4.0,-0.2131395936012268,-0.20171451568603516,-0.014606784097850323,-0.03537274897098541
CWE-75,CWE-287,4.0,-0.2131395936012268,-0.20171451568603516,-0.016419433057308197,0.0168480034917593
CWE-75,CWE-434,3.0,-0.2131395936012268,-0.20171451568603516,-0.03029021993279457,-0.06154598295688629
CWE-75,CWE-613,3.0,-0.2131395936012268,-0.20171451568603516,-0.05584489554166794,-0.0355217382311821
CWE-76,CWE-862,1.0,-0.24978789687156677,-0.379732608795166,-0.00795373972505331,-0.026479557156562805
CWE-76,CWE-918,2.0,-0.24978789687156677,-0.379732608795166,-0.009878953918814659,-0.07857222110033035
CWE-76,CWE-79,2.0,-0.24978789687156677,-0.379732608795166,-0.014606784097850323,-0.03537274897098541
CWE-77,CWE-648,25.0,0.013211049139499664,-0.007286150939762592,0.09911176562309265,-0.0657675489783287
CWE-77,CWE-410,27.0,0.013211049139499664,-0.007286150939762592,0.09682178497314453,-0.029121920466423035
CWE-77,CWE-88,69.0,0.013211049139499664,-0.007286150939762592,0.04351263865828514,-0.04252335801720619
CWE-77,CWE-943,62.0,0.013211049139499664,-0.007286150939762592,-0.047098997980356216,-0.09538479894399643
CWE-77,CWE-78,634.0,0.013211049139499664,-0.007286150939762592,0.011931326240301132,-0.018615834414958954
CWE-77,CWE-272,23.0,0.013211049139499664,-0.007286150939762592,0.1246500164270401,-0.0403115451335907
CWE-77,CWE-79,874.0,0.013211049139499664,-0.007286150939762592,-0.014606784097850323,-0.03537274897098541
CWE-77,CWE-1332,2.0,0.013211049139499664,-0.007286150939762592,0.3558706045150757,-0.056838247925043106
CWE-77,CWE-1391,3.0,0.013211049139499664,-0.007286150939762592,0.24389685690402985,-0.10995730012655258
CWE-77,CWE-544,3.0,0.013211049139499664,-0.007286150939762592,0.1980951875448227,-0.24506686627864838
CWE-77,CWE-1106,1.0,0.013211049139499664,-0.007286150939762592,0.3726784586906433,-0.35646629333496094
CWE-77,CWE-643,22.0,0.013211049139499664,-0.007286150939762592,0.10394584387540817,0.06040506437420845
CWE-77,CWE-420,22.0,0.013211049139499664,-0.007286150939762592,0.11347980797290802,0.017869599163532257
CWE-77,CWE-335,6.0,0.013211049139499664,-0.007286150939762592,0.11409967392683029,-0.05265039578080177
CWE-77,CWE-463,1.0,0.013211049139499664,-0.007286150939762592,0.18635405600070953,0.3470210134983063
CWE-77,CWE-146,2.0,0.013211049139499664,-0.007286150939762592,0.3486320674419403,-0.004316057078540325
CWE-77,CWE-564,2.0,0.013211049139499664,-0.007286150939762592,-0.17935673892498016,-0.31050485372543335
CWE-77,CWE-787,659.0,0.013211049139499664,-0.007286150939762592,-0.0072766561061143875,0.03308534994721413
CWE-77,CWE-451,38.0,0.013211049139499664,-0.007286150939762592,0.06731895357370377,0.08274627476930618
CWE-77,CWE-150,4.0,0.013211049139499664,-0.007286150939762592,0.18608105182647705,-0.1611596792936325
CWE-77,CWE-266,83.0,0.013211049139499664,-0.007286150939762592,0.03407236933708191,-0.07232596725225449
CWE-77,CWE-304,4.0,0.013211049139499664,-0.007286150939762592,-0.1940728724002838,0.1594281941652298
CWE-77,CWE-223,1.0,0.013211049139499664,-0.007286150939762592,-0.43616870045661926,0.2154901623725891
CWE-77,CWE-120,606.0,0.013211049139499664,-0.007286150939762592,-0.00981943216174841,0.03937011957168579
CWE-78,CWE-250,135.0,0.011931326240301132,-0.018615834414958954,0.0713554099202156,0.037994634360075
CWE-78,CWE-391,2.0,0.011931326240301132,-0.018615834414958954,0.27494049072265625,-0.1961948126554489
CWE-78,CWE-214,5.0,0.011931326240301132,-0.018615834414958954,0.12208513915538788,-0.25685665011405945
CWE-78,CWE-573,2.0,0.011931326240301132,-0.018615834414958954,-0.10876543819904327,-0.30312296748161316
CWE-78,CWE-798,681.0,0.011931326240301132,-0.018615834414958954,-0.025941848754882812,-0.01919712871313095
CWE-78,CWE-610,48.0,0.011931326240301132,-0.018615834414958954,-0.08035542815923691,0.01670839451253414
CWE-78,CWE-371,1.0,0.011931326240301132,-0.018615834414958954,0.27909529209136963,-0.3371012508869171
CWE-78,CWE-200,906.0,0.011931326240301132,-0.018615834414958954,-0.007117283530533314,-0.004748050589114428
CWE-78,CWE-656,1.0,0.011931326240301132,-0.018615834414958954,0.47243884205818176,-0.024991432204842567
CWE-78,CWE-80,21.0,0.011931326240301132,-0.018615834414958954,0.05614310875535011,-0.10936782509088516
CWE-78,CWE-620,12.0,0.011931326240301132,-0.018615834414958954,0.05001126602292061,-0.18225038051605225
CWE-78,CWE-842,1.0,0.011931326240301132,-0.018615834414958954,0.43856915831565857,0.1758875846862793
CWE-78,CWE-463,2.0,0.011931326240301132,-0.018615834414958954,0.18635405600070953,0.3470210134983063
CWE-78,CWE-1391,5.0,0.011931326240301132,-0.018615834414958954,0.24389685690402985,-0.10995730012655258
CWE-78,CWE-117,9.0,0.011931326240301132,-0.018615834414958954,-0.15713800489902496,0.07345512509346008
CWE-78,CWE-288,69.0,0.011931326240301132,-0.018615834414958954,0.05132758989930153,-0.05981195345520973
CWE-78,CWE-95,15.0,0.011931326240301132,-0.018615834414958954,-0.10871263593435287,-0.1305055022239685
CWE-78,CWE-201,77.0,0.011931326240301132,-0.018615834414958954,0.046975210309028625,-0.05213306471705437
CWE-78,CWE-179,4.0,0.011931326240301132,-0.018615834414958954,0.2086445540189743,-0.12208810448646545
CWE-78,CWE-644,4.0,0.011931326240301132,-0.018615834414958954,-0.19731102883815765,-0.040414512157440186
CWE-78,CWE-394,3.0,0.011931326240301132,-0.018615834414958954,0.29169219732284546,0.04831643030047417
CWE-78,CWE-378,4.0,0.011931326240301132,-0.018615834414958954,0.03215072676539421,-0.3027860224246979
CWE-78,CWE-787,905.0,0.011931326240301132,-0.018615834414958954,-0.0072766561061143875,0.03308534994721413
CWE-78,CWE-300,8.0,0.011931326240301132,-0.018615834414958954,0.10735096037387848,-0.16745078563690186
CWE-78,CWE-710,8.0,0.011931326240301132,-0.018615834414958954,-0.19471155107021332,0.06485260277986526
CWE-78,CWE-266,68.0,0.011931326240301132,-0.018615834414958954,0.03407236933708191,-0.07232596725225449
CWE-78,CWE-548,12.0,0.011931326240301132,-0.018615834414958954,-0.059847477823495865,-0.17080868780612946
CWE-78,CWE-760,4.0,0.011931326240301132,-0.018615834414958954,0.33301395177841187,-0.09441731870174408
CWE-78,CWE-1241,1.0,0.011931326240301132,-0.018615834414958954,0.10160201042890549,-0.4920710623264313
CWE-78,CWE-1112,1.0,0.011931326240301132,-0.018615834414958954,0.09986289590597153,0.4756130576133728
CWE-78,CWE-149,2.0,0.011931326240301132,-0.018615834414958954,-0.3102327585220337,-0.09441712498664856
CWE-78,CWE-1357,1.0,0.011931326240301132,-0.018615834414958954,0.024626299738883972,-0.45637863874435425
CWE-78,CWE-648,23.0,0.011931326240301132,-0.018615834414958954,0.09911176562309265,-0.0657675489783287
CWE-78,CWE-88,105.0,0.011931326240301132,-0.018615834414958954,0.04351263865828514,-0.04252335801720619
CWE-78,CWE-1258,3.0,0.011931326240301132,-0.018615834414958954,0.10095135867595673,0.2884279191493988
CWE-78,CWE-480,3.0,0.011931326240301132,-0.018615834414958954,-0.22617973387241364,0.23755335807800293
CWE-78,CWE-340,23.0,0.011931326240301132,-0.018615834414958954,-0.05983743071556091,-0.10335984081029892
CWE-78,CWE-489,63.0,0.011931326240301132,-0.018615834414958954,0.06693663448095322,0.014912130311131477
CWE-78,CWE-552,97.0,0.011931326240301132,-0.018615834414958954,0.01144830696284771,-0.07407399266958237
CWE-78,CWE-778,3.0,0.011931326240301132,-0.018615834414958954,-0.18708708882331848,-0.19966556131839752
CWE-78,CWE-488,5.0,0.011931326240301132,-0.018615834414958954,0.09905844926834106,0.21314679086208344
CWE-78,CWE-1076,1.0,0.011931326240301132,-0.018615834414958954,0.18384432792663574,-0.4239570200443268
CWE-78,CWE-140,5.0,0.011931326240301132,-0.018615834414958954,0.16604165732860565,0.2359817773103714
CWE-78,CWE-282,3.0,0.011931326240301132,-0.018615834414958954,0.011161806993186474,-0.274556428194046
CWE-78,CWE-259,72.0,0.011931326240301132,-0.018615834414958954,0.0669364258646965,-0.008834983222186565
CWE-78,CWE-114,4.0,0.011931326240301132,-0.018615834414958954,0.04478783160448074,0.2574983835220337
CWE-78,CWE-272,23.0,0.011931326240301132,-0.018615834414958954,0.1246500164270401,-0.0403115451335907
CWE-78,CWE-79,1181.0,0.011931326240301132,-0.018615834414958954,-0.014606784097850323,-0.03537274897098541
CWE-78,CWE-244,3.0,0.011931326240301132,-0.018615834414958954,-0.16771863400936127,0.2349311262369156
CWE-78,CWE-262,2.0,0.011931326240301132,-0.018615834414958954,-0.006792376283556223,0.4008515477180481
CWE-78,CWE-912,117.0,0.011931326240301132,-0.018615834414958954,0.0803598165512085,0.01648866757750511
CWE-78,CWE-231,2.0,0.011931326240301132,-0.018615834414958954,0.3276282846927643,-0.04279226437211037
CWE-78,CWE-555,2.0,0.011931326240301132,-0.018615834414958954,-0.20243126153945923,0.2971036434173584
CWE-78,CWE-306,784.0,0.011931326240301132,-0.018615834414958954,-0.002510576043277979,0.006665211636573076
CWE-78,CWE-123,10.0,0.011931326240301132,-0.018615834414958954,0.1247221976518631,0.10890976339578629
CWE-79,CWE-231,4.0,-0.014606784097850323,-0.03537274897098541,0.3276282846927643,-0.04279226437211037
CWE-79,CWE-341,5.0,-0.014606784097850323,-0.03537274897098541,-0.26304563879966736,0.13425573706626892
CWE-79,CWE-521,122.0,-0.014606784097850323,-0.03537274897098541,-0.05613483861088753,-0.05062936991453171
CWE-79,CWE-799,7.0,-0.014606784097850323,-0.03537274897098541,-0.12036526948213577,-0.20732536911964417
CWE-79,CWE-539,6.0,-0.014606784097850323,-0.03537274897098541,-0.2613501250743866,-0.05548138543963432
CWE-79,CWE-769,1.0,-0.014606784097850323,-0.03537274897098541,-0.45008453726768494,0.10786961019039154
CWE-79,CWE-155,3.0,-0.014606784097850323,-0.03537274897098541,0.24192790687084198,-0.23110835254192352
CWE-79,CWE-491,2.0,-0.014606784097850323,-0.03537274897098541,-0.4007068872451782,-0.20080044865608215
CWE-79,CWE-306,879.0,-0.014606784097850323,-0.03537274897098541,-0.002510576043277979,0.006665211636573076
CWE-79,CWE-524,14.0,-0.014606784097850323,-0.03537274897098541,0.047913115471601486,-0.1605847030878067
CWE-79,CWE-669,25.0,-0.014606784097850323,-0.03537274897098541,0.07230829447507858,-0.0477164089679718
CWE-79,CWE-321,279.0,-0.014606784097850323,-0.03537274897098541,-0.057480260729789734,-0.016543669626116753
CWE-79,CWE-295,806.0,-0.014606784097850323,-0.03537274897098541,-0.03137262165546417,-0.007503588683903217
CWE-79,CWE-113,24.0,-0.014606784097850323,-0.03537274897098541,0.07064586132764816,-0.0902426466345787
CWE-79,CWE-653,7.0,-0.014606784097850323,-0.03537274897098541,-0.09316997975111008,0.2250336855649948
CWE-79,CWE-922,77.0,-0.014606784097850323,-0.03537274897098541,-0.07311329990625381,0.015178214758634567
CWE-79,CWE-1103,1.0,-0.014606784097850323,-0.03537274897098541,0.05645700544118881,-0.5507605671882629
CWE-79,CWE-284,520.0,-0.014606784097850323,-0.03537274897098541,-0.024067847058176994,0.010674300603568554
CWE-79,CWE-91,57.0,-0.014606784097850323,-0.03537274897098541,0.014022961258888245,-0.09899817407131195
CWE-79,CWE-1018,1.0,-0.014606784097850323,-0.03537274897098541,0.4103979468345642,0.1995084285736084
CWE-79,CWE-261,4.0,-0.014606784097850323,-0.03537274897098541,-0.2449883222579956,-0.1340676248073578
CWE-79,CWE-403,3.0,-0.014606784097850323,-0.03537274897098541,-0.07988760620355606,-0.3002016544342041
CWE-79,CWE-116,462.0,-0.014606784097850323,-0.03537274897098541,-0.014466258697211742,-0.018794752657413483
CWE-79,CWE-603,3.0,-0.014606784097850323,-0.03537274897098541,0.1921589970588684,0.189273402094841
CWE-79,CWE-825,21.0,-0.014606784097850323,-0.03537274897098541,0.07026994973421097,0.10676950216293335
CWE-79,CWE-417,9.0,-0.014606784097850323,-0.03537274897098541,0.16794194281101227,-0.05775749310851097
CWE-79,CWE-925,1.0,-0.014606784097850323,-0.03537274897098541,-0.37451526522636414,0.31411921977996826
CWE-79,CWE-840,10.0,-0.014606784097850323,-0.03537274897098541,-0.10702486336231232,-0.2180097997188568
CWE-79,CWE-1299,69.0,-0.014606784097850323,-0.03537274897098541,-0.05855024233460426,-0.08079259097576141
CWE-79,CWE-798,514.0,-0.014606784097850323,-0.03537274897098541,-0.025941848754882812,-0.01919712871313095
CWE-79,CWE-538,13.0,-0.014606784097850323,-0.03537274897098541,-0.011719292029738426,-0.1640932559967041
CWE-79,CWE-233,3.0,-0.014606784097850323,-0.03537274897098541,0.2528742253780365,0.17364849150180817
CWE-79,CWE-610,63.0,-0.014606784097850323,-0.03537274897098541,-0.08035542815923691,0.01670839451253414
CWE-79,CWE-829,94.0,-0.014606784097850323,-0.03537274897098541,0.0007557526114396751,-0.08127222955226898
CWE-79,CWE-200,1962.0,-0.014606784097850323,-0.03537274897098541,-0.007117283530533314,-0.004748050589114428
CWE-79,CWE-523,4.0,-0.014606784097850323,-0.03537274897098541,-0.2077292799949646,0.17860698699951172
CWE-79,CWE-404,139.0,-0.014606784097850323,-0.03537274897098541,0.021767202764749527,0.0435124970972538
CWE-79,CWE-472,7.0,-0.014606784097850323,-0.03537274897098541,-0.06296633929014206,-0.19969268143177032
CWE-79,CWE-158,26.0,-0.014606784097850323,-0.03537274897098541,0.027924641966819763,-0.1267250031232834
CWE-79,CWE-308,6.0,-0.014606784097850323,-0.03537274897098541,-0.21171125769615173,-0.25639060139656067
CWE-79,CWE-178,25.0,-0.014606784097850323,-0.03537274897098541,0.11508996784687042,0.054711878299713135
CWE-79,CWE-448,2.0,-0.014606784097850323,-0.03537274897098541,0.3585735857486725,0.13941185176372528
CWE-79,CWE-80,68.0,-0.014606784097850323,-0.03537274897098541,0.05614310875535011,-0.10936782509088516
CWE-79,CWE-620,15.0,-0.014606784097850323,-0.03537274897098541,0.05001126602292061,-0.18225038051605225
CWE-79,CWE-286,5.0,-0.014606784097850323,-0.03537274897098541,-0.2521089017391205,-0.10580426454544067
CWE-79,CWE-1333,75.0,-0.014606784097850323,-0.03537274897098541,-0.07493264973163605,-0.053239379078149796
CWE-79,CWE-93,36.0,-0.014606784097850323,-0.03537274897098541,0.060455527156591415,-0.076343834400177
CWE-79,CWE-1022,3.0,-0.014606784097850323,-0.03537274897098541,-0.26168742775917053,-0.2975499927997589
CWE-79,CWE-263,1.0,-0.014606784097850323,-0.03537274897098541,-0.41723647713661194,-0.2848470211029053
CWE-79,CWE-1392,22.0,-0.014606784097850323,-0.03537274897098541,0.002318493090569973,-0.14375664293766022
CWE-79,CWE-405,6.0,-0.014606784097850323,-0.03537274897098541,0.07757149636745453,-0.24052123725414276
CWE-79,CWE-913,21.0,-0.014606784097850323,-0.03537274897098541,-0.09033805131912231,0.10571099817752838
CWE-79,CWE-1321,126.0,-0.014606784097850323,-0.03537274897098541,-0.03548780456185341,-0.07225766032934189
CWE-79,CWE-83,4.0,-0.014606784097850323,-0.03537274897098541,0.27487021684646606,-0.0031746819149702787
CWE-79,CWE-1336,28.0,-0.014606784097850323,-0.03537274897098541,-0.0559936948120594,-0.14249607920646667
CWE-79,CWE-216,1.0,-0.014606784097850323,-0.03537274897098541,0.8348994851112366,0.0800638496875763
CWE-79,CWE-804,3.0,-0.014606784097850323,-0.03537274897098541,-0.15164715051651,-0.3520669639110565
CWE-79,CWE-540,4.0,-0.014606784097850323,-0.03537274897098541,-0.027443740516901016,-0.27254718542099
CWE-79,CWE-770,660.0,-0.014606784097850323,-0.03537274897098541,-0.01595434546470642,0.0078063239343464375
CWE-79,CWE-377,6.0,-0.014606784097850323,-0.03537274897098541,0.16862650215625763,-0.10122691094875336
CWE-79,CWE-202,5.0,-0.014606784097850323,-0.03537274897098541,-0.0011032450711354613,-0.30996739864349365
CWE-79,CWE-1230,9.0,-0.014606784097850323,-0.03537274897098541,-0.18028749525547028,0.014983301982283592
CWE-79,CWE-177,4.0,-0.014606784097850323,-0.03537274897098541,-0.2324938178062439,-0.1200113445520401
CWE-79,CWE-525,9.0,-0.014606784097850323,-0.03537274897098541,-0.09010537713766098,-0.2263776659965515
CWE-79,CWE-322,2.0,-0.014606784097850323,-0.03537274897098541,-0.3592039942741394,-0.07380072772502899
CWE-79,CWE-474,2.0,-0.014606784097850323,-0.03537274897098541,-0.12969474494457245,0.3692605793476105
CWE-79,CWE-1173,1.0,-0.014606784097850323,-0.03537274897098541,-0.7328642010688782,0.002318305429071188
CWE-79,CWE-548,14.0,-0.014606784097850323,-0.03537274897098541,-0.059847477823495865,-0.17080868780612946
CWE-79,CWE-688,1.0,-0.014606784097850323,-0.03537274897098541,-0.2674998641014099,-0.44546711444854736
CWE-79,CWE-285,141.0,-0.014606784097850323,-0.03537274897098541,-0.05872155725955963,-0.0403609499335289
CWE-79,CWE-146,3.0,-0.014606784097850323,-0.03537274897098541,0.3486320674419403,-0.004316057078540325
CWE-79,CWE-1021,211.0,-0.014606784097850323,-0.03537274897098541,-0.05648478493094444,-0.001264764228835702
CWE-79,CWE-477,1.0,-0.014606784097850323,-0.03537274897098541,0.4168771505355835,-0.174664705991745
CWE-79,CWE-642,5.0,-0.014606784097850323,-0.03537274897098541,-0.24047529697418213,-0.012350109405815601
CWE-79,CWE-117,15.0,-0.014606784097850323,-0.03537274897098541,-0.15713800489902496,0.07345512509346008
CWE-79,CWE-1050,2.0,-0.014606784097850323,-0.03537274897098541,0.20279480516910553,-0.42002272605895996
CWE-79,CWE-275,18.0,-0.014606784097850323,-0.03537274897098541,-0.1013348251581192,-0.048033811151981354
CWE-79,CWE-288,67.0,-0.014606784097850323,-0.03537274897098541,0.05132758989930153,-0.05981195345520973
CWE-79,CWE-95,13.0,-0.014606784097850323,-0.03537274897098541,-0.10871263593435287,-0.1305055022239685
CWE-79,CWE-407,20.0,-0.014606784097850323,-0.03537274897098541,-0.1398129016160965,0.016419418156147003
CWE-79,CWE-915,19.0,-0.014606784097850323,-0.03537274897098541,-0.03313298523426056,-0.1712537258863449
CWE-79,CWE-611,497.0,-0.014606784097850323,-0.03537274897098541,-0.02453511953353882,-0.04844933748245239
CWE-79,CWE-830,3.0,-0.014606784097850323,-0.03537274897098541,-0.33189019560813904,0.06973322480916977
CWE-79,CWE-201,64.0,-0.014606784097850323,-0.03537274897098541,0.046975210309028625,-0.05213306471705437
CWE-79,CWE-255,221.0,-0.014606784097850323,-0.03537274897098541,-0.032187361270189285,-0.025121493265032768
CWE-79,CWE-862,901.0,-0.014606784097850323,-0.03537274897098541,-0.00795373972505331,-0.026479557156562805
CWE-79,CWE-358,32.0,-0.014606784097850323,-0.03537274897098541,-0.07919801026582718,-0.07132881134748459
CWE-79,CWE-204,45.0,-0.014606784097850323,-0.03537274897098541,0.08216780424118042,-0.107345812022686
CWE-79,CWE-298,5.0,-0.014606784097850323,-0.03537274897098541,-0.21737435460090637,-0.16255591809749603
CWE-79,CWE-449,2.0,-0.014606784097850323,-0.03537274897098541,0.13523298501968384,0.40080273151397705
CWE-79,CWE-312,242.0,-0.014606784097850323,-0.03537274897098541,0.016702711582183838,-0.0116664357483387
CWE-79,CWE-707,15.0,-0.014606784097850323,-0.03537274897098541,-0.022739246487617493,-0.21694982051849365
CWE-79,CWE-94,1058.0,-0.014606784097850323,-0.03537274897098541,-0.0033242066856473684,-0.03706299141049385
CWE-79,CWE-434,1106.0,-0.014606784097850323,-0.03537274897098541,-0.03029021993279457,-0.06154598295688629
CWE-79,CWE-264,921.0,-0.014606784097850323,-0.03537274897098541,-0.002783054718747735,-0.007213043514639139
CWE-79,CWE-644,12.0,-0.014606784097850323,-0.03537274897098541,-0.19731102883815765,-0.040414512157440186
CWE-79,CWE-302,6.0,-0.014606784097850323,-0.03537274897098541,0.161333367228508,-0.14585091173648834
CWE-79,CWE-1393,6.0,-0.014606784097850323,-0.03537274897098541,0.019039129838347435,-0.244114488363266
CWE-79,CWE-277,5.0,-0.014606784097850323,-0.03537274897098541,-0.22291159629821777,0.14472909271717072
CWE-79,CWE-97,2.0,-0.014606784097850323,-0.03537274897098541,-0.21312305331230164,0.36009082198143005
CWE-79,CWE-647,2.0,-0.014606784097850323,-0.03537274897098541,0.2335413694381714,-0.2918154299259186
CWE-79,CWE-409,17.0,-0.014606784097850323,-0.03537274897098541,-0.09260344505310059,-0.10625363886356354
CWE-79,CWE-917,44.0,-0.014606784097850323,-0.03537274897098541,-0.07059326022863388,-0.09641051292419434
CWE-79,CWE-613,290.0,-0.014606784097850323,-0.03537274897098541,-0.05584489554166794,-0.0355217382311821
CWE-79,CWE-378,3.0,-0.014606784097850323,-0.03537274897098541,0.03215072676539421,-0.3027860224246979
CWE-79,CWE-346,232.0,-0.014606784097850323,-0.03537274897098541,0.022923890501260757,0.019159652292728424
CWE-79,CWE-526,3.0,-0.014606784097850323,-0.03537274897098541,-0.1768612563610077,-0.28696754574775696
CWE-79,CWE-1254,4.0,-0.014606784097850323,-0.03537274897098541,0.1324809193611145,0.2162710428237915
CWE-79,CWE-599,2.0,-0.014606784097850323,-0.03537274897098541,0.32082170248031616,0.018811963498592377
CWE-79,CWE-1275,7.0,-0.014606784097850323,-0.03537274897098541,0.057981058955192566,-0.3066570460796356
CWE-79,CWE-502,551.0,-0.014606784097850323,-0.03537274897098541,0.0011437543435022235,-0.06108305975794792
CWE-79,CWE-1236,144.0,-0.014606784097850323,-0.03537274897098541,-0.03424099460244179,-0.11333737522363663
CWE-79,CWE-706,64.0,-0.014606784097850323,-0.03537274897098541,-0.06929116696119308,0.04818933829665184
CWE-79,CWE-790,1.0,-0.014606784097850323,-0.03537274897098541,-0.6421194076538086,0.21357788145542145
CWE-79,CWE-326,222.0,-0.014606784097850323,-0.03537274897098541,0.020296545699238777,-0.03038967214524746
CWE-79,CWE-300,8.0,-0.014606784097850323,-0.03537274897098541,0.10735096037387848,-0.16745078563690186
CWE-79,CWE-692,1.0,-0.014606784097850323,-0.03537274897098541,-0.4620509743690491,-0.30698874592781067
CWE-79,CWE-315,2.0,-0.014606784097850323,-0.03537274897098541,0.4107182025909424,-0.10714559257030487
CWE-79,CWE-436,53.0,-0.014606784097850323,-0.03537274897098541,-0.102676160633564,-0.02015201933681965
CWE-79,CWE-266,88.0,-0.014606784097850323,-0.03537274897098541,0.03407236933708191,-0.07232596725225449
CWE-79,CWE-646,1.0,-0.014606784097850323,-0.03537274897098541,0.4276861846446991,0.2652498781681061
CWE-79,CWE-916,123.0,-0.014606784097850323,-0.03537274897098541,-0.01251297164708376,-0.0682130977511406
CWE-79,CWE-612,1.0,-0.014606784097850323,-0.03537274897098541,0.3520153760910034,0.270475834608078
CWE-79,CWE-941,1.0,-0.014606784097850323,-0.03537274897098541,0.3735717833042145,-0.2473551481962204
CWE-79,CWE-256,16.0,-0.014606784097850323,-0.03537274897098541,0.07656644284725189,-0.1589808166027069
CWE-79,CWE-598,18.0,-0.014606784097850323,-0.03537274897098541,-0.16377469897270203,0.02700972743332386
CWE-79,CWE-269,841.0,-0.014606784097850323,-0.03537274897098541,-0.01995079405605793,-0.010946606285870075
CWE-79,CWE-615,2.0,-0.014606784097850323,-0.03537274897098541,-0.05823063477873802,-0.36850687861442566
CWE-79,CWE-384,271.0,-0.014606784097850323,-0.03537274897098541,0.01597214862704277,-0.04454819858074188
CWE-79,CWE-565,34.0,-0.014606784097850323,-0.03537274897098541,-0.11625213921070099,-0.03946496546268463
CWE-79,CWE-348,8.0,-0.014606784097850323,-0.03537274897098541,-0.21289414167404175,-0.06696287542581558
CWE-79,CWE-777,1.0,-0.014606784097850323,-0.03537274897098541,0.2429700493812561,-0.39930349588394165
CWE-79,CWE-167,1.0,-0.014606784097850323,-0.03537274897098541,0.03964131325483322,0.5238132476806641
CWE-79,CWE-1241,1.0,-0.014606784097850323,-0.03537274897098541,0.10160201042890549,-0.4920710623264313
CWE-79,CWE-708,3.0,-0.014606784097850323,-0.03537274897098541,-0.255231648683548,-0.2447633594274521
CWE-79,CWE-185,9.0,-0.014606784097850323,-0.03537274897098541,-0.15097205340862274,-0.14426344633102417
CWE-79,CWE-1191,5.0,-0.014606784097850323,-0.03537274897098541,-0.205159991979599,0.11835432797670364
CWE-79,CWE-317,2.0,-0.014606784097850323,-0.03537274897098541,0.044389043003320694,-0.43934619426727295
CWE-79,CWE-940,3.0,-0.014606784097850323,-0.03537274897098541,0.2575811743736267,-0.0781717598438263
CWE-79,CWE-470,53.0,-0.014606784097850323,-0.03537274897098541,0.029756437987089157,-0.08928661793470383
CWE-79,CWE-98,29.0,-0.014606784097850323,-0.03537274897098541,-0.01255875825881958,-0.1794976145029068
CWE-79,CWE-268,3.0,-0.014606784097850323,-0.03537274897098541,0.17474430799484253,-0.2805248200893402
CWE-79,CWE-918,840.0,-0.014606784097850323,-0.03537274897098541,-0.009878953918814659,-0.07857222110033035
CWE-79,CWE-614,14.0,-0.014606784097850323,-0.03537274897098541,-0.16642720997333527,-0.14508338272571564
CWE-79,CWE-1327,2.0,-0.014606784097850323,-0.03537274897098541,-0.3144913911819458,0.14801695942878723
CWE-79,CWE-88,89.0,-0.014606784097850323,-0.03537274897098541,0.04351263865828514,-0.04252335801720619
CWE-79,CWE-943,71.0,-0.014606784097850323,-0.03537274897098541,-0.047098997980356216,-0.09538479894399643
CWE-79,CWE-1385,5.0,-0.014606784097850323,-0.03537274897098541,0.06228112056851387,-0.2677745819091797
CWE-79,CWE-550,1.0,-0.014606784097850323,-0.03537274897098541,0.4387435019016266,0.08993006497621536
CWE-79,CWE-242,1.0,-0.014606784097850323,-0.03537274897098541,-0.01072053611278534,-0.4603552520275116
CWE-79,CWE-1276,1.0,-0.014606784097850323,-0.03537274897098541,-0.47444942593574524,-0.014255320653319359
CWE-79,CWE-776,74.0,-0.014606784097850323,-0.03537274897098541,-0.07124422490596771,0.060925208032131195
CWE-79,CWE-837,9.0,-0.014606784097850323,-0.03537274897098541,0.1802828460931778,0.06425723433494568
CWE-79,CWE-209,284.0,-0.014606784097850323,-0.03537274897098541,-0.01914246380329132,-0.056962329894304276
CWE-79,CWE-350,7.0,-0.014606784097850323,-0.03537274897098541,-0.2075524926185608,-0.1388523429632187
CWE-79,CWE-184,30.0,-0.014606784097850323,-0.03537274897098541,0.04716724157333374,-0.10571680217981339
CWE-79,CWE-532,354.0,-0.014606784097850323,-0.03537274897098541,-0.021585989743471146,-0.029124239459633827
CWE-79,CWE-327,318.0,-0.014606784097850323,-0.03537274897098541,-0.044679123908281326,0.0005457004299387336
CWE-79,CWE-340,24.0,-0.014606784097850323,-0.03537274897098541,-0.05983743071556091,-0.10335984081029892
CWE-79,CWE-779,2.0,-0.014606784097850323,-0.03537274897098541,0.11411648243665695,-0.38233256340026855
CWE-79,CWE-732,411.0,-0.014606784097850323,-0.03537274897098541,0.008362405002117157,-0.014200760051608086
CWE-79,CWE-290,207.0,-0.014606784097850323,-0.03537274897098541,-0.042258571833372116,0.02614513970911503
CWE-79,CWE-153,2.0,-0.014606784097850323,-0.03537274897098541,-0.11601876467466354,-0.3660544455051422
CWE-79,CWE-305,32.0,-0.014606784097850323,-0.03537274897098541,0.09766057878732681,-0.04899558424949646
CWE-79,CWE-87,4.0,-0.014606784097850323,-0.03537274897098541,0.23808540403842926,-0.0872952938079834
CWE-79,CWE-425,78.0,-0.014606784097850323,-0.03537274897098541,-0.09692339599132538,0.0046228826977312565
CWE-79,CWE-141,38.0,-0.014606784097850323,-0.03537274897098541,-0.0928419679403305,-0.04110153764486313
CWE-79,CWE-942,25.0,-0.014606784097850323,-0.03537274897098541,0.1108621135354042,-0.02375006303191185
CWE-79,CWE-257,15.0,-0.014606784097850323,-0.03537274897098541,0.00835189688950777,-0.1644033044576645
CWE-79,CWE-294,77.0,-0.014606784097850323,-0.03537274897098541,-0.06017633154988289,0.007265884894877672
CWE-79,CWE-444,124.0,-0.014606784097850323,-0.03537274897098541,0.02473337948322296,-0.040868159383535385
CWE-79,CWE-650,2.0,-0.014606784097850323,-0.03537274897098541,-0.4045006334781647,-0.13544780015945435
CWE-79,CWE-616,2.0,-0.014606784097850323,-0.03537274897098541,0.35243526101112366,-0.2715587615966797
CWE-79,CWE-90,25.0,-0.014606784097850323,-0.03537274897098541,-0.1206914484500885,-0.05946914851665497
CWE-79,CWE-566,1.0,-0.014606784097850323,-0.03537274897098541,0.2846527695655823,0.43410906195640564
CWE-79,CWE-260,3.0,-0.014606784097850323,-0.03537274897098541,-0.20642705261707306,-0.2889039218425751
CWE-79,CWE-1289,5.0,-0.014606784097850323,-0.03537274897098541,-0.27724483609199524,-0.03235951066017151
CWE-79,CWE-640,100.0,-0.014606784097850323,-0.03537274897098541,-0.0052832504734396935,-0.11900318413972855
CWE-79,CWE-602,20.0,-0.014606784097850323,-0.03537274897098541,0.019583141431212425,-0.18966950476169586
CWE-79,CWE-552,160.0,-0.014606784097850323,-0.03537274897098541,0.01144830696284771,-0.07407399266958237
CWE-79,CWE-778,3.0,-0.014606784097850323,-0.03537274897098541,-0.18708708882331848,-0.19966556131839752
CWE-79,CWE-213,3.0,-0.014606784097850323,-0.03537274897098541,-0.03473541513085365,-0.3563467264175415
CWE-79,CWE-571,1.0,-0.014606784097850323,-0.03537274897098541,-0.41309335827827454,-0.3063010573387146
CWE-79,CWE-352,3122.0,-0.014606784097850323,-0.03537274897098541,-0.012869291007518768,-0.046273693442344666
CWE-79,CWE-534,1.0,-0.014606784097850323,-0.03537274897098541,-0.44088929891586304,-0.23229677975177765
CWE-79,CWE-150,4.0,-0.014606784097850323,-0.03537274897098541,0.18608105182647705,-0.1611596792936325
CWE-79,CWE-488,4.0,-0.014606784097850323,-0.03537274897098541,0.09905844926834106,0.21314679086208344
CWE-79,CWE-696,4.0,-0.014606784097850323,-0.03537274897098541,-0.1286441534757614,-0.17481285333633423
CWE-79,CWE-522,373.0,-0.014606784097850323,-0.03537274897098541,0.025469886139035225,-0.017775731161236763
CWE-79,CWE-319,472.0,-0.014606784097850323,-0.03537274897098541,0.0009186678798869252,-0.008280155248939991
CWE-79,CWE-140,3.0,-0.014606784097850323,-0.03537274897098541,0.16604165732860565,0.2359817773103714
CWE-79,CWE-99,6.0,-0.014606784097850323,-0.03537274897098541,-0.23072339594364166,0.07657646387815475
CWE-79,CWE-494,39.0,-0.014606784097850323,-0.03537274897098541,-0.07699988037347794,-0.08488339930772781
CWE-79,CWE-307,192.0,-0.014606784097850323,-0.03537274897098541,0.016150234267115593,-0.05735562741756439
CWE-79,CWE-1100,1.0,-0.014606784097850323,-0.03537274897098541,0.4723316729068756,-0.26719996333122253
CWE-79,CWE-282,5.0,-0.014606784097850323,-0.03537274897098541,0.011161806993186474,-0.274556428194046
CWE-79,CWE-89,3088.0,-0.014606784097850323,-0.03537274897098541,-0.014974752441048622,-0.0589170977473259
CWE-79,CWE-1004,8.0,-0.014606784097850323,-0.03537274897098541,0.22773496806621552,-0.02173108607530594
CWE-79,CWE-639,362.0,-0.014606784097850323,-0.03537274897098541,-0.010897975414991379,-0.08910393714904785
CWE-79,CWE-601,758.0,-0.014606784097850323,-0.03537274897098541,-0.0036730500869452953,-0.049856338649988174
CWE-79,CWE-244,4.0,-0.014606784097850323,-0.03537274897098541,-0.16771863400936127,0.2349311262369156
CWE-79,CWE-838,6.0,-0.014606784097850323,-0.03537274897098541,0.19129236042499542,-0.021892650052905083
CWE-79,CWE-1295,2.0,-0.014606784097850323,-0.03537274897098541,-0.25910264253616333,0.25780874490737915
CWE-79,CWE-351,7.0,-0.014606784097850323,-0.03537274897098541,-0.22596921026706696,-0.047580786049366
CWE-79,CWE-792,1.0,-0.014606784097850323,-0.03537274897098541,0.5497646927833557,0.6186339259147644
CWE-80,CWE-1260,3.0,0.05614310875535011,-0.10936782509088516,-0.04551472142338753,0.13887731730937958
CWE-80,CWE-231,2.0,0.05614310875535011,-0.10936782509088516,0.3276282846927643,-0.04279226437211037
CWE-80,CWE-1320,1.0,0.05614310875535011,-0.10936782509088516,-0.1757991462945938,-0.608386218547821
CWE-80,CWE-309,1.0,0.05614310875535011,-0.10936782509088516,0.5306610465049744,0.23290684819221497
CWE-80,CWE-862,23.0,0.05614310875535011,-0.10936782509088516,-0.00795373972505331,-0.026479557156562805
CWE-80,CWE-918,29.0,0.05614310875535011,-0.10936782509088516,-0.009878953918814659,-0.07857222110033035
CWE-81,CWE-288,1.0,0.4314054846763611,-0.34671691060066223,0.05132758989930153,-0.05981195345520973
CWE-81,CWE-193,1.0,0.4314054846763611,-0.34671691060066223,-0.04346197471022606,0.05917173996567726
CWE-83,CWE-362,3.0,0.27487021684646606,-0.0031746819149702787,-0.016717402264475822,0.03487185761332512
CWE-83,CWE-601,4.0,0.27487021684646606,-0.0031746819149702787,-0.0036730500869452953,-0.049856338649988174
CWE-83,CWE-200,3.0,0.27487021684646606,-0.0031746819149702787,-0.007117283530533314,-0.004748050589114428
CWE-83,CWE-178,3.0,0.27487021684646606,-0.0031746819149702787,0.11508996784687042,0.054711878299713135
CWE-84,CWE-863,1.0,-0.2435588389635086,-0.4298464059829712,-0.019663941115140915,-0.0025097504258155823
CWE-84,CWE-918,1.0,-0.2435588389635086,-0.4298464059829712,-0.009878953918814659,-0.07857222110033035
CWE-84,CWE-672,1.0,-0.2435588389635086,-0.4298464059829712,-0.13011184334754944,0.002067751483991742
CWE-86,CWE-248,4.0,-0.3398993909358978,0.005075487308204174,-0.11601410806179047,0.019072989001870155
CWE-86,CWE-319,1.0,-0.3398993909358978,0.005075487308204174,0.0009186678798869252,-0.008280155248939991
CWE-86,CWE-284,4.0,-0.3398993909358978,0.005075487308204174,-0.024067847058176994,0.010674300603568554
CWE-86,CWE-691,4.0,-0.3398993909358978,0.005075487308204174,-0.2611469626426697,-0.027075449004769325
CWE-87,CWE-862,3.0,0.23808540403842926,-0.0872952938079834,-0.00795373972505331,-0.026479557156562805
CWE-87,CWE-918,4.0,0.23808540403842926,-0.0872952938079834,-0.009878953918814659,-0.07857222110033035
CWE-87,CWE-367,3.0,0.23808540403842926,-0.0872952938079834,-0.0025731376372277737,0.038914646953344345
CWE-87,CWE-200,4.0,0.23808540403842926,-0.0872952938079834,-0.007117283530533314,-0.004748050589114428
CWE-88,CWE-422,1.0,0.04351263865828514,-0.04252335801720619,0.363940566778183,0.40807226300239563
CWE-88,CWE-322,2.0,0.04351263865828514,-0.04252335801720619,-0.3592039942741394,-0.07380072772502899
CWE-88,CWE-396,1.0,0.04351263865828514,-0.04252335801720619,0.37193429470062256,0.01527442503720522
CWE-89,CWE-676,3.0,-0.014974752441048622,-0.0589170977473259,-0.29108622670173645,0.16250425577163696
CWE-89,CWE-235,2.0,-0.014974752441048622,-0.0589170977473259,-0.411212682723999,-0.012982427142560482
CWE-89,CWE-204,23.0,-0.014974752441048622,-0.0589170977473259,0.08216780424118042,-0.107345812022686
CWE-89,CWE-564,4.0,-0.014974752441048622,-0.0589170977473259,-0.17935673892498016,-0.31050485372543335
CWE-89,CWE-337,1.0,-0.014974752441048622,-0.0589170977473259,-0.1698014736175537,-0.44898921251296997
CWE-89,CWE-707,9.0,-0.014974752441048622,-0.0589170977473259,-0.022739246487617493,-0.21694982051849365
CWE-89,CWE-434,665.0,-0.014974752441048622,-0.0589170977473259,-0.03029021993279457,-0.06154598295688629
CWE-89,CWE-97,1.0,-0.014974752441048622,-0.0589170977473259,-0.21312305331230164,0.36009082198143005
CWE-89,CWE-502,249.0,-0.014974752441048622,-0.0589170977473259,0.0011437543435022235,-0.06108305975794792
CWE-89,CWE-1236,35.0,-0.014974752441048622,-0.0589170977473259,-0.03424099460244179,-0.11333737522363663
CWE-89,CWE-692,1.0,-0.014974752441048622,-0.0589170977473259,-0.4620509743690491,-0.30698874592781067
CWE-89,CWE-778,6.0,-0.014974752441048622,-0.0589170977473259,-0.18708708882331848,-0.19966556131839752
CWE-89,CWE-1116,1.0,-0.014974752441048622,-0.0589170977473259,0.2954045832157135,-0.3612085282802582
CWE-89,CWE-279,3.0,-0.014974752441048622,-0.0589170977473259,-0.06697551161050797,-0.23328115046024323
CWE-89,CWE-396,1.0,-0.014974752441048622,-0.0589170977473259,0.37193429470062256,0.01527442503720522
CWE-89,CWE-228,2.0,-0.014974752441048622,-0.0589170977473259,0.3787183165550232,-0.049948081374168396
CWE-89,CWE-1112,1.0,-0.014974752441048622,-0.0589170977473259,0.09986289590597153,0.4756130576133728
CWE-89,CWE-317,1.0,-0.014974752441048622,-0.0589170977473259,0.044389043003320694,-0.43934619426727295
CWE-89,CWE-98,17.0,-0.014974752441048622,-0.0589170977473259,-0.01255875825881958,-0.1794976145029068
CWE-89,CWE-918,309.0,-0.014974752441048622,-0.0589170977473259,-0.009878953918814659,-0.07857222110033035
CWE-89,CWE-791,3.0,-0.014974752441048622,-0.0589170977473259,0.23679213225841522,-0.21023258566856384
CWE-89,CWE-640,38.0,-0.014974752441048622,-0.0589170977473259,-0.0052832504734396935,-0.11900318413972855
CWE-89,CWE-352,758.0,-0.014974752441048622,-0.0589170977473259,-0.012869291007518768,-0.046273693442344666
CWE-89,CWE-534,1.0,-0.014974752441048622,-0.0589170977473259,-0.44088929891586304,-0.23229677975177765
CWE-89,CWE-767,1.0,-0.014974752441048622,-0.0589170977473259,0.26708436012268066,-0.39288395643234253
CWE-89,CWE-282,3.0,-0.014974752441048622,-0.0589170977473259,0.011161806993186474,-0.274556428194046
CWE-89,CWE-639,166.0,-0.014974752441048622,-0.0589170977473259,-0.010897975414991379,-0.08910393714904785
CWE-89,CWE-688,1.0,-0.014974752441048622,-0.0589170977473259,-0.2674998641014099,-0.44546711444854736
CWE-89,CWE-1320,1.0,-0.014974752441048622,-0.0589170977473259,-0.1757991462945938,-0.608386218547821
CWE-89,CWE-799,6.0,-0.014974752441048622,-0.0589170977473259,-0.12036526948213577,-0.20732536911964417
CWE-89,CWE-1223,2.0,-0.014974752441048622,-0.0589170977473259,0.02309814654290676,0.3997756838798523
CWE-89,CWE-698,2.0,-0.014974752441048622,-0.0589170977473259,-0.08834975212812424,-0.4683639109134674
CWE-89,CWE-176,6.0,-0.014974752441048622,-0.0589170977473259,0.20236018300056458,0.0018666686955839396
CWE-89,CWE-200,582.0,-0.014974752441048622,-0.0589170977473259,-0.007117283530533314,-0.004748050589114428
CWE-89,CWE-689,1.0,-0.014974752441048622,-0.0589170977473259,0.49030935764312744,-0.12198267132043839
CWE-89,CWE-624,1.0,-0.014974752441048622,-0.0589170977473259,-0.33712252974510193,-0.6514313817024231
CWE-89,CWE-202,5.0,-0.014974752441048622,-0.0589170977473259,-0.0011032450711354613,-0.30996739864349365
CWE-89,CWE-548,16.0,-0.014974752441048622,-0.0589170977473259,-0.059847477823495865,-0.17080868780612946
CWE-89,CWE-477,1.0,-0.014974752441048622,-0.0589170977473259,0.4168771505355835,-0.174664705991745
CWE-90,CWE-329,3.0,-0.1206914484500885,-0.05946914851665497,-0.07455196231603622,-0.25611960887908936
CWE-90,CWE-235,2.0,-0.1206914484500885,-0.05946914851665497,-0.411212682723999,-0.012982427142560482
CWE-90,CWE-166,1.0,-0.1206914484500885,-0.05946914851665497,-0.4088730216026306,-0.2325393408536911
CWE-90,CWE-287,26.0,-0.1206914484500885,-0.05946914851665497,-0.016419433057308197,0.0168480034917593
CWE-90,CWE-787,23.0,-0.1206914484500885,-0.05946914851665497,-0.0072766561061143875,0.03308534994721413
CWE-90,CWE-863,28.0,-0.1206914484500885,-0.05946914851665497,-0.019663941115140915,-0.0025097504258155823
CWE-91,CWE-200,25.0,0.014022961258888245,-0.09899817407131195,-0.007117283530533314,-0.004748050589114428
CWE-91,CWE-863,32.0,0.014022961258888245,-0.09899817407131195,-0.019663941115140915,-0.0025097504258155823
CWE-92,CWE-119,1.0,0.3518483638763428,-0.5558695197105408,-0.004948765505105257,0.027124492451548576
CWE-93,CWE-787,23.0,0.060455527156591415,-0.076343834400177,-0.0072766561061143875,0.03308534994721413
CWE-93,CWE-226,2.0,0.060455527156591415,-0.076343834400177,0.3279067873954773,-0.14164197444915771
CWE-93,CWE-400,28.0,0.060455527156591415,-0.076343834400177,-0.023355096578598022,0.02558581531047821
CWE-94,CWE-708,2.0,-0.0033242066856473684,-0.03706299141049385,-0.255231648683548,-0.2447633594274521
CWE-94,CWE-1259,2.0,-0.0033242066856473684,-0.03706299141049385,-0.21715527772903442,0.2640018165111542
CWE-94,CWE-1088,2.0,-0.0033242066856473684,-0.03706299141049385,0.2973439693450928,-0.16593854129314423
CWE-94,CWE-271,2.0,-0.0033242066856473684,-0.03706299141049385,-0.0818684995174408,0.3695172369480133
CWE-94,CWE-350,5.0,-0.0033242066856473684,-0.03706299141049385,-0.2075524926185608,-0.1388523429632187
CWE-94,CWE-616,1.0,-0.0033242066856473684,-0.03706299141049385,0.35243526101112366,-0.2715587615966797
CWE-94,CWE-260,2.0,-0.0033242066856473684,-0.03706299141049385,-0.20642705261707306,-0.2889039218425751
CWE-94,CWE-402,2.0,-0.0033242066856473684,-0.03706299141049385,-0.017354680225253105,-0.4189947545528412
CWE-94,CWE-602,10.0,-0.0033242066856473684,-0.03706299141049385,0.019583141431212425,-0.18966950476169586
CWE-94,CWE-1260,3.0,-0.0033242066856473684,-0.03706299141049385,-0.04551472142338753,0.13887731730937958
CWE-94,CWE-556,2.0,-0.0033242066856473684,-0.03706299141049385,0.3115779757499695,-0.17842550575733185
CWE-94,CWE-156,2.0,-0.0033242066856473684,-0.03706299141049385,0.1255088597536087,-0.3458152413368225
CWE-94,CWE-155,3.0,-0.0033242066856473684,-0.03706299141049385,0.24192790687084198,-0.23110835254192352
CWE-94,CWE-176,5.0,-0.0033242066856473684,-0.03706299141049385,0.20236018300056458,0.0018666686955839396
CWE-94,CWE-403,3.0,-0.0033242066856473684,-0.03706299141049385,-0.07988760620355606,-0.3002016544342041
CWE-94,CWE-840,6.0,-0.0033242066856473684,-0.03706299141049385,-0.10702486336231232,-0.2180097997188568
CWE-94,CWE-214,4.0,-0.0033242066856473684,-0.03706299141049385,0.12208513915538788,-0.25685665011405945
CWE-94,CWE-200,518.0,-0.0033242066856473684,-0.03706299141049385,-0.007117283530533314,-0.004748050589114428
CWE-94,CWE-526,3.0,-0.0033242066856473684,-0.03706299141049385,-0.1768612563610077,-0.28696754574775696
CWE-94,CWE-1336,15.0,-0.0033242066856473684,-0.03706299141049385,-0.0559936948120594,-0.14249607920646667
CWE-94,CWE-842,1.0,-0.0033242066856473684,-0.03706299141049385,0.43856915831565857,0.1758875846862793
CWE-94,CWE-288,75.0,-0.0033242066856473684,-0.03706299141049385,0.05132758989930153,-0.05981195345520973
CWE-94,CWE-95,14.0,-0.0033242066856473684,-0.03706299141049385,-0.10871263593435287,-0.1305055022239685
CWE-94,CWE-830,2.0,-0.0033242066856473684,-0.03706299141049385,-0.33189019560813904,0.06973322480916977
CWE-94,CWE-1357,1.0,-0.0033242066856473684,-0.03706299141049385,0.024626299738883972,-0.45637863874435425
CWE-94,CWE-506,1.0,-0.0033242066856473684,-0.03706299141049385,-0.04645281657576561,-0.46904927492141724
CWE-94,CWE-119,521.0,-0.0033242066856473684,-0.03706299141049385,-0.004948765505105257,0.027124492451548576
CWE-94,CWE-917,35.0,-0.0033242066856473684,-0.03706299141049385,-0.07059326022863388,-0.09641051292419434
CWE-94,CWE-1289,2.0,-0.0033242066856473684,-0.03706299141049385,-0.27724483609199524,-0.03235951066017151
CWE-94,CWE-692,1.0,-0.0033242066856473684,-0.03706299141049385,-0.4620509743690491,-0.30698874592781067
CWE-94,CWE-256,9.0,-0.0033242066856473684,-0.03706299141049385,0.07656644284725189,-0.1589808166027069
CWE-94,CWE-396,2.0,-0.0033242066856473684,-0.03706299141049385,0.37193429470062256,0.01527442503720522
CWE-95,CWE-863,13.0,-0.10871263593435287,-0.1305055022239685,-0.019663941115140915,-0.0025097504258155823
CWE-95,CWE-149,2.0,-0.10871263593435287,-0.1305055022239685,-0.3102327585220337,-0.09441712498664856
CWE-96,CWE-295,2.0,-0.15785515308380127,-0.29229339957237244,-0.03137262165546417,-0.007503588683903217
CWE-96,CWE-770,2.0,-0.15785515308380127,-0.29229339957237244,-0.01595434546470642,0.0078063239343464375
CWE-96,CWE-400,3.0,-0.15785515308380127,-0.29229339957237244,-0.023355096578598022,0.02558581531047821
CWE-96,CWE-362,2.0,-0.15785515308380127,-0.29229339957237244,-0.016717402264475822,0.03487185761332512
CWE-97,CWE-497,1.0,-0.21312305331230164,0.36009082198143005,-0.020712830126285553,0.07609589397907257
CWE-97,CWE-470,1.0,-0.21312305331230164,0.36009082198143005,0.029756437987089157,-0.08928661793470383
CWE-97,CWE-209,1.0,-0.21312305331230164,0.36009082198143005,-0.01914246380329132,-0.056962329894304276
CWE-98,CWE-1103,1.0,-0.01255875825881958,-0.1794976145029068,0.05645700544118881,-0.5507605671882629
CWE-98,CWE-862,12.0,-0.01255875825881958,-0.1794976145029068,-0.00795373972505331,-0.026479557156562805
CWE-98,CWE-434,11.0,-0.01255875825881958,-0.1794976145029068,-0.03029021993279457,-0.06154598295688629
CWE-99,CWE-415,5.0,-0.23072339594364166,0.07657646387815475,-0.017876332625746727,0.052614614367485046
CWE-99,CWE-674,4.0,-0.23072339594364166,0.07657646387815475,-0.011516761034727097,0.10007078945636749
CWE-99,CWE-235,2.0,-0.23072339594364166,0.07657646387815475,-0.411212682723999,-0.012982427142560482
CWE-99,CWE-862,6.0,-0.23072339594364166,0.07657646387815475,-0.00795373972505331,-0.026479557156562805
CWE-99,CWE-294,4.0,-0.23072339594364166,0.07657646387815475,-0.06017633154988289,0.007265884894877672
CWE-112,CWE-201,1.0,0.39776164293289185,0.11669795960187912,0.046975210309028625,-0.05213306471705437
CWE-112,CWE-327,1.0,0.39776164293289185,0.11669795960187912,-0.044679123908281326,0.0005457004299387336
CWE-112,CWE-306,1.0,0.39776164293289185,0.11669795960187912,-0.002510576043277979,0.006665211636573076
CWE-112,CWE-798,1.0,0.39776164293289185,0.11669795960187912,-0.025941848754882812,-0.01919712871313095
CWE-112,CWE-200,2.0,0.39776164293289185,0.11669795960187912,-0.007117283530533314,-0.004748050589114428
CWE-113,CWE-770,19.0,0.07064586132764816,-0.0902426466345787,-0.01595434546470642,0.0078063239343464375
CWE-113,CWE-626,1.0,0.07064586132764816,-0.0902426466345787,0.4066450297832489,-0.24929814040660858
CWE-113,CWE-601,66.0,0.07064586132764816,-0.0902426466345787,-0.0036730500869452953,-0.049856338649988174
CWE-113,CWE-1244,2.0,0.07064586132764816,-0.0902426466345787,0.3336293399333954,0.07373922318220139
CWE-113,CWE-200,24.0,0.07064586132764816,-0.0902426466345787,-0.007117283530533314,-0.004748050589114428
CWE-114,CWE-362,4.0,0.04478783160448074,0.2574983835220337,-0.016717402264475822,0.03487185761332512
CWE-114,CWE-190,4.0,0.04478783160448074,0.2574983835220337,-0.009562483057379723,0.0456865169107914
CWE-114,CWE-416,4.0,0.04478783160448074,0.2574983835220337,-0.0034559874329715967,0.05317194014787674
CWE-114,CWE-547,3.0,0.04478783160448074,0.2574983835220337,0.053789444267749786,0.2934279143810272
CWE-115,CWE-863,11.0,0.06815264374017715,0.18181587755680084,-0.019663941115140915,-0.0025097504258155823
CWE-115,CWE-120,11.0,0.06815264374017715,0.18181587755680084,-0.00981943216174841,0.03937011957168579
CWE-115,CWE-306,10.0,0.06815264374017715,0.18181587755680084,-0.002510576043277979,0.006665211636573076
CWE-115,CWE-122,12.0,0.06815264374017715,0.18181587755680084,0.0016538167838007212,0.08949033915996552
CWE-115,CWE-749,10.0,0.06815264374017715,0.18181587755680084,0.024259833618998528,0.06699757277965546
CWE-116,CWE-402,1.0,-0.014466258697211742,-0.018794752657413483,-0.017354680225253105,-0.4189947545528412
CWE-116,CWE-213,2.0,-0.014466258697211742,-0.018794752657413483,-0.03473541513085365,-0.3563467264175415
CWE-116,CWE-838,7.0,-0.014466258697211742,-0.018794752657413483,0.19129236042499542,-0.021892650052905083
CWE-116,CWE-306,355.0,-0.014466258697211742,-0.018794752657413483,-0.002510576043277979,0.006665211636573076
CWE-116,CWE-174,1.0,-0.014466258697211742,-0.018794752657413483,-0.515711784362793,-0.1582293063402176
CWE-116,CWE-125,380.0,-0.014466258697211742,-0.018794752657413483,-0.007911758497357368,0.04164179041981697
CWE-116,CWE-564,2.0,-0.014466258697211742,-0.018794752657413483,-0.17935673892498016,-0.31050485372543335
CWE-116,CWE-592,1.0,-0.014466258697211742,-0.018794752657413483,-0.4233454465866089,-0.2592567205429077
CWE-116,CWE-138,3.0,-0.014466258697211742,-0.018794752657413483,0.2484690397977829,0.1429564356803894
CWE-117,CWE-918,9.0,-0.15713800489902496,0.07345512509346008,-0.009878953918814659,-0.07857222110033035
CWE-117,CWE-219,1.0,-0.15713800489902496,0.07345512509346008,-0.4306434988975525,-0.13036906719207764
CWE-117,CWE-770,13.0,-0.15713800489902496,0.07345512509346008,-0.01595434546470642,0.0078063239343464375
CWE-117,CWE-419,1.0,-0.15713800489902496,0.07345512509346008,-0.45452699065208435,0.8339614868164062
CWE-118,CWE-284,39.0,-0.08970006555318832,0.06316637247800827,-0.024067847058176994,0.010674300603568554
CWE-118,CWE-200,40.0,-0.08970006555318832,0.06316637247800827,-0.007117283530533314,-0.004748050589114428
CWE-118,CWE-190,40.0,-0.08970006555318832,0.06316637247800827,-0.009562483057379723,0.0456865169107914
CWE-118,CWE-787,38.0,-0.08970006555318832,0.06316637247800827,-0.0072766561061143875,0.03308534994721413
CWE-119,CWE-120,3171.0,-0.004948765505105257,0.027124492451548576,-0.00981943216174841,0.03937011957168579
CWE-119,CWE-362,1767.0,-0.004948765505105257,0.027124492451548576,-0.016717402264475822,0.03487185761332512
CWE-119,CWE-134,161.0,-0.004948765505105257,0.027124492451548576,-0.04996505379676819,0.06130402907729149
CWE-119,CWE-330,219.0,-0.004948765505105257,0.027124492451548576,0.026620404794812202,0.03537904471158981
CWE-119,CWE-668,615.0,-0.004948765505105257,0.027124492451548576,0.004169609397649765,0.028927691280841827
CWE-119,CWE-320,94.0,-0.004948765505105257,0.027124492451548576,0.04874497652053833,0.044800207018852234
CWE-119,CWE-199,9.0,-0.004948765505105257,0.027124492451548576,0.16490398347377777,0.02923658862709999
CWE-119,CWE-342,3.0,-0.004948765505105257,0.027124492451548576,-0.27367329597473145,-0.13910949230194092
CWE-119,CWE-332,1.0,-0.004948765505105257,0.027124492451548576,0.025836188346147537,0.45086920261383057
CWE-119,CWE-244,4.0,-0.004948765505105257,0.027124492451548576,-0.16771863400936127,0.2349311262369156
CWE-119,CWE-388,84.0,-0.004948765505105257,0.027124492451548576,0.05486173555254936,0.03536283224821091
CWE-119,CWE-188,1.0,-0.004948765505105257,0.027124492451548576,-0.4899100065231323,-0.02751566842198372
CWE-119,CWE-704,859.0,-0.004948765505105257,0.027124492451548576,-0.023998349905014038,0.045877061784267426
CWE-119,CWE-284,536.0,-0.004948765505105257,0.027124492451548576,-0.024067847058176994,0.010674300603568554
CWE-119,CWE-264,996.0,-0.004948765505105257,0.027124492451548576,-0.002783054718747735,-0.007213043514639139
CWE-119,CWE-371,1.0,-0.004948765505105257,0.027124492451548576,0.27909529209136963,-0.3371012508869171
CWE-119,CWE-200,2535.0,-0.004948765505105257,0.027124492451548576,-0.007117283530533314,-0.004748050589114428
CWE-119,CWE-523,4.0,-0.004948765505105257,0.027124492451548576,-0.2077292799949646,0.17860698699951172
CWE-119,CWE-754,297.0,-0.004948765505105257,0.027124492451548576,-0.029542161151766777,0.05322364345192909
CWE-119,CWE-190,3228.0,-0.004948765505105257,0.027124492451548576,-0.009562483057379723,0.0456865169107914
CWE-119,CWE-771,1.0,-0.004948765505105257,0.027124492451548576,0.19496247172355652,-0.33644136786460876
CWE-119,CWE-125,4023.0,-0.004948765505105257,0.027124492451548576,-0.007911758497357368,0.04164179041981697
CWE-119,CWE-758,4.0,-0.004948765505105257,0.027124492451548576,-0.18302969634532928,0.21307291090488434
CWE-119,CWE-416,2919.0,-0.004948765505105257,0.027124492451548576,-0.0034559874329715967,0.05317194014787674
CWE-119,CWE-913,22.0,-0.004948765505105257,0.027124492451548576,-0.09033805131912231,0.10571099817752838
CWE-119,CWE-664,17.0,-0.004948765505105257,0.027124492451548576,0.10384984314441681,0.12616373598575592
CWE-119,CWE-356,8.0,-0.004948765505105257,0.027124492451548576,0.03593131899833679,0.20774714648723602
CWE-119,CWE-189,748.0,-0.004948765505105257,0.027124492451548576,0.014790467917919159,0.007113102823495865
CWE-119,CWE-832,1.0,-0.004948765505105257,0.027124492451548576,0.4845094084739685,0.07123816013336182
CWE-119,CWE-562,1.0,-0.004948765505105257,0.027124492451548576,-0.17823170125484467,0.503158688545227
CWE-119,CWE-310,477.0,-0.004948765505105257,0.027124492451548576,0.005747541785240173,0.009521388448774815
CWE-119,CWE-1187,50.0,-0.004948765505105257,0.027124492451548576,-0.015129944309592247,0.12571103870868683
CWE-119,CWE-275,18.0,-0.004948765505105257,0.027124492451548576,-0.1013348251581192,-0.048033811151981354
CWE-119,CWE-1284,258.0,-0.004948765505105257,0.027124492451548576,-0.033107560127973557,0.058357998728752136
CWE-119,CWE-772,225.0,-0.004948765505105257,0.027124492451548576,0.03285348787903786,0.03894081339240074
CWE-119,CWE-788,13.0,-0.004948765505105257,0.027124492451548576,0.1274677962064743,0.08700443804264069
CWE-119,CWE-476,2636.0,-0.004948765505105257,0.027124492451548576,-0.005598189774900675,0.05277804657816887
CWE-119,CWE-1176,1.0,-0.004948765505105257,0.027124492451548576,0.159585639834404,0.48666930198669434
CWE-119,CWE-690,1.0,-0.004948765505105257,0.027124492451548576,0.5037754774093628,0.018625503405928612
CWE-119,CWE-287,1721.0,-0.004948765505105257,0.027124492451548576,-0.016419433057308197,0.0168480034917593
CWE-119,CWE-665,508.0,-0.004948765505105257,0.027124492451548576,-0.017241965979337692,0.027158373966813087
CWE-119,CWE-254,249.0,-0.004948765505105257,0.027124492451548576,0.027458030730485916,0.008761988021433353
CWE-119,CWE-203,888.0,-0.004948765505105257,0.027124492451548576,-0.004378160461783409,0.020286405459046364
CWE-119,CWE-787,4749.0,-0.004948765505105257,0.027124492451548576,-0.0072766561061143875,0.03308534994721413
CWE-119,CWE-399,839.0,-0.004948765505105257,0.027124492451548576,0.011790155433118343,0.0009005937026813626
CWE-119,CWE-361,18.0,-0.004948765505105257,0.027124492451548576,-0.070846788585186,0.14217247068881989
CWE-119,CWE-775,1.0,-0.004948765505105257,0.027124492451548576,0.08561010658740997,-0.4577633738517761
CWE-119,CWE-646,1.0,-0.004948765505105257,0.027124492451548576,0.4276861846446991,0.2652498781681061
CWE-119,CWE-920,7.0,-0.004948765505105257,0.027124492451548576,-0.18878115713596344,0.12580086290836334
CWE-119,CWE-240,11.0,-0.004948765505105257,0.027124492451548576,-0.08305169641971588,0.20449984073638916
CWE-119,CWE-212,405.0,-0.004948765505105257,0.027124492451548576,0.009168251417577267,0.018763581290841103
CWE-120,CWE-646,1.0,-0.00981943216174841,0.03937011957168579,0.4276861846446991,0.2652498781681061
CWE-120,CWE-121,524.0,-0.00981943216174841,0.03937011957168579,0.02935074456036091,0.05222804844379425
CWE-120,CWE-916,63.0,-0.00981943216174841,0.03937011957168579,-0.01251297164708376,-0.0682130977511406
CWE-120,CWE-863,1030.0,-0.00981943216174841,0.03937011957168579,-0.019663941115140915,-0.0025097504258155823
CWE-120,CWE-1328,9.0,-0.00981943216174841,0.03937011957168579,0.14673636853694916,0.14037954807281494
CWE-120,CWE-401,1174.0,-0.00981943216174841,0.03937011957168579,0.0036902385763823986,0.046476151794195175
CWE-120,CWE-823,141.0,-0.00981943216174841,0.03937011957168579,-0.026675624772906303,0.0922546237707138
CWE-120,CWE-763,213.0,-0.00981943216174841,0.03937011957168579,0.007184468675404787,0.0808861032128334
CWE-120,CWE-457,237.0,-0.00981943216174841,0.03937011957168579,0.0013134849723428488,0.09827528893947601
CWE-120,CWE-400,1849.0,-0.00981943216174841,0.03937011957168579,-0.023355096578598022,0.02558581531047821
CWE-120,CWE-822,169.0,-0.00981943216174841,0.03937011957168579,-0.004816541913896799,0.08522438257932663
CWE-120,CWE-617,2136.0,-0.00981943216174841,0.03937011957168579,-0.0008893574122339487,0.04848543182015419
CWE-120,CWE-386,2.0,-0.00981943216174841,0.03937011957168579,0.2913692593574524,0.2270759493112564
CWE-120,CWE-134,167.0,-0.00981943216174841,0.03937011957168579,-0.04996505379676819,0.06130402907729149
CWE-120,CWE-305,21.0,-0.00981943216174841,0.03937011957168579,0.09766057878732681,-0.04899558424949646
CWE-120,CWE-697,256.0,-0.00981943216174841,0.03937011957168579,-0.032389119267463684,0.06760942190885544
CWE-120,CWE-942,15.0,-0.00981943216174841,0.03937011957168579,0.1108621135354042,-0.02375006303191185
CWE-120,CWE-125,4461.0,-0.00981943216174841,0.03937011957168579,-0.007911758497357368,0.04164179041981697
CWE-120,CWE-229,2.0,-0.00981943216174841,0.03937011957168579,-0.3372754752635956,-0.061395227909088135
CWE-120,CWE-824,831.0,-0.00981943216174841,0.03937011957168579,-0.01481824740767479,0.06391838937997818
CWE-120,CWE-369,493.0,-0.00981943216174841,0.03937011957168579,-0.029390405863523483,0.04580015689134598
CWE-120,CWE-342,2.0,-0.00981943216174841,0.03937011957168579,-0.27367329597473145,-0.13910949230194092
CWE-120,CWE-749,174.0,-0.00981943216174841,0.03937011957168579,0.024259833618998528,0.06699757277965546
CWE-120,CWE-459,230.0,-0.00981943216174841,0.03937011957168579,-0.0319937989115715,0.031058236956596375
CWE-120,CWE-415,2377.0,-0.00981943216174841,0.03937011957168579,-0.017876332625746727,0.052614614367485046
CWE-120,CWE-1295,2.0,-0.00981943216174841,0.03937011957168579,-0.25910264253616333,0.25780874490737915
CWE-120,CWE-367,1879.0,-0.00981943216174841,0.03937011957168579,-0.0025731376372277737,0.038914646953344345
CWE-120,CWE-252,899.0,-0.00981943216174841,0.03937011957168579,-0.04096890985965729,0.045614130795001984
CWE-120,CWE-188,1.0,-0.00981943216174841,0.03937011957168579,-0.4899100065231323,-0.02751566842198372
CWE-120,CWE-497,255.0,-0.00981943216174841,0.03937011957168579,-0.020712830126285553,0.07609589397907257
CWE-120,CWE-704,840.0,-0.00981943216174841,0.03937011957168579,-0.023998349905014038,0.045877061784267426
CWE-120,CWE-126,968.0,-0.00981943216174841,0.03937011957168579,0.0009474454564042389,0.06387107074260712
CWE-120,CWE-274,3.0,-0.00981943216174841,0.03937011957168579,0.14046844840049744,0.28179994225502014
CWE-120,CWE-1262,126.0,-0.00981943216174841,0.03937011957168579,0.01626310683786869,0.09115028381347656
CWE-120,CWE-190,3488.0,-0.00981943216174841,0.03937011957168579,-0.009562483057379723,0.0456865169107914
CWE-120,CWE-323,123.0,-0.00981943216174841,0.03937011957168579,0.008806588128209114,0.10087049752473831
CWE-120,CWE-656,1.0,-0.00981943216174841,0.03937011957168579,0.47243884205818176,-0.024991432204842567
CWE-120,CWE-311,157.0,-0.00981943216174841,0.03937011957168579,-0.04797033965587616,0.03313539922237396
CWE-120,CWE-416,3246.0,-0.00981943216174841,0.03937011957168579,-0.0034559874329715967,0.05317194014787674
CWE-120,CWE-276,888.0,-0.00981943216174841,0.03937011957168579,-0.03405288979411125,0.048099495470523834
CWE-120,CWE-828,1.0,-0.00981943216174841,0.03937011957168579,0.1490800380706787,0.5327438116073608
CWE-120,CWE-562,1.0,-0.00981943216174841,0.03937011957168579,-0.17823170125484467,0.503158688545227
CWE-120,CWE-345,305.0,-0.00981943216174841,0.03937011957168579,0.014353880658745766,0.022683454677462578
CWE-120,CWE-335,6.0,-0.00981943216174841,0.03937011957168579,0.11409967392683029,-0.05265039578080177
CWE-120,CWE-691,4.0,-0.00981943216174841,0.03937011957168579,-0.2611469626426697,-0.027075449004769325
CWE-120,CWE-467,1.0,-0.00981943216174841,0.03937011957168579,-0.41015130281448364,0.34537622332572937
CWE-120,CWE-422,1.0,-0.00981943216174841,0.03937011957168579,0.363940566778183,0.40807226300239563
CWE-120,CWE-191,1133.0,-0.00981943216174841,0.03937011957168579,-0.0229190643876791,0.03868135064840317
CWE-120,CWE-476,3487.0,-0.00981943216174841,0.03937011957168579,-0.005598189774900675,0.05277804657816887
CWE-120,CWE-194,3.0,-0.00981943216174841,0.03937011957168579,-0.22281882166862488,0.2881356179714203
CWE-120,CWE-129,2702.0,-0.00981943216174841,0.03937011957168579,-0.012911481782793999,0.051392536610364914
CWE-120,CWE-287,1938.0,-0.00981943216174841,0.03937011957168579,-0.016419433057308197,0.0168480034917593
CWE-120,CWE-1068,1.0,-0.00981943216174841,0.03937011957168579,0.44920122623443604,0.05828113853931427
CWE-120,CWE-203,905.0,-0.00981943216174841,0.03937011957168579,-0.004378160461783409,0.020286405459046364
CWE-120,CWE-787,5351.0,-0.00981943216174841,0.03937011957168579,-0.0072766561061143875,0.03308534994721413
CWE-120,CWE-131,886.0,-0.00981943216174841,0.03937011957168579,-0.006283762399107218,0.06268080323934555
CWE-121,CWE-912,62.0,0.02935074456036091,0.05222804844379425,0.0803598165512085,0.01648866757750511
CWE-121,CWE-590,9.0,0.02935074456036091,0.05222804844379425,0.05713421478867531,0.20955033600330353
CWE-121,CWE-188,1.0,0.02935074456036091,0.05222804844379425,-0.4899100065231323,-0.02751566842198372
CWE-121,CWE-414,1.0,0.02935074456036091,0.05222804844379425,-0.07216798514127731,-0.43468552827835083
CWE-121,CWE-250,87.0,0.02935074456036091,0.05222804844379425,0.0713554099202156,0.037994634360075
CWE-121,CWE-125,569.0,0.02935074456036091,0.05222804844379425,-0.007911758497357368,0.04164179041981697
CWE-121,CWE-1007,1.0,0.02935074456036091,0.05222804844379425,0.4067137837409973,0.2969486117362976
CWE-121,CWE-475,12.0,0.02935074456036091,0.05222804844379425,0.16959846019744873,0.10236005485057831
CWE-121,CWE-1046,1.0,0.02935074456036091,0.05222804844379425,0.09148857742547989,0.4950147569179535
CWE-121,CWE-656,1.0,0.02935074456036091,0.05222804844379425,0.47243884205818176,-0.024991432204842567
CWE-121,CWE-416,526.0,0.02935074456036091,0.05222804844379425,-0.0034559874329715967,0.05317194014787674
CWE-121,CWE-128,2.0,0.02935074456036091,0.05222804844379425,-0.35401418805122375,0.026491791009902954
CWE-121,CWE-839,4.0,0.02935074456036091,0.05222804844379425,0.3880758285522461,0.06401635706424713
CWE-121,CWE-643,22.0,0.02935074456036091,0.05222804844379425,0.10394584387540817,0.06040506437420845
CWE-121,CWE-562,1.0,0.02935074456036091,0.05222804844379425,-0.17823170125484467,0.503158688545227
CWE-121,CWE-192,1.0,0.02935074456036091,0.05222804844379425,0.3354662358760834,0.37119296193122864
CWE-121,CWE-463,2.0,0.02935074456036091,0.05222804844379425,0.18635405600070953,0.3470210134983063
CWE-121,CWE-1391,5.0,0.02935074456036091,0.05222804844379425,0.24389685690402985,-0.10995730012655258
CWE-121,CWE-395,1.0,0.02935074456036091,0.05222804844379425,0.1741163432598114,0.37633442878723145
CWE-121,CWE-1250,1.0,0.02935074456036091,0.05222804844379425,0.4844644069671631,0.21089763939380646
CWE-121,CWE-476,515.0,0.02935074456036091,0.05222804844379425,-0.005598189774900675,0.05277804657816887
CWE-121,CWE-466,9.0,0.02935074456036091,0.05222804844379425,0.09636744856834412,0.20033088326454163
CWE-121,CWE-1286,277.0,0.02935074456036091,0.05222804844379425,0.038107771426439285,0.05974872037768364
CWE-121,CWE-787,869.0,0.02935074456036091,0.05222804844379425,-0.0072766561061143875,0.03308534994721413
CWE-121,CWE-226,2.0,0.02935074456036091,0.05222804844379425,0.3279067873954773,-0.14164197444915771
CWE-121,CWE-349,35.0,0.02935074456036091,0.05222804844379425,-0.06190428510308266,0.09483230859041214
CWE-121,CWE-1328,9.0,0.02935074456036091,0.05222804844379425,0.14673636853694916,0.14037954807281494
CWE-121,CWE-777,1.0,0.02935074456036091,0.05222804844379425,0.2429700493812561,-0.39930349588394165
CWE-121,CWE-303,14.0,0.02935074456036091,0.05222804844379425,0.09158975630998611,-0.08733026683330536
CWE-121,CWE-138,3.0,0.02935074456036091,0.05222804844379425,0.2484690397977829,0.1429564356803894
CWE-121,CWE-268,2.0,0.02935074456036091,0.05222804844379425,0.17474430799484253,-0.2805248200893402
CWE-121,CWE-410,27.0,0.02935074456036091,0.05222804844379425,0.09682178497314453,-0.029121920466423035
CWE-121,CWE-197,45.0,0.02935074456036091,0.05222804844379425,0.0019196377834305167,0.13403578102588654
CWE-121,CWE-1244,2.0,0.02935074456036091,0.05222804844379425,0.3336293399333954,0.07373922318220139
CWE-121,CWE-187,14.0,0.02935074456036091,0.05222804844379425,0.02860971912741661,0.15527719259262085
CWE-121,CWE-489,62.0,0.02935074456036091,0.05222804844379425,0.06693663448095322,0.014912130311131477
CWE-121,CWE-122,241.0,0.02935074456036091,0.05222804844379425,0.0016538167838007212,0.08949033915996552
CWE-121,CWE-259,65.0,0.02935074456036091,0.05222804844379425,0.0669364258646965,-0.008834983222186565
CWE-122,CWE-414,1.0,0.0016538167838007212,0.08949033915996552,-0.07216798514127731,-0.43468552827835083
CWE-122,CWE-1077,2.0,0.0016538167838007212,0.08949033915996552,0.06632008403539658,0.38992226123809814
CWE-122,CWE-280,49.0,0.0016538167838007212,0.08949033915996552,0.04618149250745773,0.11849380284547806
CWE-122,CWE-125,419.0,0.0016538167838007212,0.08949033915996552,-0.007911758497357368,0.04164179041981697
CWE-122,CWE-416,324.0,0.0016538167838007212,0.08949033915996552,-0.0034559874329715967,0.05317194014787674
CWE-122,CWE-124,24.0,0.0016538167838007212,0.08949033915996552,0.007604130078107119,0.17636096477508545
CWE-122,CWE-244,3.0,0.0016538167838007212,0.08949033915996552,-0.16771863400936127,0.2349311262369156
CWE-122,CWE-392,4.0,0.0016538167838007212,0.08949033915996552,-0.2683865427970886,0.08945173025131226
CWE-122,CWE-590,10.0,0.0016538167838007212,0.08949033915996552,0.05713421478867531,0.20955033600330353
CWE-122,CWE-1250,1.0,0.0016538167838007212,0.08949033915996552,0.4844644069671631,0.21089763939380646
CWE-122,CWE-641,18.0,0.0016538167838007212,0.08949033915996552,-0.011356968432664871,0.1735605150461197
CWE-122,CWE-787,436.0,0.0016538167838007212,0.08949033915996552,-0.0072766561061143875,0.03308534994721413
CWE-122,CWE-758,4.0,0.0016538167838007212,0.08949033915996552,-0.18302969634532928,0.21307291090488434
CWE-122,CWE-656,1.0,0.0016538167838007212,0.08949033915996552,0.47243884205818176,-0.024991432204842567
CWE-122,CWE-591,17.0,0.0016538167838007212,0.08949033915996552,0.09200659394264221,0.14039558172225952
CWE-122,CWE-223,1.0,0.0016538167838007212,0.08949033915996552,-0.43616870045661926,0.2154901623725891
CWE-122,CWE-299,2.0,0.0016538167838007212,0.08949033915996552,-0.052812229841947556,0.24043990671634674
CWE-122,CWE-450,2.0,0.0016538167838007212,0.08949033915996552,0.2485862821340561,0.3181167542934418
CWE-122,CWE-1287,46.0,0.0016538167838007212,0.08949033915996552,0.07041751593351364,0.07457787543535233
CWE-122,CWE-476,236.0,0.0016538167838007212,0.08949033915996552,-0.005598189774900675,0.05277804657816887
CWE-122,CWE-194,3.0,0.0016538167838007212,0.08949033915996552,-0.22281882166862488,0.2881356179714203
CWE-122,CWE-1240,20.0,0.0016538167838007212,0.08949033915996552,-0.11644866317510605,0.0775735005736351
CWE-122,CWE-762,2.0,0.0016538167838007212,0.08949033915996552,-0.22934158146381378,0.3479769229888916
CWE-122,CWE-226,2.0,0.0016538167838007212,0.08949033915996552,0.3279067873954773,-0.14164197444915771
CWE-122,CWE-292,2.0,0.0016538167838007212,0.08949033915996552,-0.29885774850845337,0.2398122400045395
CWE-122,CWE-1310,14.0,0.0016538167838007212,0.08949033915996552,0.03251070901751518,0.1851831078529358
CWE-122,CWE-1328,9.0,0.0016538167838007212,0.08949033915996552,0.14673636853694916,0.14037954807281494
CWE-122,CWE-789,33.0,0.0016538167838007212,0.08949033915996552,-0.08799698203802109,0.11868457496166229
CWE-122,CWE-195,4.0,0.0016538167838007212,0.08949033915996552,0.08824069052934647,0.27281272411346436
CWE-123,CWE-401,11.0,0.1247221976518631,0.10890976339578629,0.0036902385763823986,0.046476151794195175
CWE-123,CWE-125,15.0,0.1247221976518631,0.10890976339578629,-0.007911758497357368,0.04164179041981697
CWE-123,CWE-787,14.0,0.1247221976518631,0.10890976339578629,-0.0072766561061143875,0.03308534994721413
CWE-124,CWE-125,16.0,0.007604130078107119,0.17636096477508545,-0.007911758497357368,0.04164179041981697
CWE-124,CWE-416,17.0,0.007604130078107119,0.17636096477508545,-0.0034559874329715967,0.05317194014787674
CWE-124,CWE-476,19.0,0.007604130078107119,0.17636096477508545,-0.005598189774900675,0.05277804657816887
CWE-124,CWE-787,21.0,0.007604130078107119,0.17636096477508545,-0.0072766561061143875,0.03308534994721413
CWE-125,CWE-364,5.0,-0.007911758497357368,0.04164179041981697,-0.24126558005809784,0.08505801111459732
CWE-125,CWE-824,947.0,-0.007911758497357368,0.04164179041981697,-0.01481824740767479,0.06391838937997818
CWE-125,CWE-248,36.0,-0.007911758497357368,0.04164179041981697,-0.11601410806179047,0.019072989001870155
CWE-125,CWE-369,612.0,-0.007911758497357368,0.04164179041981697,-0.029390405863523483,0.04580015689134598
CWE-125,CWE-342,3.0,-0.007911758497357368,0.04164179041981697,-0.27367329597473145,-0.13910949230194092
CWE-125,CWE-782,1.0,-0.007911758497357368,0.04164179041981697,-0.487714022397995,-0.2128627449274063
CWE-125,CWE-319,544.0,-0.007911758497357368,0.04164179041981697,0.0009186678798869252,-0.008280155248939991
CWE-125,CWE-749,173.0,-0.007911758497357368,0.04164179041981697,0.024259833618998528,0.06699757277965546
CWE-125,CWE-770,564.0,-0.007911758497357368,0.04164179041981697,-0.01595434546470642,0.0078063239343464375
CWE-125,CWE-459,260.0,-0.007911758497357368,0.04164179041981697,-0.0319937989115715,0.031058236956596375
CWE-125,CWE-670,56.0,-0.007911758497357368,0.04164179041981697,-0.025426315143704414,0.11868958920240402
CWE-125,CWE-427,107.0,-0.007911758497357368,0.04164179041981697,0.03591614216566086,0.030950842425227165
CWE-125,CWE-415,2728.0,-0.007911758497357368,0.04164179041981697,-0.017876332625746727,0.052614614367485046
CWE-125,CWE-388,77.0,-0.007911758497357368,0.04164179041981697,0.05486173555254936,0.03536283224821091
CWE-125,CWE-570,13.0,-0.007911758497357368,0.04164179041981697,-0.031417056918144226,0.29588639736175537
CWE-125,CWE-404,118.0,-0.007911758497357368,0.04164179041981697,0.021767202764749527,0.0435124970972538
CWE-125,CWE-367,1986.0,-0.007911758497357368,0.04164179041981697,-0.0025731376372277737,0.038914646953344345
CWE-125,CWE-590,11.0,-0.007911758497357368,0.04164179041981697,0.05713421478867531,0.20955033600330353
CWE-125,CWE-306,714.0,-0.007911758497357368,0.04164179041981697,-0.002510576043277979,0.006665211636573076
CWE-125,CWE-755,740.0,-0.007911758497357368,0.04164179041981697,0.011630009859800339,0.05406934395432472
CWE-125,CWE-686,13.0,-0.007911758497357368,0.04164179041981697,-0.001950284349732101,0.29357120394706726
CWE-125,CWE-446,1.0,-0.007911758497357368,0.04164179041981697,-0.15688811242580414,0.3970310091972351
CWE-125,CWE-497,271.0,-0.007911758497357368,0.04164179041981697,-0.020712830126285553,0.07609589397907257
CWE-125,CWE-653,8.0,-0.007911758497357368,0.04164179041981697,-0.09316997975111008,0.2250336855649948
CWE-125,CWE-704,924.0,-0.007911758497357368,0.04164179041981697,-0.023998349905014038,0.045877061784267426
CWE-125,CWE-126,1130.0,-0.007911758497357368,0.04164179041981697,0.0009474454564042389,0.06387107074260712
CWE-125,CWE-430,1.0,-0.007911758497357368,0.04164179041981697,-0.4027039706707001,0.4053225517272949
CWE-125,CWE-641,18.0,-0.007911758497357368,0.04164179041981697,-0.011356968432664871,0.1735605150461197
CWE-125,CWE-1390,278.0,-0.007911758497357368,0.04164179041981697,0.013699682429432869,0.07177522033452988
CWE-125,CWE-1319,1.0,-0.007911758497357368,0.04164179041981697,0.09227649122476578,-0.4285690486431122
CWE-125,CWE-1262,136.0,-0.007911758497357368,0.04164179041981697,0.01626310683786869,0.09115028381347656
CWE-125,CWE-200,1782.0,-0.007911758497357368,0.04164179041981697,-0.007117283530533314,-0.004748050589114428
CWE-125,CWE-523,4.0,-0.007911758497357368,0.04164179041981697,-0.2077292799949646,0.17860698699951172
CWE-125,CWE-754,186.0,-0.007911758497357368,0.04164179041981697,-0.029542161151766777,0.05322364345192909
CWE-125,CWE-805,21.0,-0.007911758497357368,0.04164179041981697,-0.0553806908428669,0.1813008189201355
CWE-125,CWE-190,3939.0,-0.007911758497357368,0.04164179041981697,-0.009562483057379723,0.0456865169107914
CWE-125,CWE-1268,1.0,-0.007911758497357368,0.04164179041981697,-0.12075623869895935,0.5378002524375916
CWE-125,CWE-346,193.0,-0.007911758497357368,0.04164179041981697,0.022923890501260757,0.019159652292728424
CWE-125,CWE-758,7.0,-0.007911758497357368,0.04164179041981697,-0.18302969634532928,0.21307291090488434
CWE-125,CWE-475,13.0,-0.007911758497357368,0.04164179041981697,0.16959846019744873,0.10236005485057831
CWE-125,CWE-273,20.0,-0.007911758497357368,0.04164179041981697,0.11628727614879608,0.04478726536035538
CWE-125,CWE-311,137.0,-0.007911758497357368,0.04164179041981697,-0.04797033965587616,0.03313539922237396
CWE-125,CWE-416,4097.0,-0.007911758497357368,0.04164179041981697,-0.0034559874329715967,0.05317194014787674
CWE-125,CWE-674,195.0,-0.007911758497357368,0.04164179041981697,-0.011516761034727097,0.10007078945636749
CWE-125,CWE-913,21.0,-0.007911758497357368,0.04164179041981697,-0.09033805131912231,0.10571099817752838
CWE-125,CWE-664,14.0,-0.007911758497357368,0.04164179041981697,0.10384984314441681,0.12616373598575592
CWE-125,CWE-393,1.0,-0.007911758497357368,0.04164179041981697,-0.26457497477531433,0.451069712638855
CWE-125,CWE-591,17.0,-0.007911758497357368,0.04164179041981697,0.09200659394264221,0.14039558172225952
CWE-125,CWE-356,9.0,-0.007911758497357368,0.04164179041981697,0.03593131899833679,0.20774714648723602
CWE-125,CWE-1325,3.0,-0.007911758497357368,0.04164179041981697,-0.017875470221042633,0.3186037540435791
CWE-125,CWE-1285,4.0,-0.007911758497357368,0.04164179041981697,0.2548980712890625,0.006491194944828749
CWE-125,CWE-757,4.0,-0.007911758497357368,0.04164179041981697,0.1514016091823578,-0.16351193189620972
CWE-125,CWE-127,3.0,-0.007911758497357368,0.04164179041981697,-0.2517915666103363,-0.17676517367362976
CWE-125,CWE-1021,106.0,-0.007911758497357368,0.04164179041981697,-0.05648478493094444,-0.001264764228835702
CWE-125,CWE-1187,50.0,-0.007911758497357368,0.04164179041981697,-0.015129944309592247,0.12571103870868683
CWE-125,CWE-662,53.0,-0.007911758497357368,0.04164179041981697,0.012740850448608398,0.12130024284124374
CWE-125,CWE-130,10.0,-0.007911758497357368,0.04164179041981697,-0.1193375363945961,0.17763110995292664
CWE-125,CWE-926,4.0,-0.007911758497357368,0.04164179041981697,-0.01932874321937561,0.2733851671218872
CWE-125,CWE-1335,6.0,-0.007911758497357368,0.04164179041981697,-0.06880731880664825,0.259678453207016
CWE-125,CWE-561,13.0,-0.007911758497357368,0.04164179041981697,-0.04074735939502716,0.2768230736255646
CWE-125,CWE-1284,295.0,-0.007911758497357368,0.04164179041981697,-0.033107560127973557,0.058357998728752136
CWE-125,CWE-395,2.0,-0.007911758497357368,0.04164179041981697,0.1741163432598114,0.37633442878723145
CWE-125,CWE-221,1.0,-0.007911758497357368,0.04164179041981697,-0.18218529224395752,0.5616347789764404
CWE-125,CWE-807,25.0,-0.007911758497357368,0.04164179041981697,-0.020085351541638374,-0.12326335161924362
CWE-125,CWE-191,1288.0,-0.007911758497357368,0.04164179041981697,-0.0229190643876791,0.03868135064840317
CWE-125,CWE-772,225.0,-0.007911758497357368,0.04164179041981697,0.03285348787903786,0.03894081339240074
CWE-125,CWE-834,50.0,-0.007911758497357368,0.04164179041981697,-0.04651564732193947,0.11536671966314316
CWE-125,CWE-1287,48.0,-0.007911758497357368,0.04164179041981697,0.07041751593351364,0.07457787543535233
CWE-125,CWE-347,348.0,-0.007911758497357368,0.04164179041981697,0.019651714712381363,0.03766050189733505
CWE-125,CWE-527,1.0,-0.007911758497357368,0.04164179041981697,0.46750524640083313,-0.2327331006526947
CWE-125,CWE-476,3411.0,-0.007911758497357368,0.04164179041981697,-0.005598189774900675,0.05277804657816887
CWE-125,CWE-194,4.0,-0.007911758497357368,0.04164179041981697,-0.22281882166862488,0.2881356179714203
CWE-125,CWE-129,2850.0,-0.007911758497357368,0.04164179041981697,-0.012911481782793999,0.051392536610364914
CWE-125,CWE-287,1651.0,-0.007911758497357368,0.04164179041981697,-0.016419433057308197,0.0168480034917593
CWE-125,CWE-665,1402.0,-0.007911758497357368,0.04164179041981697,-0.017241965979337692,0.027158373966813087
CWE-125,CWE-290,154.0,-0.007911758497357368,0.04164179041981697,-0.042258571833372116,0.02614513970911503
CWE-125,CWE-843,441.0,-0.007911758497357368,0.04164179041981697,0.0006745989667251706,0.07189887017011642
CWE-125,CWE-833,6.0,-0.007911758497357368,0.04164179041981697,0.0659109503030777,0.25692132115364075
CWE-125,CWE-203,1347.0,-0.007911758497357368,0.04164179041981697,-0.004378160461783409,0.020286405459046364
CWE-125,CWE-787,7068.0,-0.007911758497357368,0.04164179041981697,-0.0072766561061143875,0.03308534994721413
CWE-125,CWE-361,15.0,-0.007911758497357368,0.04164179041981697,-0.070846788585186,0.14217247068881989
CWE-125,CWE-193,147.0,-0.007911758497357368,0.04164179041981697,-0.04346197471022606,0.05917173996567726
CWE-125,CWE-1257,192.0,-0.007911758497357368,0.04164179041981697,0.025034425780177116,0.054088592529296875
CWE-125,CWE-514,1.0,-0.007911758497357368,0.04164179041981697,-0.47955939173698425,0.0759252980351448
CWE-125,CWE-131,995.0,-0.007911758497357368,0.04164179041981697,-0.006283762399107218,0.06268080323934555
CWE-125,CWE-680,34.0,-0.007911758497357368,0.04164179041981697,-0.07411782443523407,0.10807666927576065
CWE-125,CWE-667,300.0,-0.007911758497357368,0.04164179041981697,-0.01672227308154106,0.08033251762390137
CWE-125,CWE-863,1089.0,-0.007911758497357368,0.04164179041981697,-0.019663941115140915,-0.0025097504258155823
CWE-125,CWE-269,508.0,-0.007911758497357368,0.04164179041981697,-0.01995079405605793,-0.010946606285870075
CWE-125,CWE-1310,14.0,-0.007911758497357368,0.04164179041981697,0.03251070901751518,0.1851831078529358
CWE-125,CWE-240,11.0,-0.007911758497357368,0.04164179041981697,-0.08305169641971588,0.20449984073638916
CWE-125,CWE-835,1382.0,-0.007911758497357368,0.04164179041981697,0.002445928053930402,0.05998510867357254
CWE-125,CWE-1288,16.0,-0.007911758497357368,0.04164179041981697,0.12776024639606476,-0.006410484202206135
CWE-125,CWE-789,34.0,-0.007911758497357368,0.04164179041981697,-0.08799698203802109,0.11868457496166229
CWE-125,CWE-401,1322.0,-0.007911758497357368,0.04164179041981697,0.0036902385763823986,0.046476151794195175
CWE-125,CWE-823,142.0,-0.007911758497357368,0.04164179041981697,-0.026675624772906303,0.0922546237707138
CWE-125,CWE-195,7.0,-0.007911758497357368,0.04164179041981697,0.08824069052934647,0.27281272411346436
CWE-125,CWE-338,39.0,-0.007911758497357368,0.04164179041981697,-0.09081433713436127,0.04265573248267174
CWE-125,CWE-212,447.0,-0.007911758497357368,0.04164179041981697,0.009168251417577267,0.018763581290841103
CWE-125,CWE-763,236.0,-0.007911758497357368,0.04164179041981697,0.007184468675404787,0.0808861032128334
CWE-125,CWE-172,6.0,-0.007911758497357368,0.04164179041981697,-0.0009688222198747098,0.2547897398471832
CWE-125,CWE-682,88.0,-0.007911758497357368,0.04164179041981697,-0.045395296066999435,0.08008401095867157
CWE-125,CWE-440,6.0,-0.007911758497357368,0.04164179041981697,-0.13240642845630646,0.21723699569702148
CWE-125,CWE-268,2.0,-0.007911758497357368,0.04164179041981697,0.17474430799484253,-0.2805248200893402
CWE-125,CWE-281,185.0,-0.007911758497357368,0.04164179041981697,0.034062474966049194,0.04482383653521538
CWE-125,CWE-669,26.0,-0.007911758497357368,0.04164179041981697,0.07230829447507858,-0.0477164089679718
CWE-125,CWE-426,125.0,-0.007911758497357368,0.04164179041981697,0.03880825266242027,0.01850116066634655
CWE-125,CWE-636,5.0,-0.007911758497357368,0.04164179041981697,-0.20675361156463623,-0.09791460633277893
CWE-125,CWE-400,1390.0,-0.007911758497357368,0.04164179041981697,-0.023355096578598022,0.02558581531047821
CWE-125,CWE-908,796.0,-0.007911758497357368,0.04164179041981697,-0.017863865941762924,0.05613620951771736
CWE-125,CWE-362,1759.0,-0.007911758497357368,0.04164179041981697,-0.016717402264475822,0.03487185761332512
CWE-125,CWE-822,248.0,-0.007911758497357368,0.04164179041981697,-0.004816541913896799,0.08522438257932663
CWE-125,CWE-922,76.0,-0.007911758497357368,0.04164179041981697,-0.07311329990625381,0.015178214758634567
CWE-125,CWE-617,2245.0,-0.007911758497357368,0.04164179041981697,-0.0008893574122339487,0.04848543182015419
CWE-125,CWE-603,3.0,-0.007911758497357368,0.04164179041981697,0.1921589970588684,0.189273402094841
CWE-125,CWE-366,2.0,-0.007911758497357368,0.04164179041981697,-0.04148894175887108,0.43063804507255554
CWE-125,CWE-197,46.0,-0.007911758497357368,0.04164179041981697,0.0019196377834305167,0.13403578102588654
CWE-125,CWE-134,199.0,-0.007911758497357368,0.04164179041981697,-0.04996505379676819,0.06130402907729149
CWE-125,CWE-681,107.0,-0.007911758497357368,0.04164179041981697,-0.03912424296140671,0.016654817387461662
CWE-125,CWE-330,248.0,-0.007911758497357368,0.04164179041981697,0.026620404794812202,0.03537904471158981
CWE-125,CWE-1220,217.0,-0.007911758497357368,0.04164179041981697,0.031769607216119766,0.02468506433069706
CWE-125,CWE-697,308.0,-0.007911758497357368,0.04164179041981697,-0.032389119267463684,0.06760942190885544
CWE-125,CWE-456,1.0,-0.007911758497357368,0.04164179041981697,-0.503644585609436,0.17171211540699005
CWE-125,CWE-1077,2.0,-0.007911758497357368,0.04164179041981697,0.06632008403539658,0.38992226123809814
CWE-125,CWE-280,54.0,-0.007911758497357368,0.04164179041981697,0.04618149250745773,0.11849380284547806
CWE-125,CWE-668,889.0,-0.007911758497357368,0.04164179041981697,0.004169609397649765,0.028927691280841827
CWE-125,CWE-320,89.0,-0.007911758497357368,0.04164179041981697,0.04874497652053833,0.044800207018852234
CWE-125,CWE-413,2.0,-0.007911758497357368,0.04164179041981697,0.20475651323795319,0.3712244927883148
CWE-125,CWE-1007,1.0,-0.007911758497357368,0.04164179041981697,0.4067137837409973,0.2969486117362976
CWE-126,CWE-497,262.0,0.0009474454564042389,0.06387107074260712,-0.020712830126285553,0.07609589397907257
CWE-126,CWE-430,1.0,0.0009474454564042389,0.06387107074260712,-0.4027039706707001,0.4053225517272949
CWE-126,CWE-1390,263.0,0.0009474454564042389,0.06387107074260712,0.013699682429432869,0.07177522033452988
CWE-126,CWE-357,19.0,0.0009474454564042389,0.06387107074260712,0.09984534978866577,0.09475084394216537
CWE-126,CWE-323,124.0,0.0009474454564042389,0.06387107074260712,0.008806588128209114,0.10087049752473831
CWE-126,CWE-127,2.0,0.0009474454564042389,0.06387107074260712,-0.2517915666103363,-0.17676517367362976
CWE-126,CWE-325,204.0,0.0009474454564042389,0.06387107074260712,0.030542289838194847,0.06382539123296738
CWE-126,CWE-476,721.0,0.0009474454564042389,0.06387107074260712,-0.005598189774900675,0.05277804657816887
CWE-126,CWE-1286,262.0,0.0009474454564042389,0.06387107074260712,0.038107771426439285,0.05974872037768364
CWE-126,CWE-787,1101.0,0.0009474454564042389,0.06387107074260712,-0.0072766561061143875,0.03308534994721413
CWE-126,CWE-823,143.0,0.0009474454564042389,0.06387107074260712,-0.026675624772906303,0.0922546237707138
CWE-126,CWE-457,196.0,0.0009474454564042389,0.06387107074260712,0.0013134849723428488,0.09827528893947601
CWE-126,CWE-822,241.0,0.0009474454564042389,0.06387107074260712,-0.004816541913896799,0.08522438257932663
CWE-126,CWE-1294,124.0,0.0009474454564042389,0.06387107074260712,0.028131654486060143,0.0967378318309784
CWE-126,CWE-1244,2.0,0.0009474454564042389,0.06387107074260712,0.3336293399333954,0.07373922318220139
CWE-126,CWE-1262,152.0,0.0009474454564042389,0.06387107074260712,0.01626310683786869,0.09115028381347656
CWE-126,CWE-416,1027.0,0.0009474454564042389,0.06387107074260712,-0.0034559874329715967,0.05317194014787674
CWE-126,CWE-329,3.0,0.0009474454564042389,0.06387107074260712,-0.07455196231603622,-0.25611960887908936
CWE-126,CWE-1039,8.0,0.0009474454564042389,0.06387107074260712,0.0023044494446367025,0.21334519982337952
CWE-127,CWE-190,3.0,-0.2517915666103363,-0.17676517367362976,-0.009562483057379723,0.0456865169107914
CWE-127,CWE-787,2.0,-0.2517915666103363,-0.17676517367362976,-0.0072766561061143875,0.03308534994721413
CWE-128,CWE-129,2.0,-0.35401418805122375,0.026491791009902954,-0.012911481782793999,0.051392536610364914
CWE-128,CWE-787,2.0,-0.35401418805122375,0.026491791009902954,-0.0072766561061143875,0.03308534994721413
CWE-128,CWE-367,2.0,-0.35401418805122375,0.026491791009902954,-0.0025731376372277737,0.038914646953344345
CWE-128,CWE-369,2.0,-0.35401418805122375,0.026491791009902954,-0.029390405863523483,0.04580015689134598
CWE-129,CWE-1187,50.0,-0.012911481782793999,0.051392536610364914,-0.015129944309592247,0.12571103870868683
CWE-129,CWE-787,2803.0,-0.012911481782793999,0.051392536610364914,-0.0072766561061143875,0.03308534994721413
CWE-129,CWE-131,846.0,-0.012911481782793999,0.051392536610364914,-0.006283762399107218,0.06268080323934555
CWE-129,CWE-823,140.0,-0.012911481782793999,0.051392536610364914,-0.026675624772906303,0.0922546237707138
CWE-129,CWE-338,44.0,-0.012911481782793999,0.051392536610364914,-0.09081433713436127,0.04265573248267174
CWE-129,CWE-190,2556.0,-0.012911481782793999,0.051392536610364914,-0.009562483057379723,0.0456865169107914
CWE-129,CWE-1268,1.0,-0.012911481782793999,0.051392536610364914,-0.12075623869895935,0.5378002524375916
CWE-129,CWE-416,2435.0,-0.012911481782793999,0.051392536610364914,-0.0034559874329715967,0.05317194014787674
CWE-130,CWE-416,8.0,-0.1193375363945961,0.17763110995292664,-0.0034559874329715967,0.05317194014787674
CWE-130,CWE-476,8.0,-0.1193375363945961,0.17763110995292664,-0.005598189774900675,0.05277804657816887
CWE-130,CWE-480,3.0,-0.1193375363945961,0.17763110995292664,-0.22617973387241364,0.23755335807800293
CWE-130,CWE-787,10.0,-0.1193375363945961,0.17763110995292664,-0.0072766561061143875,0.03308534994721413
CWE-131,CWE-467,1.0,-0.006283762399107218,0.06268080323934555,-0.41015130281448364,0.34537622332572937
CWE-131,CWE-787,1030.0,-0.006283762399107218,0.06268080323934555,-0.0072766561061143875,0.03308534994721413
CWE-131,CWE-1257,188.0,-0.006283762399107218,0.06268080323934555,0.025034425780177116,0.054088592529296875
CWE-131,CWE-1116,1.0,-0.006283762399107218,0.06268080323934555,0.2954045832157135,-0.3612085282802582
CWE-131,CWE-455,1.0,-0.006283762399107218,0.06268080323934555,-0.4606376886367798,0.20737071335315704
CWE-131,CWE-416,965.0,-0.006283762399107218,0.06268080323934555,-0.0034559874329715967,0.05317194014787674
CWE-131,CWE-198,1.0,-0.006283762399107218,0.06268080323934555,0.2638517916202545,0.5115441083908081
CWE-131,CWE-1390,255.0,-0.006283762399107218,0.06268080323934555,0.013699682429432869,0.07177522033452988
CWE-131,CWE-643,22.0,-0.006283762399107218,0.06268080323934555,0.10394584387540817,0.06040506437420845
CWE-134,CWE-313,1.0,-0.04996505379676819,0.06130402907729149,-0.07691776752471924,0.4307765066623688
CWE-134,CWE-676,2.0,-0.04996505379676819,0.06130402907729149,-0.29108622670173645,0.16250425577163696
CWE-134,CWE-710,8.0,-0.04996505379676819,0.06130402907729149,-0.19471155107021332,0.06485260277986526
CWE-134,CWE-555,2.0,-0.04996505379676819,0.06130402907729149,-0.20243126153945923,0.2971036434173584
CWE-134,CWE-787,245.0,-0.04996505379676819,0.06130402907729149,-0.0072766561061143875,0.03308534994721413
CWE-138,CWE-190,3.0,0.2484690397977829,0.1429564356803894,-0.009562483057379723,0.0456865169107914
CWE-138,CWE-345,3.0,0.2484690397977829,0.1429564356803894,0.014353880658745766,0.022683454677462578
CWE-138,CWE-787,4.0,0.2484690397977829,0.1429564356803894,-0.0072766561061143875,0.03308534994721413
CWE-140,CWE-167,1.0,0.16604165732860565,0.2359817773103714,0.03964131325483322,0.5238132476806641
CWE-140,CWE-732,3.0,0.16604165732860565,0.2359817773103714,0.008362405002117157,-0.014200760051608086
CWE-140,CWE-427,4.0,0.16604165732860565,0.2359817773103714,0.03591614216566086,0.030950842425227165
CWE-140,CWE-198,1.0,0.16604165732860565,0.2359817773103714,0.2638517916202545,0.5115441083908081
CWE-140,CWE-476,4.0,0.16604165732860565,0.2359817773103714,-0.005598189774900675,0.05277804657816887
CWE-141,CWE-294,36.0,-0.0928419679403305,-0.04110153764486313,-0.06017633154988289,0.007265884894877672
CWE-141,CWE-319,36.0,-0.0928419679403305,-0.04110153764486313,0.0009186678798869252,-0.008280155248939991
CWE-141,CWE-306,36.0,-0.0928419679403305,-0.04110153764486313,-0.002510576043277979,0.006665211636573076
CWE-144,CWE-539,1.0,-0.5428685545921326,0.14547261595726013,-0.2613501250743866,-0.05548138543963432
CWE-144,CWE-407,1.0,-0.5428685545921326,0.14547261595726013,-0.1398129016160965,0.016419418156147003
CWE-144,CWE-862,1.0,-0.5428685545921326,0.14547261595726013,-0.00795373972505331,-0.026479557156562805
CWE-144,CWE-789,1.0,-0.5428685545921326,0.14547261595726013,-0.08799698203802109,0.11868457496166229
CWE-144,CWE-290,1.0,-0.5428685545921326,0.14547261595726013,-0.042258571833372116,0.02614513970911503
CWE-146,CWE-772,1.0,0.3486320674419403,-0.004316057078540325,0.03285348787903786,0.03894081339240074
CWE-146,CWE-788,1.0,0.3486320674419403,-0.004316057078540325,0.1274677962064743,0.08700443804264069
CWE-149,CWE-787,3.0,-0.3102327585220337,-0.09441712498664856,-0.0072766561061143875,0.03308534994721413
CWE-149,CWE-863,3.0,-0.3102327585220337,-0.09441712498664856,-0.019663941115140915,-0.0025097504258155823
CWE-149,CWE-401,3.0,-0.3102327585220337,-0.09441712498664856,0.0036902385763823986,0.046476151794195175
CWE-150,CWE-1323,1.0,0.18608105182647705,-0.1611596792936325,0.5052939653396606,-0.20743410289287567
CWE-150,CWE-362,5.0,0.18608105182647705,-0.1611596792936325,-0.016717402264475822,0.03487185761332512
CWE-150,CWE-863,5.0,0.18608105182647705,-0.1611596792936325,-0.019663941115140915,-0.0025097504258155823
CWE-153,CWE-502,2.0,-0.11601876467466354,-0.3660544455051422,0.0011437543435022235,-0.06108305975794792
CWE-153,CWE-863,2.0,-0.11601876467466354,-0.3660544455051422,-0.019663941115140915,-0.0025097504258155823
CWE-153,CWE-918,2.0,-0.11601876467466354,-0.3660544455051422,-0.009878953918814659,-0.07857222110033035
CWE-155,CWE-862,2.0,0.24192790687084198,-0.23110835254192352,-0.00795373972505331,-0.026479557156562805
CWE-155,CWE-1286,2.0,0.24192790687084198,-0.23110835254192352,0.038107771426439285,0.05974872037768364
CWE-155,CWE-918,2.0,0.24192790687084198,-0.23110835254192352,-0.009878953918814659,-0.07857222110033035
CWE-155,CWE-618,1.0,0.24192790687084198,-0.23110835254192352,0.5446843504905701,-0.23374061286449432
CWE-156,CWE-400,2.0,0.1255088597536087,-0.3458152413368225,-0.023355096578598022,0.02558581531047821
CWE-156,CWE-209,2.0,0.1255088597536087,-0.3458152413368225,-0.01914246380329132,-0.056962329894304276
CWE-156,CWE-307,2.0,0.1255088597536087,-0.3458152413368225,0.016150234267115593,-0.05735562741756439
CWE-156,CWE-266,2.0,0.1255088597536087,-0.3458152413368225,0.03407236933708191,-0.07232596725225449
CWE-158,CWE-434,24.0,0.027924641966819763,-0.1267250031232834,-0.03029021993279457,-0.06154598295688629
CWE-159,CWE-400,1.0,0.8309233784675598,0.033189862966537476,-0.023355096578598022,0.02558581531047821
CWE-164,CWE-178,1.0,0.9380285739898682,0.00700264610350132,0.11508996784687042,0.054711878299713135
CWE-166,CWE-787,1.0,-0.4088730216026306,-0.2325393408536911,-0.0072766561061143875,0.03308534994721413
CWE-166,CWE-843,1.0,-0.4088730216026306,-0.2325393408536911,0.0006745989667251706,0.07189887017011642
CWE-166,CWE-863,1.0,-0.4088730216026306,-0.2325393408536911,-0.019663941115140915,-0.0025097504258155823
CWE-167,CWE-754,1.0,0.03964131325483322,0.5238132476806641,-0.029542161151766777,0.05322364345192909
CWE-167,CWE-404,1.0,0.03964131325483322,0.5238132476806641,0.021767202764749527,0.0435124970972538
CWE-167,CWE-755,1.0,0.03964131325483322,0.5238132476806641,0.011630009859800339,0.05406934395432472
CWE-167,CWE-446,1.0,0.03964131325483322,0.5238132476806641,-0.15688811242580414,0.3970310091972351
CWE-170,CWE-186,1.0,-0.08166530728340149,0.14400602877140045,-0.45073404908180237,0.28063422441482544
CWE-170,CWE-415,23.0,-0.08166530728340149,0.14400602877140045,-0.017876332625746727,0.052614614367485046
CWE-170,CWE-190,23.0,-0.08166530728340149,0.14400602877140045,-0.009562483057379723,0.0456865169107914
CWE-170,CWE-416,23.0,-0.08166530728340149,0.14400602877140045,-0.0034559874329715967,0.05317194014787674
CWE-170,CWE-476,24.0,-0.08166530728340149,0.14400602877140045,-0.005598189774900675,0.05277804657816887
CWE-170,CWE-787,23.0,-0.08166530728340149,0.14400602877140045,-0.0072766561061143875,0.03308534994721413
CWE-172,CWE-908,5.0,-0.0009688222198747098,0.2547897398471832,-0.017863865941762924,0.05613620951771736
CWE-172,CWE-787,6.0,-0.0009688222198747098,0.2547897398471832,-0.0072766561061143875,0.03308534994721413
CWE-172,CWE-345,5.0,-0.0009688222198747098,0.2547897398471832,0.014353880658745766,0.022683454677462578
CWE-172,CWE-290,5.0,-0.0009688222198747098,0.2547897398471832,-0.042258571833372116,0.02614513970911503
CWE-173,CWE-200,1.0,0.4485674202442169,-0.3221863806247711,-0.007117283530533314,-0.004748050589114428
CWE-173,CWE-647,1.0,0.4485674202442169,-0.3221863806247711,0.2335413694381714,-0.2918154299259186
CWE-173,CWE-226,1.0,0.4485674202442169,-0.3221863806247711,0.3279067873954773,-0.14164197444915771
CWE-173,CWE-400,1.0,0.4485674202442169,-0.3221863806247711,-0.023355096578598022,0.02558581531047821
CWE-174,CWE-177,1.0,-0.515711784362793,-0.1582293063402176,-0.2324938178062439,-0.1200113445520401
CWE-174,CWE-436,1.0,-0.515711784362793,-0.1582293063402176,-0.102676160633564,-0.02015201933681965
CWE-176,CWE-204,5.0,0.20236018300056458,0.0018666686955839396,0.08216780424118042,-0.107345812022686
CWE-176,CWE-918,6.0,0.20236018300056458,0.0018666686955839396,-0.009878953918814659,-0.07857222110033035
CWE-176,CWE-1119,1.0,0.20236018300056458,0.0018666686955839396,-0.00430250121280551,0.4906036853790283
CWE-177,CWE-285,4.0,-0.2324938178062439,-0.1200113445520401,-0.05872155725955963,-0.0403609499335289
CWE-177,CWE-200,5.0,-0.2324938178062439,-0.1200113445520401,-0.007117283530533314,-0.004748050589114428
CWE-177,CWE-400,4.0,-0.2324938178062439,-0.1200113445520401,-0.023355096578598022,0.02558581531047821
CWE-178,CWE-863,22.0,0.11508996784687042,0.054711878299713135,-0.019663941115140915,-0.0025097504258155823
CWE-178,CWE-416,26.0,0.11508996784687042,0.054711878299713135,-0.0034559874329715967,0.05317194014787674
CWE-178,CWE-794,1.0,0.11508996784687042,0.054711878299713135,0.25133103132247925,0.8733360171318054
CWE-179,CWE-476,5.0,0.2086445540189743,-0.12208810448646545,-0.005598189774900675,0.05277804657816887
CWE-179,CWE-787,4.0,0.2086445540189743,-0.12208810448646545,-0.0072766561061143875,0.03308534994721413
CWE-179,CWE-416,4.0,0.2086445540189743,-0.12208810448646545,-0.0034559874329715967,0.05317194014787674
CWE-179,CWE-826,1.0,0.2086445540189743,-0.12208810448646545,0.009986468590795994,-0.5774474740028381
CWE-179,CWE-475,4.0,0.2086445540189743,-0.12208810448646545,0.16959846019744873,0.10236005485057831
CWE-180,CWE-200,3.0,-0.2783452570438385,0.10873936116695404,-0.007117283530533314,-0.004748050589114428
CWE-180,CWE-467,1.0,-0.2783452570438385,0.10873936116695404,-0.41015130281448364,0.34537622332572937
CWE-180,CWE-191,2.0,-0.2783452570438385,0.10873936116695404,-0.0229190643876791,0.03868135064840317
CWE-180,CWE-269,2.0,-0.2783452570438385,0.10873936116695404,-0.01995079405605793,-0.010946606285870075
CWE-180,CWE-670,3.0,-0.2783452570438385,0.10873936116695404,-0.025426315143704414,0.11868958920240402
CWE-183,CWE-362,6.0,0.1574203372001648,0.14898213744163513,-0.016717402264475822,0.03487185761332512
CWE-183,CWE-400,7.0,0.1574203372001648,0.14898213744163513,-0.023355096578598022,0.02558581531047821
CWE-183,CWE-476,5.0,0.1574203372001648,0.14898213744163513,-0.005598189774900675,0.05277804657816887
CWE-183,CWE-276,5.0,0.1574203372001648,0.14898213744163513,-0.03405288979411125,0.048099495470523834
CWE-183,CWE-408,1.0,0.1574203372001648,0.14898213744163513,0.45302844047546387,0.14730535447597504
CWE-184,CWE-502,26.0,0.04716724157333374,-0.10571680217981339,0.0011437543435022235,-0.06108305975794792
CWE-184,CWE-408,1.0,0.04716724157333374,-0.10571680217981339,0.45302844047546387,0.14730535447597504
CWE-184,CWE-863,27.0,0.04716724157333374,-0.10571680217981339,-0.019663941115140915,-0.0025097504258155823
CWE-185,CWE-863,7.0,-0.15097205340862274,-0.14426344633102417,-0.019663941115140915,-0.0025097504258155823
CWE-185,CWE-400,6.0,-0.15097205340862274,-0.14426344633102417,-0.023355096578598022,0.02558581531047821
CWE-185,CWE-770,6.0,-0.15097205340862274,-0.14426344633102417,-0.01595434546470642,0.0078063239343464375
CWE-186,CWE-416,1.0,-0.45073404908180237,0.28063422441482544,-0.0034559874329715967,0.05317194014787674
CWE-186,CWE-476,1.0,-0.45073404908180237,0.28063422441482544,-0.005598189774900675,0.05277804657816887
CWE-186,CWE-693,1.0,-0.45073404908180237,0.28063422441482544,-0.0892585813999176,0.007505075074732304
CWE-186,CWE-613,1.0,-0.45073404908180237,0.28063422441482544,-0.05584489554166794,-0.0355217382311821
CWE-187,CWE-400,15.0,0.02860971912741661,0.15527719259262085,-0.023355096578598022,0.02558581531047821
CWE-187,CWE-476,14.0,0.02860971912741661,0.15527719259262085,-0.005598189774900675,0.05277804657816887
CWE-187,CWE-287,15.0,0.02860971912741661,0.15527719259262085,-0.016419433057308197,0.0168480034917593
CWE-188,CWE-704,1.0,-0.4899100065231323,-0.02751566842198372,-0.023998349905014038,0.045877061784267426
CWE-188,CWE-758,1.0,-0.4899100065231323,-0.02751566842198372,-0.18302969634532928,0.21307291090488434
CWE-189,CWE-399,464.0,0.014790467917919159,0.007113102823495865,0.011790155433118343,0.0009005937026813626
CWE-189,CWE-264,400.0,0.014790467917919159,0.007113102823495865,-0.002783054718747735,-0.007213043514639139
CWE-189,CWE-200,362.0,0.014790467917919159,0.007113102823495865,-0.007117283530533314,-0.004748050589114428
CWE-190,CWE-369,566.0,-0.009562483057379723,0.0456865169107914,-0.029390405863523483,0.04580015689134598
CWE-190,CWE-1230,10.0,-0.009562483057379723,0.0456865169107914,-0.18028749525547028,0.014983301982283592
CWE-190,CWE-909,91.0,-0.009562483057379723,0.0456865169107914,-0.03583502024412155,0.10105342417955399
CWE-190,CWE-415,2435.0,-0.009562483057379723,0.0456865169107914,-0.017876332625746727,0.052614614367485046
CWE-190,CWE-388,78.0,-0.009562483057379723,0.0456865169107914,0.05486173555254936,0.03536283224821091
CWE-190,CWE-826,1.0,-0.009562483057379723,0.0456865169107914,0.009986468590795994,-0.5774474740028381
CWE-190,CWE-704,912.0,-0.009562483057379723,0.0456865169107914,-0.023998349905014038,0.045877061784267426
CWE-190,CWE-783,8.0,-0.009562483057379723,0.0456865169107914,-0.16063103079795837,-0.10798216611146927
CWE-190,CWE-758,4.0,-0.009562483057379723,0.0456865169107914,-0.18302969634532928,0.21307291090488434
CWE-190,CWE-273,21.0,-0.009562483057379723,0.0456865169107914,0.11628727614879608,0.04478726536035538
CWE-190,CWE-674,155.0,-0.009562483057379723,0.0456865169107914,-0.011516761034727097,0.10007078945636749
CWE-190,CWE-913,21.0,-0.009562483057379723,0.0456865169107914,-0.09033805131912231,0.10571099817752838
CWE-190,CWE-253,5.0,-0.009562483057379723,0.0456865169107914,0.18940624594688416,0.225835919380188
CWE-190,CWE-393,1.0,-0.009562483057379723,0.0456865169107914,-0.26457497477531433,0.451069712638855
CWE-190,CWE-591,17.0,-0.009562483057379723,0.0456865169107914,0.09200659394264221,0.14039558172225952
CWE-190,CWE-359,181.0,-0.009562483057379723,0.0456865169107914,0.02118566259741783,0.07375965267419815
CWE-190,CWE-192,1.0,-0.009562483057379723,0.0456865169107914,0.3354662358760834,0.37119296193122864
CWE-190,CWE-325,214.0,-0.009562483057379723,0.0456865169107914,0.030542289838194847,0.06382539123296738
CWE-190,CWE-1187,50.0,-0.009562483057379723,0.0456865169107914,-0.015129944309592247,0.12571103870868683
CWE-190,CWE-299,2.0,-0.009562483057379723,0.0456865169107914,-0.052812229841947556,0.24043990671634674
CWE-190,CWE-1335,6.0,-0.009562483057379723,0.0456865169107914,-0.06880731880664825,0.259678453207016
CWE-190,CWE-407,18.0,-0.009562483057379723,0.0456865169107914,-0.1398129016160965,0.016419418156147003
CWE-190,CWE-191,1272.0,-0.009562483057379723,0.0456865169107914,-0.0229190643876791,0.03868135064840317
CWE-190,CWE-379,16.0,-0.009562483057379723,0.0456865169107914,0.12535704672336578,0.06748401373624802
CWE-190,CWE-834,44.0,-0.009562483057379723,0.0456865169107914,-0.04651564732193947,0.11536671966314316
CWE-190,CWE-324,14.0,-0.009562483057379723,0.0456865169107914,-0.1270104944705963,0.12085362523794174
CWE-190,CWE-254,181.0,-0.009562483057379723,0.0456865169107914,0.027458030730485916,0.008761988021433353
CWE-190,CWE-843,361.0,-0.009562483057379723,0.0456865169107914,0.0006745989667251706,0.07189887017011642
CWE-190,CWE-787,4276.0,-0.009562483057379723,0.0456865169107914,-0.0072766561061143875,0.03308534994721413
CWE-190,CWE-193,126.0,-0.009562483057379723,0.0456865169107914,-0.04346197471022606,0.05917173996567726
CWE-190,CWE-680,32.0,-0.009562483057379723,0.0456865169107914,-0.07411782443523407,0.10807666927576065
CWE-190,CWE-279,3.0,-0.009562483057379723,0.0456865169107914,-0.06697551161050797,-0.23328115046024323
CWE-190,CWE-667,287.0,-0.009562483057379723,0.0456865169107914,-0.01672227308154106,0.08033251762390137
CWE-190,CWE-835,1165.0,-0.009562483057379723,0.0456865169107914,0.002445928053930402,0.05998510867357254
CWE-190,CWE-401,1170.0,-0.009562483057379723,0.0456865169107914,0.0036902385763823986,0.046476151794195175
CWE-190,CWE-338,46.0,-0.009562483057379723,0.0456865169107914,-0.09081433713436127,0.04265573248267174
CWE-190,CWE-454,2.0,-0.009562483057379723,0.0456865169107914,0.22117719054222107,0.28759071230888367
CWE-190,CWE-682,89.0,-0.009562483057379723,0.0456865169107914,-0.045395296066999435,0.08008401095867157
CWE-190,CWE-908,703.0,-0.009562483057379723,0.0456865169107914,-0.017863865941762924,0.05613620951771736
CWE-190,CWE-362,1684.0,-0.009562483057379723,0.0456865169107914,-0.016717402264475822,0.03487185761332512
CWE-190,CWE-617,1931.0,-0.009562483057379723,0.0456865169107914,-0.0008893574122339487,0.04848543182015419
CWE-190,CWE-1294,121.0,-0.009562483057379723,0.0456865169107914,0.028131654486060143,0.0967378318309784
CWE-190,CWE-197,45.0,-0.009562483057379723,0.0456865169107914,0.0019196377834305167,0.13403578102588654
CWE-190,CWE-330,239.0,-0.009562483057379723,0.0456865169107914,0.026620404794812202,0.03537904471158981
CWE-190,CWE-681,96.0,-0.009562483057379723,0.0456865169107914,-0.03912424296140671,0.016654817387461662
CWE-190,CWE-697,219.0,-0.009562483057379723,0.0456865169107914,-0.032389119267463684,0.06760942190885544
CWE-190,CWE-320,92.0,-0.009562483057379723,0.0456865169107914,0.04874497652053833,0.044800207018852234
CWE-190,CWE-444,101.0,-0.009562483057379723,0.0456865169107914,0.02473337948322296,-0.040868159383535385
CWE-190,CWE-1329,14.0,-0.009562483057379723,0.0456865169107914,-0.02747318521142006,0.17187418043613434
CWE-190,CWE-364,6.0,-0.009562483057379723,0.0456865169107914,-0.24126558005809784,0.08505801111459732
CWE-190,CWE-416,3342.0,-0.009562483057379723,0.0456865169107914,-0.0034559874329715967,0.05317194014787674
CWE-190,CWE-824,853.0,-0.009562483057379723,0.0456865169107914,-0.01481824740767479,0.06391838937997818
CWE-190,CWE-390,15.0,-0.009562483057379723,0.0456865169107914,0.06649526953697205,0.1486443430185318
CWE-191,CWE-710,8.0,-0.0229190643876791,0.03868135064840317,-0.19471155107021332,0.06485260277986526
CWE-191,CWE-329,3.0,-0.0229190643876791,0.03868135064840317,-0.07455196231603622,-0.25611960887908936
CWE-191,CWE-309,1.0,-0.0229190643876791,0.03868135064840317,0.5306610465049744,0.23290684819221497
CWE-191,CWE-324,14.0,-0.0229190643876791,0.03868135064840317,-0.1270104944705963,0.12085362523794174
CWE-191,CWE-805,14.0,-0.0229190643876791,0.03868135064840317,-0.0553806908428669,0.1813008189201355
CWE-191,CWE-787,1355.0,-0.0229190643876791,0.03868135064840317,-0.0072766561061143875,0.03308534994721413
CWE-191,CWE-467,1.0,-0.0229190643876791,0.03868135064840317,-0.41015130281448364,0.34537622332572937
CWE-192,CWE-674,1.0,0.3354662358760834,0.37119296193122864,-0.011516761034727097,0.10007078945636749
CWE-192,CWE-669,1.0,0.3354662358760834,0.37119296193122864,0.07230829447507858,-0.0477164089679718
CWE-192,CWE-416,1.0,0.3354662358760834,0.37119296193122864,-0.0034559874329715967,0.05317194014787674
CWE-193,CWE-416,137.0,-0.04346197471022606,0.05917173996567726,-0.0034559874329715967,0.05317194014787674
CWE-193,CWE-787,163.0,-0.04346197471022606,0.05917173996567726,-0.0072766561061143875,0.03308534994721413
CWE-193,CWE-476,131.0,-0.04346197471022606,0.05917173996567726,-0.005598189774900675,0.05277804657816887
CWE-193,CWE-1124,1.0,-0.04346197471022606,0.05917173996567726,0.17061983048915863,-0.4645332992076874
CWE-194,CWE-523,2.0,-0.22281882166862488,0.2881356179714203,-0.2077292799949646,0.17860698699951172
CWE-194,CWE-416,2.0,-0.22281882166862488,0.2881356179714203,-0.0034559874329715967,0.05317194014787674
CWE-195,CWE-476,4.0,0.08824069052934647,0.27281272411346436,-0.005598189774900675,0.05277804657816887
CWE-195,CWE-787,4.0,0.08824069052934647,0.27281272411346436,-0.0072766561061143875,0.03308534994721413
CWE-195,CWE-755,4.0,0.08824069052934647,0.27281272411346436,0.011630009859800339,0.05406934395432472
CWE-197,CWE-675,1.0,0.0019196377834305167,0.13403578102588654,-0.32740041613578796,0.41372883319854736
CWE-197,CWE-413,1.0,0.0019196377834305167,0.13403578102588654,0.20475651323795319,0.3712244927883148
CWE-197,CWE-416,48.0,0.0019196377834305167,0.13403578102588654,-0.0034559874329715967,0.05317194014787674
CWE-197,CWE-787,49.0,0.0019196377834305167,0.13403578102588654,-0.0072766561061143875,0.03308534994721413
CWE-198,CWE-664,1.0,0.2638517916202545,0.5115441083908081,0.10384984314441681,0.12616373598575592
CWE-198,CWE-825,1.0,0.2638517916202545,0.5115441083908081,0.07026994973421097,0.10676950216293335
CWE-198,CWE-754,1.0,0.2638517916202545,0.5115441083908081,-0.029542161151766777,0.05322364345192909
CWE-199,CWE-284,9.0,0.16490398347377777,0.02923658862709999,-0.024067847058176994,0.010674300603568554
CWE-199,CWE-264,9.0,0.16490398347377777,0.02923658862709999,-0.002783054718747735,-0.007213043514639139
CWE-199,CWE-200,11.0,0.16490398347377777,0.02923658862709999,-0.007117283530533314,-0.004748050589114428
CWE-200,CWE-927,1.0,-0.007117283530533314,-0.004748050589114428,0.46227210760116577,-0.005957399029284716
CWE-200,CWE-598,9.0,-0.007117283530533314,-0.004748050589114428,-0.16377469897270203,0.02700972743332386
CWE-200,CWE-310,606.0,-0.007117283530533314,-0.004748050589114428,0.005747541785240173,0.009521388448774815
CWE-200,CWE-1104,5.0,-0.007117283530533314,-0.004748050589114428,-0.18584008514881134,-0.1726248562335968
CWE-200,CWE-611,198.0,-0.007117283530533314,-0.004748050589114428,-0.02453511953353882,-0.04844933748245239
CWE-200,CWE-255,259.0,-0.007117283530533314,-0.004748050589114428,-0.032187361270189285,-0.025121493265032768
CWE-200,CWE-358,30.0,-0.007117283530533314,-0.004748050589114428,-0.07919801026582718,-0.07132881134748459
CWE-200,CWE-807,25.0,-0.007117283530533314,-0.004748050589114428,-0.020085351541638374,-0.12326335161924362
CWE-200,CWE-410,27.0,-0.007117283530533314,-0.004748050589114428,0.09682178497314453,-0.029121920466423035
CWE-200,CWE-614,5.0,-0.007117283530533314,-0.004748050589114428,-0.16642720997333527,-0.14508338272571564
CWE-200,CWE-204,17.0,-0.007117283530533314,-0.004748050589114428,0.08216780424118042,-0.107345812022686
CWE-200,CWE-532,209.0,-0.007117283530533314,-0.004748050589114428,-0.021585989743471146,-0.029124239459633827
CWE-200,CWE-327,311.0,-0.007117283530533314,-0.004748050589114428,-0.044679123908281326,0.0005457004299387336
CWE-200,CWE-693,77.0,-0.007117283530533314,-0.004748050589114428,-0.0892585813999176,0.007505075074732304
CWE-200,CWE-942,15.0,-0.007117283530533314,-0.004748050589114428,0.1108621135354042,-0.02375006303191185
CWE-200,CWE-399,557.0,-0.007117283530533314,-0.004748050589114428,0.011790155433118343,0.0009005937026813626
CWE-200,CWE-882,1.0,-0.007117283530533314,-0.004748050589114428,0.2210083156824112,-0.4509226977825165
CWE-200,CWE-361,16.0,-0.007117283530533314,-0.004748050589114428,-0.070846788585186,0.14217247068881989
CWE-200,CWE-775,1.0,-0.007117283530533314,-0.004748050589114428,0.08561010658740997,-0.4577633738517761
CWE-200,CWE-349,41.0,-0.007117283530533314,-0.004748050589114428,-0.06190428510308266,0.09483230859041214
CWE-200,CWE-1257,192.0,-0.007117283530533314,-0.004748050589114428,0.025034425780177116,0.054088592529296875
CWE-200,CWE-326,330.0,-0.007117283530533314,-0.004748050589114428,0.020296545699238777,-0.03038967214524746
CWE-200,CWE-1188,72.0,-0.007117283530533314,-0.004748050589114428,0.01789952628314495,-0.02344428189098835
CWE-200,CWE-778,4.0,-0.007117283530533314,-0.004748050589114428,-0.18708708882331848,-0.19966556131839752
CWE-200,CWE-488,4.0,-0.007117283530533314,-0.004748050589114428,0.09905844926834106,0.21314679086208344
CWE-200,CWE-455,1.0,-0.007117283530533314,-0.004748050589114428,-0.4606376886367798,0.20737071335315704
CWE-200,CWE-1076,1.0,-0.007117283530533314,-0.004748050589114428,0.18384432792663574,-0.4239570200443268
CWE-200,CWE-292,2.0,-0.007117283530533314,-0.004748050589114428,-0.29885774850845337,0.2398122400045395
CWE-200,CWE-441,26.0,-0.007117283530533314,-0.004748050589114428,-0.099397212266922,-0.06802612543106079
CWE-200,CWE-269,549.0,-0.007117283530533314,-0.004748050589114428,-0.01995079405605793,-0.010946606285870075
CWE-200,CWE-384,235.0,-0.007117283530533314,-0.004748050589114428,0.01597214862704277,-0.04454819858074188
CWE-200,CWE-565,20.0,-0.007117283530533314,-0.004748050589114428,-0.11625213921070099,-0.03946496546268463
CWE-200,CWE-601,243.0,-0.007117283530533314,-0.004748050589114428,-0.0036730500869452953,-0.049856338649988174
CWE-200,CWE-388,80.0,-0.007117283530533314,-0.004748050589114428,0.05486173555254936,0.03536283224821091
CWE-200,CWE-212,391.0,-0.007117283530533314,-0.004748050589114428,0.009168251417577267,0.018763581290841103
CWE-200,CWE-351,5.0,-0.007117283530533314,-0.004748050589114428,-0.22596921026706696,-0.047580786049366
CWE-200,CWE-521,144.0,-0.007117283530533314,-0.004748050589114428,-0.05613483861088753,-0.05062936991453171
CWE-200,CWE-648,25.0,-0.007117283530533314,-0.004748050589114428,0.09911176562309265,-0.0657675489783287
CWE-200,CWE-943,12.0,-0.007117283530533314,-0.004748050589114428,-0.047098997980356216,-0.09538479894399643
CWE-200,CWE-446,2.0,-0.007117283530533314,-0.004748050589114428,-0.15688811242580414,0.3970310091972351
CWE-200,CWE-209,134.0,-0.007117283530533314,-0.004748050589114428,-0.01914246380329132,-0.056962329894304276
CWE-200,CWE-261,4.0,-0.007117283530533314,-0.004748050589114428,-0.2449883222579956,-0.1340676248073578
CWE-200,CWE-520,1.0,-0.007117283530533314,-0.004748050589114428,-0.4607248902320862,0.07278422266244888
CWE-200,CWE-732,368.0,-0.007117283530533314,-0.004748050589114428,0.008362405002117157,-0.014200760051608086
CWE-200,CWE-353,21.0,-0.007117283530533314,-0.004748050589114428,0.0424005389213562,0.14087635278701782
CWE-200,CWE-1220,214.0,-0.007117283530533314,-0.004748050589114428,0.031769607216119766,0.02468506433069706
CWE-200,CWE-320,98.0,-0.007117283530533314,-0.004748050589114428,0.04874497652053833,0.044800207018852234
CWE-200,CWE-754,188.0,-0.007117283530533314,-0.004748050589114428,-0.029542161151766777,0.05322364345192909
CWE-200,CWE-283,3.0,-0.007117283530533314,-0.004748050589114428,-0.12127892673015594,-0.2852405309677124
CWE-200,CWE-640,52.0,-0.007117283530533314,-0.004748050589114428,-0.0052832504734396935,-0.11900318413972855
CWE-200,CWE-620,9.0,-0.007117283530533314,-0.004748050589114428,0.05001126602292061,-0.18225038051605225
CWE-200,CWE-352,872.0,-0.007117283530533314,-0.004748050589114428,-0.012869291007518768,-0.046273693442344666
CWE-200,CWE-556,2.0,-0.007117283530533314,-0.004748050589114428,0.3115779757499695,-0.17842550575733185
CWE-200,CWE-522,354.0,-0.007117283530533314,-0.004748050589114428,0.025469886139035225,-0.017775731161236763
CWE-200,CWE-749,165.0,-0.007117283530533314,-0.004748050589114428,0.024259833618998528,0.06699757277965546
CWE-200,CWE-471,3.0,-0.007117283530533314,-0.004748050589114428,-0.1602824330329895,-0.23681218922138214
CWE-200,CWE-332,1.0,-0.007117283530533314,-0.004748050589114428,0.025836188346147537,0.45086920261383057
CWE-200,CWE-1230,10.0,-0.007117283530533314,-0.004748050589114428,-0.18028749525547028,0.014983301982283592
CWE-200,CWE-307,255.0,-0.007117283530533314,-0.004748050589114428,0.016150234267115593,-0.05735562741756439
CWE-200,CWE-447,1.0,-0.007117283530533314,-0.004748050589114428,-0.4755363464355469,0.11425398290157318
CWE-200,CWE-285,191.0,-0.007117283530533314,-0.004748050589114428,-0.05872155725955963,-0.0403609499335289
CWE-200,CWE-431,1.0,-0.007117283530533314,-0.004748050589114428,-0.49500301480293274,-0.07873689383268356
CWE-200,CWE-275,33.0,-0.007117283530533314,-0.004748050589114428,-0.1013348251581192,-0.048033811151981354
CWE-200,CWE-799,6.0,-0.007117283530533314,-0.004748050589114428,-0.12036526948213577,-0.20732536911964417
CWE-200,CWE-235,2.0,-0.007117283530533314,-0.004748050589114428,-0.411212682723999,-0.012982427142560482
CWE-200,CWE-769,1.0,-0.007117283530533314,-0.004748050589114428,-0.45008453726768494,0.10786961019039154
CWE-200,CWE-524,10.0,-0.007117283530533314,-0.004748050589114428,0.047913115471601486,-0.1605847030878067
CWE-200,CWE-334,1.0,-0.007117283530533314,-0.004748050589114428,0.48714882135391235,0.09219750016927719
CWE-200,CWE-284,999.0,-0.007117283530533314,-0.004748050589114428,-0.024067847058176994,0.010674300603568554
CWE-200,CWE-641,18.0,-0.007117283530533314,-0.004748050589114428,-0.011356968432664871,0.1735605150461197
CWE-200,CWE-417,7.0,-0.007117283530533314,-0.004748050589114428,0.16794194281101227,-0.05775749310851097
CWE-200,CWE-264,1038.0,-0.007117283530533314,-0.004748050589114428,-0.002783054718747735,-0.007213043514639139
CWE-200,CWE-254,228.0,-0.007117283530533314,-0.004748050589114428,0.027458030730485916,0.008761988021433353
CWE-200,CWE-544,3.0,-0.007117283530533314,-0.004748050589114428,0.1980951875448227,-0.24506686627864838
CWE-200,CWE-378,3.0,-0.007117283530533314,-0.004748050589114428,0.03215072676539421,-0.3027860224246979
CWE-200,CWE-703,15.0,-0.007117283530533314,-0.004748050589114428,0.07101047039031982,0.13310934603214264
CWE-200,CWE-787,2084.0,-0.007117283530533314,-0.004748050589114428,-0.0072766561061143875,0.03308534994721413
CWE-200,CWE-502,257.0,-0.007117283530533314,-0.004748050589114428,0.0011437543435022235,-0.06108305975794792
CWE-200,CWE-451,44.0,-0.007117283530533314,-0.004748050589114428,0.06731895357370377,0.08274627476930618
CWE-201,CWE-233,2.0,0.046975210309028625,-0.05213306471705437,0.2528742253780365,0.17364849150180817
CWE-201,CWE-787,79.0,0.046975210309028625,-0.05213306471705437,-0.0072766561061143875,0.03308534994721413
CWE-201,CWE-927,1.0,0.046975210309028625,-0.05213306471705437,0.46227210760116577,-0.005957399029284716
CWE-201,CWE-477,1.0,0.046975210309028625,-0.05213306471705437,0.4168771505355835,-0.174664705991745
CWE-201,CWE-862,60.0,0.046975210309028625,-0.05213306471705437,-0.00795373972505331,-0.026479557156562805
CWE-201,CWE-882,1.0,0.046975210309028625,-0.05213306471705437,0.2210083156824112,-0.4509226977825165
CWE-201,CWE-1076,1.0,0.046975210309028625,-0.05213306471705437,0.18384432792663574,-0.4239570200443268
CWE-201,CWE-615,2.0,0.046975210309028625,-0.05213306471705437,-0.05823063477873802,-0.36850687861442566
CWE-201,CWE-540,3.0,0.046975210309028625,-0.05213306471705437,-0.027443740516901016,-0.27254718542099
CWE-201,CWE-770,103.0,0.046975210309028625,-0.05213306471705437,-0.01595434546470642,0.0078063239343464375
CWE-202,CWE-601,2.0,-0.0011032450711354613,-0.30996739864349365,-0.0036730500869452953,-0.049856338649988174
CWE-202,CWE-918,3.0,-0.0011032450711354613,-0.30996739864349365,-0.009878953918814659,-0.07857222110033035
CWE-202,CWE-352,3.0,-0.0011032450711354613,-0.30996739864349365,-0.012869291007518768,-0.046273693442344666
CWE-203,CWE-665,528.0,-0.004378160461783409,0.020286405459046364,-0.017241965979337692,0.027158373966813087
CWE-203,CWE-1275,4.0,-0.004378160461783409,0.020286405459046364,0.057981058955192566,-0.3066570460796356
CWE-203,CWE-668,598.0,-0.004378160461783409,0.020286405459046364,0.004169609397649765,0.028927691280841827
CWE-203,CWE-260,2.0,-0.004378160461783409,0.020286405459046364,-0.20642705261707306,-0.2889039218425751
CWE-203,CWE-332,1.0,-0.004378160461783409,0.020286405459046364,0.025836188346147537,0.45086920261383057
CWE-203,CWE-838,6.0,-0.004378160461783409,0.020286405459046364,0.19129236042499542,-0.021892650052905083
CWE-203,CWE-404,273.0,-0.004378160461783409,0.020286405459046364,0.021767202764749527,0.0435124970972538
CWE-203,CWE-1263,5.0,-0.004378160461783409,0.020286405459046364,0.19645293056964874,0.16237905621528625
CWE-203,CWE-787,1146.0,-0.004378160461783409,0.020286405459046364,-0.0072766561061143875,0.03308534994721413
CWE-203,CWE-263,1.0,-0.004378160461783409,0.020286405459046364,-0.41723647713661194,-0.2848470211029053
CWE-203,CWE-927,1.0,-0.004378160461783409,0.020286405459046364,0.46227210760116577,-0.005957399029284716
CWE-203,CWE-525,4.0,-0.004378160461783409,0.020286405459046364,-0.09010537713766098,-0.2263776659965515
CWE-203,CWE-435,1.0,-0.004378160461783409,0.020286405459046364,-0.5163949728012085,-0.45898446440696716
CWE-204,CWE-918,16.0,0.08216780424118042,-0.107345812022686,-0.009878953918814659,-0.07857222110033035
CWE-204,CWE-1250,1.0,0.08216780424118042,-0.107345812022686,0.4844644069671631,0.21089763939380646
CWE-208,CWE-1119,1.0,-0.15491467714309692,0.0590631477534771,-0.00430250121280551,0.4906036853790283
CWE-208,CWE-863,17.0,-0.15491467714309692,0.0590631477534771,-0.019663941115140915,-0.0025097504258155823
CWE-208,CWE-400,17.0,-0.15491467714309692,0.0590631477534771,-0.023355096578598022,0.02558581531047821
CWE-208,CWE-770,21.0,-0.15491467714309692,0.0590631477534771,-0.01595434546470642,0.0078063239343464375
CWE-208,CWE-1173,1.0,-0.15491467714309692,0.0590631477534771,-0.7328642010688782,0.002318305429071188
CWE-208,CWE-430,1.0,-0.15491467714309692,0.0590631477534771,-0.4027039706707001,0.4053225517272949
CWE-208,CWE-287,14.0,-0.15491467714309692,0.0590631477534771,-0.016419433057308197,0.0168480034917593
CWE-209,CWE-213,3.0,-0.01914246380329132,-0.056962329894304276,-0.03473541513085365,-0.3563467264175415
CWE-209,CWE-1301,2.0,-0.01914246380329132,-0.056962329894304276,0.2885664999485016,0.24086299538612366
CWE-209,CWE-832,1.0,-0.01914246380329132,-0.056962329894304276,0.4845094084739685,0.07123816013336182
CWE-209,CWE-435,1.0,-0.01914246380329132,-0.056962329894304276,-0.5163949728012085,-0.45898446440696716
CWE-209,CWE-1240,21.0,-0.01914246380329132,-0.056962329894304276,-0.11644866317510605,0.0775735005736351
CWE-209,CWE-1023,16.0,-0.01914246380329132,-0.056962329894304276,0.11612369120121002,-0.06985495239496231
CWE-209,CWE-1275,6.0,-0.01914246380329132,-0.056962329894304276,0.057981058955192566,-0.3066570460796356
CWE-209,CWE-1242,2.0,-0.01914246380329132,-0.056962329894304276,0.021055569872260094,-0.33694005012512207
CWE-209,CWE-863,118.0,-0.01914246380329132,-0.056962329894304276,-0.019663941115140915,-0.0025097504258155823
CWE-209,CWE-351,6.0,-0.01914246380329132,-0.056962329894304276,-0.22596921026706696,-0.047580786049366
CWE-209,CWE-1124,1.0,-0.01914246380329132,-0.056962329894304276,0.17061983048915863,-0.4645332992076874
CWE-209,CWE-603,3.0,-0.01914246380329132,-0.056962329894304276,0.1921589970588684,0.189273402094841
CWE-212,CWE-941,1.0,0.009168251417577267,0.018763581290841103,0.3735717833042145,-0.2473551481962204
CWE-212,CWE-787,447.0,0.009168251417577267,0.018763581290841103,-0.0072766561061143875,0.03308534994721413
CWE-213,CWE-918,2.0,-0.03473541513085365,-0.3563467264175415,-0.009878953918814659,-0.07857222110033035
CWE-214,CWE-918,3.0,0.12208513915538788,-0.25685665011405945,-0.009878953918814659,-0.07857222110033035
CWE-215,CWE-862,3.0,-0.28080737590789795,0.12877823412418365,-0.00795373972505331,-0.026479557156562805
CWE-215,CWE-287,4.0,-0.28080737590789795,0.12877823412418365,-0.016419433057308197,0.0168480034917593
CWE-215,CWE-693,3.0,-0.28080737590789795,0.12877823412418365,-0.0892585813999176,0.007505075074732304
CWE-215,CWE-306,3.0,-0.28080737590789795,0.12877823412418365,-0.002510576043277979,0.006665211636573076
CWE-215,CWE-400,3.0,-0.28080737590789795,0.12877823412418365,-0.023355096578598022,0.02558581531047821
CWE-219,CWE-798,1.0,-0.4306434988975525,-0.13036906719207764,-0.025941848754882812,-0.01919712871313095
CWE-219,CWE-321,3.0,-0.4306434988975525,-0.13036906719207764,-0.057480260729789734,-0.016543669626116753
CWE-219,CWE-306,1.0,-0.4306434988975525,-0.13036906719207764,-0.002510576043277979,0.006665211636573076
CWE-221,CWE-362,1.0,-0.18218529224395752,0.5616347789764404,-0.016717402264475822,0.03487185761332512
CWE-221,CWE-665,1.0,-0.18218529224395752,0.5616347789764404,-0.017241965979337692,0.027158373966813087
CWE-221,CWE-684,1.0,-0.18218529224395752,0.5616347789764404,-0.12426260113716125,0.30459359288215637
CWE-221,CWE-474,1.0,-0.18218529224395752,0.5616347789764404,-0.12969474494457245,0.3692605793476105
CWE-223,CWE-783,1.0,-0.43616870045661926,0.2154901623725891,-0.16063103079795837,-0.10798216611146927
CWE-223,CWE-908,1.0,-0.43616870045661926,0.2154901623725891,-0.017863865941762924,0.05613620951771736
CWE-223,CWE-416,1.0,-0.43616870045661926,0.2154901623725891,-0.0034559874329715967,0.05317194014787674
CWE-226,CWE-327,2.0,0.3279067873954773,-0.14164197444915771,-0.044679123908281326,0.0005457004299387336
CWE-226,CWE-1188,2.0,0.3279067873954773,-0.14164197444915771,0.01789952628314495,-0.02344428189098835
CWE-226,CWE-690,1.0,0.3279067873954773,-0.14164197444915771,0.5037754774093628,0.018625503405928612
CWE-228,CWE-798,2.0,0.3787183165550232,-0.049948081374168396,-0.025941848754882812,-0.01919712871313095
CWE-228,CWE-369,1.0,0.3787183165550232,-0.049948081374168396,-0.029390405863523483,0.04580015689134598
CWE-228,CWE-300,1.0,0.3787183165550232,-0.049948081374168396,0.10735096037387848,-0.16745078563690186
CWE-229,CWE-416,2.0,-0.3372754752635956,-0.061395227909088135,-0.0034559874329715967,0.05317194014787674
CWE-229,CWE-307,2.0,-0.3372754752635956,-0.061395227909088135,0.016150234267115593,-0.05735562741756439
CWE-229,CWE-787,2.0,-0.3372754752635956,-0.061395227909088135,-0.0072766561061143875,0.03308534994721413
CWE-229,CWE-362,2.0,-0.3372754752635956,-0.061395227909088135,-0.016717402264475822,0.03487185761332512
CWE-230,CWE-862,1.0,0.41787436604499817,-0.3055488169193268,-0.00795373972505331,-0.026479557156562805
CWE-230,CWE-640,1.0,0.41787436604499817,-0.3055488169193268,-0.0052832504734396935,-0.11900318413972855
CWE-230,CWE-416,1.0,0.41787436604499817,-0.3055488169193268,-0.0034559874329715967,0.05317194014787674
CWE-230,CWE-352,1.0,0.41787436604499817,-0.3055488169193268,-0.012869291007518768,-0.046273693442344666
CWE-230,CWE-1323,1.0,0.41787436604499817,-0.3055488169193268,0.5052939653396606,-0.20743410289287567
CWE-231,CWE-788,2.0,0.3276282846927643,-0.04279226437211037,0.1274677962064743,0.08700443804264069
CWE-232,CWE-401,1.0,0.16449518501758575,-0.3090995252132416,0.0036902385763823986,0.046476151794195175
CWE-232,CWE-400,2.0,0.16449518501758575,-0.3090995252132416,-0.023355096578598022,0.02558581531047821
CWE-232,CWE-754,2.0,0.16449518501758575,-0.3090995252132416,-0.029542161151766777,0.05322364345192909
CWE-232,CWE-307,1.0,0.16449518501758575,-0.3090995252132416,0.016150234267115593,-0.05735562741756439
CWE-233,CWE-828,1.0,0.2528742253780365,0.17364849150180817,0.1490800380706787,0.5327438116073608
CWE-233,CWE-787,3.0,0.2528742253780365,0.17364849150180817,-0.0072766561061143875,0.03308534994721413
CWE-233,CWE-639,2.0,0.2528742253780365,0.17364849150180817,-0.010897975414991379,-0.08910393714904785
CWE-235,CWE-294,2.0,-0.411212682723999,-0.012982427142560482,-0.06017633154988289,0.007265884894877672
CWE-236,CWE-296,1.0,0.406669944524765,0.3425132632255554,0.3673221468925476,0.28728440403938293
CWE-236,CWE-415,1.0,0.406669944524765,0.3425132632255554,-0.017876332625746727,0.052614614367485046
CWE-236,CWE-1284,1.0,0.406669944524765,0.3425132632255554,-0.033107560127973557,0.058357998728752136
CWE-236,CWE-466,1.0,0.406669944524765,0.3425132632255554,0.09636744856834412,0.20033088326454163
CWE-236,CWE-1286,1.0,0.406669944524765,0.3425132632255554,0.038107771426439285,0.05974872037768364
CWE-240,CWE-805,11.0,-0.08305169641971588,0.20449984073638916,-0.0553806908428669,0.1813008189201355
CWE-240,CWE-843,11.0,-0.08305169641971588,0.20449984073638916,0.0006745989667251706,0.07189887017011642
CWE-240,CWE-1284,11.0,-0.08305169641971588,0.20449984073638916,-0.033107560127973557,0.058357998728752136
CWE-241,CWE-754,2.0,-0.31674280762672424,-0.1693749874830246,-0.029542161151766777,0.05322364345192909
CWE-241,CWE-770,2.0,-0.31674280762672424,-0.1693749874830246,-0.01595434546470642,0.0078063239343464375
CWE-241,CWE-672,2.0,-0.31674280762672424,-0.1693749874830246,-0.13011184334754944,0.002067751483991742
CWE-241,CWE-362,2.0,-0.31674280762672424,-0.1693749874830246,-0.016717402264475822,0.03487185761332512
CWE-241,CWE-401,2.0,-0.31674280762672424,-0.1693749874830246,0.0036902385763823986,0.046476151794195175
CWE-242,CWE-918,1.0,-0.01072053611278534,-0.4603552520275116,-0.009878953918814659,-0.07857222110033035
CWE-242,CWE-640,1.0,-0.01072053611278534,-0.4603552520275116,-0.0052832504734396935,-0.11900318413972855
CWE-242,CWE-502,2.0,-0.01072053611278534,-0.4603552520275116,0.0011437543435022235,-0.06108305975794792
CWE-244,CWE-401,3.0,-0.16771863400936127,0.2349311262369156,0.0036902385763823986,0.046476151794195175
CWE-248,CWE-787,39.0,-0.11601410806179047,0.019072989001870155,-0.0072766561061143875,0.03308534994721413
CWE-248,CWE-691,6.0,-0.11601410806179047,0.019072989001870155,-0.2611469626426697,-0.027075449004769325
CWE-248,CWE-400,40.0,-0.11601410806179047,0.019072989001870155,-0.023355096578598022,0.02558581531047821
CWE-248,CWE-782,1.0,-0.11601410806179047,0.019072989001870155,-0.487714022397995,-0.2128627449274063
CWE-248,CWE-770,41.0,-0.11601410806179047,0.019072989001870155,-0.01595434546470642,0.0078063239343464375
CWE-248,CWE-392,4.0,-0.11601410806179047,0.019072989001870155,-0.2683865427970886,0.08945173025131226
CWE-250,CWE-278,1.0,0.0713554099202156,0.037994634360075,-0.28354907035827637,0.414609432220459
CWE-250,CWE-422,1.0,0.0713554099202156,0.037994634360075,0.363940566778183,0.40807226300239563
CWE-250,CWE-385,2.0,0.0713554099202156,0.037994634360075,0.3035354018211365,0.16715742647647858
CWE-250,CWE-424,1.0,0.0713554099202156,0.037994634360075,-0.11434170603752136,0.41338902711868286
CWE-250,CWE-618,1.0,0.0713554099202156,0.037994634360075,0.5446843504905701,-0.23374061286449432
CWE-250,CWE-555,2.0,0.0713554099202156,0.037994634360075,-0.20243126153945923,0.2971036434173584
CWE-250,CWE-330,62.0,0.0713554099202156,0.037994634360075,0.026620404794812202,0.03537904471158981
CWE-250,CWE-1100,1.0,0.0713554099202156,0.037994634360075,0.4723316729068756,-0.26719996333122253
CWE-250,CWE-296,2.0,0.0713554099202156,0.037994634360075,0.3673221468925476,0.28728440403938293
CWE-250,CWE-272,24.0,0.0713554099202156,0.037994634360075,0.1246500164270401,-0.0403115451335907
CWE-250,CWE-912,59.0,0.0713554099202156,0.037994634360075,0.0803598165512085,0.01648866757750511
CWE-250,CWE-284,75.0,0.0713554099202156,0.037994634360075,-0.024067847058176994,0.010674300603568554
CWE-250,CWE-287,72.0,0.0713554099202156,0.037994634360075,-0.016419433057308197,0.0168480034917593
CWE-252,CWE-787,445.0,-0.04096890985965729,0.045614130795001984,-0.0072766561061143875,0.03308534994721413
CWE-252,CWE-276,718.0,-0.04096890985965729,0.045614130795001984,-0.03405288979411125,0.048099495470523834
CWE-252,CWE-400,880.0,-0.04096890985965729,0.045614130795001984,-0.023355096578598022,0.02558581531047821
CWE-252,CWE-425,74.0,-0.04096890985965729,0.045614130795001984,-0.09692339599132538,0.0046228826977312565
CWE-252,CWE-328,71.0,-0.04096890985965729,0.045614130795001984,-0.10969860106706619,0.045693736523389816
CWE-252,CWE-567,71.0,-0.04096890985965729,0.045614130795001984,-0.12052518129348755,0.03808566555380821
CWE-252,CWE-1280,1.0,-0.04096890985965729,0.045614130795001984,-0.5363041758537292,0.046155065298080444
CWE-252,CWE-684,4.0,-0.04096890985965729,0.045614130795001984,-0.12426260113716125,0.30459359288215637
CWE-252,CWE-476,909.0,-0.04096890985965729,0.045614130795001984,-0.005598189774900675,0.05277804657816887
CWE-253,CWE-835,4.0,0.18940624594688416,0.225835919380188,0.002445928053930402,0.05998510867357254
CWE-253,CWE-400,4.0,0.18940624594688416,0.225835919380188,-0.023355096578598022,0.02558581531047821
CWE-253,CWE-768,1.0,0.18940624594688416,0.225835919380188,0.5139530897140503,0.11742100119590759
CWE-253,CWE-390,4.0,0.18940624594688416,0.225835919380188,0.06649526953697205,0.1486443430185318
CWE-253,CWE-476,5.0,0.18940624594688416,0.225835919380188,-0.005598189774900675,0.05277804657816887
CWE-254,CWE-264,161.0,0.027458030730485916,0.008761988021433353,-0.002783054718747735,-0.007213043514639139
CWE-255,CWE-287,223.0,-0.032187361270189285,-0.025121493265032768,-0.016419433057308197,0.0168480034917593
CWE-255,CWE-264,346.0,-0.032187361270189285,-0.025121493265032768,-0.002783054718747735,-0.007213043514639139
CWE-256,CWE-798,11.0,0.07656644284725189,-0.1589808166027069,-0.025941848754882812,-0.01919712871313095
CWE-256,CWE-352,11.0,0.07656644284725189,-0.1589808166027069,-0.012869291007518768,-0.046273693442344666
CWE-256,CWE-477,1.0,0.07656644284725189,-0.1589808166027069,0.4168771505355835,-0.174664705991745
CWE-256,CWE-312,13.0,0.07656644284725189,-0.1589808166027069,0.016702711582183838,-0.0116664357483387
CWE-257,CWE-269,11.0,0.00835189688950777,-0.1644033044576645,-0.01995079405605793,-0.010946606285870075
CWE-257,CWE-306,12.0,0.00835189688950777,-0.1644033044576645,-0.002510576043277979,0.006665211636573076
CWE-257,CWE-295,11.0,0.00835189688950777,-0.1644033044576645,-0.03137262165546417,-0.007503588683903217
CWE-258,CWE-640,1.0,-0.10191492736339569,-0.9304876923561096,-0.0052832504734396935,-0.11900318413972855
CWE-259,CWE-489,60.0,0.0669364258646965,-0.008834983222186565,0.06693663448095322,0.014912130311131477
CWE-259,CWE-284,66.0,0.0669364258646965,-0.008834983222186565,-0.024067847058176994,0.010674300603568554
CWE-259,CWE-287,66.0,0.0669364258646965,-0.008834983222186565,-0.016419433057308197,0.0168480034917593
CWE-259,CWE-760,1.0,0.0669364258646965,-0.008834983222186565,0.33301395177841187,-0.09441731870174408
CWE-259,CWE-1326,1.0,0.0669364258646965,-0.008834983222186565,-0.13095775246620178,-0.4370889663696289
CWE-260,CWE-525,4.0,-0.20642705261707306,-0.2889039218425751,-0.09010537713766098,-0.2263776659965515
CWE-260,CWE-1022,2.0,-0.20642705261707306,-0.2889039218425751,-0.26168742775917053,-0.2975499927997589
CWE-260,CWE-532,4.0,-0.20642705261707306,-0.2889039218425751,-0.021585989743471146,-0.029124239459633827
CWE-261,CWE-352,4.0,-0.2449883222579956,-0.1340676248073578,-0.012869291007518768,-0.046273693442344666
CWE-261,CWE-269,4.0,-0.2449883222579956,-0.1340676248073578,-0.01995079405605793,-0.010946606285870075
CWE-262,CWE-754,2.0,-0.006792376283556223,0.4008515477180481,-0.029542161151766777,0.05322364345192909
CWE-262,CWE-755,2.0,-0.006792376283556223,0.4008515477180481,0.011630009859800339,0.05406934395432472
CWE-262,CWE-476,2.0,-0.006792376283556223,0.4008515477180481,-0.005598189774900675,0.05277804657816887
CWE-262,CWE-805,2.0,-0.006792376283556223,0.4008515477180481,-0.0553806908428669,0.1813008189201355
CWE-263,CWE-613,1.0,-0.41723647713661194,-0.2848470211029053,-0.05584489554166794,-0.0355217382311821
CWE-263,CWE-521,1.0,-0.41723647713661194,-0.2848470211029053,-0.05613483861088753,-0.05062936991453171
CWE-263,CWE-294,1.0,-0.41723647713661194,-0.2848470211029053,-0.06017633154988289,0.007265884894877672
CWE-264,CWE-310,407.0,-0.002783054718747735,-0.007213043514639139,0.005747541785240173,0.009521388448774815
CWE-264,CWE-775,1.0,-0.002783054718747735,-0.007213043514639139,0.08561010658740997,-0.4577633738517761
CWE-264,CWE-399,671.0,-0.002783054718747735,-0.007213043514639139,0.011790155433118343,0.0009005937026813626
CWE-264,CWE-769,1.0,-0.002783054718747735,-0.007213043514639139,-0.45008453726768494,0.10786961019039154
CWE-266,CWE-420,22.0,0.03407236933708191,-0.07232596725225449,0.11347980797290802,0.017869599163532257
CWE-266,CWE-863,64.0,0.03407236933708191,-0.07232596725225449,-0.019663941115140915,-0.0025097504258155823
CWE-266,CWE-1050,1.0,0.03407236933708191,-0.07232596725225449,0.20279480516910553,-0.42002272605895996
CWE-266,CWE-618,1.0,0.03407236933708191,-0.07232596725225449,0.5446843504905701,-0.23374061286449432
CWE-266,CWE-698,2.0,0.03407236933708191,-0.07232596725225449,-0.08834975212812424,-0.4683639109134674
CWE-266,CWE-1088,1.0,0.03407236933708191,-0.07232596725225449,0.2973439693450928,-0.16593854129314423
CWE-266,CWE-520,1.0,0.03407236933708191,-0.07232596725225449,-0.4607248902320862,0.07278422266244888
CWE-266,CWE-770,63.0,0.03407236933708191,-0.07232596725225449,-0.01595434546470642,0.0078063239343464375
CWE-267,CWE-532,42.0,0.07323519885540009,-0.026365594938397408,-0.021585989743471146,-0.029124239459633827
CWE-267,CWE-732,37.0,0.07323519885540009,-0.026365594938397408,0.008362405002117157,-0.014200760051608086
CWE-267,CWE-770,42.0,0.07323519885540009,-0.026365594938397408,-0.01595434546470642,0.0078063239343464375
CWE-267,CWE-476,35.0,0.07323519885540009,-0.026365594938397408,-0.005598189774900675,0.05277804657816887
CWE-267,CWE-312,39.0,0.07323519885540009,-0.026365594938397408,0.016702711582183838,-0.0116664357483387
CWE-268,CWE-669,1.0,0.17474430799484253,-0.2805248200893402,0.07230829447507858,-0.0477164089679718
CWE-268,CWE-416,2.0,0.17474430799484253,-0.2805248200893402,-0.0034559874329715967,0.05317194014787674
CWE-268,CWE-1103,1.0,0.17474430799484253,-0.2805248200893402,0.05645700544118881,-0.5507605671882629
CWE-269,CWE-321,265.0,-0.01995079405605793,-0.010946606285870075,-0.057480260729789734,-0.016543669626116753
CWE-269,CWE-1270,5.0,-0.01995079405605793,-0.010946606285870075,0.2185649424791336,0.09555350244045258
CWE-269,CWE-690,1.0,-0.01995079405605793,-0.010946606285870075,0.5037754774093628,0.018625503405928612
CWE-269,CWE-787,587.0,-0.01995079405605793,-0.010946606285870075,-0.0072766561061143875,0.03308534994721413
CWE-269,CWE-1106,1.0,-0.01995079405605793,-0.010946606285870075,0.3726784586906433,-0.35646629333496094
CWE-269,CWE-286,3.0,-0.01995079405605793,-0.010946606285870075,-0.2521089017391205,-0.10580426454544067
CWE-269,CWE-300,8.0,-0.01995079405605793,-0.010946606285870075,0.10735096037387848,-0.16745078563690186
CWE-269,CWE-1274,5.0,-0.01995079405605793,-0.010946606285870075,0.26263490319252014,0.07113972306251526
CWE-269,CWE-1240,21.0,-0.01995079405605793,-0.010946606285870075,-0.11644866317510605,0.0775735005736351
CWE-269,CWE-707,5.0,-0.01995079405605793,-0.010946606285870075,-0.022739246487617493,-0.21694982051849365
CWE-269,CWE-453,3.0,-0.01995079405605793,-0.010946606285870075,-0.2977890968322754,0.044630199670791626
CWE-269,CWE-270,5.0,-0.01995079405605793,-0.010946606285870075,0.21729515492916107,-0.08129337430000305
CWE-269,CWE-836,2.0,-0.01995079405605793,-0.010946606285870075,-0.36390581727027893,0.04727599397301674
CWE-269,CWE-363,1.0,-0.01995079405605793,-0.010946606285870075,-0.36636191606521606,-0.30650633573532104
CWE-269,CWE-1332,2.0,-0.01995079405605793,-0.010946606285870075,0.3558706045150757,-0.056838247925043106
CWE-269,CWE-669,25.0,-0.01995079405605793,-0.010946606285870075,0.07230829447507858,-0.0477164089679718
CWE-269,CWE-295,485.0,-0.01995079405605793,-0.010946606285870075,-0.03137262165546417,-0.007503588683903217
CWE-269,CWE-403,2.0,-0.01995079405605793,-0.010946606285870075,-0.07988760620355606,-0.3002016544342041
CWE-269,CWE-1319,1.0,-0.01995079405605793,-0.010946606285870075,0.09227649122476578,-0.4285690486431122
CWE-269,CWE-538,13.0,-0.01995079405605793,-0.010946606285870075,-0.011719292029738426,-0.1640932559967041
CWE-269,CWE-540,4.0,-0.01995079405605793,-0.010946606285870075,-0.027443740516901016,-0.27254718542099
CWE-269,CWE-1104,5.0,-0.01995079405605793,-0.010946606285870075,-0.18584008514881134,-0.1726248562335968
CWE-269,CWE-642,5.0,-0.01995079405605793,-0.010946606285870075,-0.24047529697418213,-0.012350109405815601
CWE-269,CWE-1300,3.0,-0.01995079405605793,-0.010946606285870075,-0.3074047565460205,0.11131613701581955
CWE-270,CWE-426,3.0,0.21729515492916107,-0.08129337430000305,0.03880825266242027,0.01850116066634655
CWE-270,CWE-416,4.0,0.21729515492916107,-0.08129337430000305,-0.0034559874329715967,0.05317194014787674
CWE-270,CWE-347,4.0,0.21729515492916107,-0.08129337430000305,0.019651714712381363,0.03766050189733505
CWE-271,CWE-665,2.0,-0.0818684995174408,0.3695172369480133,-0.017241965979337692,0.027158373966813087
CWE-271,CWE-667,2.0,-0.0818684995174408,0.3695172369480133,-0.01672227308154106,0.08033251762390137
CWE-271,CWE-835,2.0,-0.0818684995174408,0.3695172369480133,0.002445928053930402,0.05998510867357254
CWE-271,CWE-416,2.0,-0.0818684995174408,0.3695172369480133,-0.0034559874329715967,0.05317194014787674
CWE-272,CWE-312,23.0,0.1246500164270401,-0.0403115451335907,0.016702711582183838,-0.0116664357483387
CWE-272,CWE-532,23.0,0.1246500164270401,-0.0403115451335907,-0.021585989743471146,-0.029124239459633827
CWE-273,CWE-416,21.0,0.11628727614879608,0.04478726536035538,-0.0034559874329715967,0.05317194014787674
CWE-273,CWE-556,2.0,0.11628727614879608,0.04478726536035538,0.3115779757499695,-0.17842550575733185
CWE-273,CWE-787,27.0,0.11628727614879608,0.04478726536035538,-0.0072766561061143875,0.03308534994721413
CWE-273,CWE-832,1.0,0.11628727614879608,0.04478726536035538,0.4845094084739685,0.07123816013336182
CWE-274,CWE-352,3.0,0.14046844840049744,0.28179994225502014,-0.012869291007518768,-0.046273693442344666
CWE-274,CWE-770,2.0,0.14046844840049744,0.28179994225502014,-0.01595434546470642,0.0078063239343464375
CWE-274,CWE-476,2.0,0.14046844840049744,0.28179994225502014,-0.005598189774900675,0.05277804657816887
CWE-274,CWE-863,3.0,0.14046844840049744,0.28179994225502014,-0.019663941115140915,-0.0025097504258155823
CWE-275,CWE-284,19.0,-0.1013348251581192,-0.048033811151981354,-0.024067847058176994,0.010674300603568554
CWE-275,CWE-1018,1.0,-0.1013348251581192,-0.048033811151981354,0.4103979468345642,0.1995084285736084
CWE-276,CWE-400,859.0,-0.03405288979411125,0.048099495470523834,-0.023355096578598022,0.02558581531047821
CWE-276,CWE-1119,1.0,-0.03405288979411125,0.048099495470523834,-0.00430250121280551,0.4906036853790283
CWE-276,CWE-1223,2.0,-0.03405288979411125,0.048099495470523834,0.02309814654290676,0.3997756838798523
CWE-276,CWE-403,3.0,-0.03405288979411125,0.048099495470523834,-0.07988760620355606,-0.3002016544342041
CWE-276,CWE-1319,1.0,-0.03405288979411125,0.048099495470523834,0.09227649122476578,-0.4285690486431122
CWE-276,CWE-476,870.0,-0.03405288979411125,0.048099495470523834,-0.005598189774900675,0.05277804657816887
CWE-276,CWE-277,5.0,-0.03405288979411125,0.048099495470523834,-0.22291159629821777,0.14472909271717072
CWE-276,CWE-665,307.0,-0.03405288979411125,0.048099495470523834,-0.017241965979337692,0.027158373966813087
CWE-276,CWE-939,3.0,-0.03405288979411125,0.048099495470523834,-0.27840590476989746,0.009114847518503666
CWE-277,CWE-754,5.0,-0.22291159629821777,0.14472909271717072,-0.029542161151766777,0.05322364345192909
CWE-277,CWE-770,4.0,-0.22291159629821777,0.14472909271717072,-0.01595434546470642,0.0078063239343464375
CWE-277,CWE-284,4.0,-0.22291159629821777,0.14472909271717072,-0.024067847058176994,0.010674300603568554
CWE-278,CWE-644,1.0,-0.28354907035827637,0.414609432220459,-0.19731102883815765,-0.040414512157440186
CWE-278,CWE-598,1.0,-0.28354907035827637,0.414609432220459,-0.16377469897270203,0.02700972743332386
CWE-278,CWE-290,1.0,-0.28354907035827637,0.414609432220459,-0.042258571833372116,0.02614513970911503
CWE-278,CWE-427,1.0,-0.28354907035827637,0.414609432220459,0.03591614216566086,0.030950842425227165
CWE-279,CWE-787,4.0,-0.06697551161050797,-0.23328115046024323,-0.0072766561061143875,0.03308534994721413
CWE-279,CWE-835,4.0,-0.06697551161050797,-0.23328115046024323,0.002445928053930402,0.05998510867357254
CWE-279,CWE-416,3.0,-0.06697551161050797,-0.23328115046024323,-0.0034559874329715967,0.05317194014787674
CWE-280,CWE-450,2.0,0.04618149250745773,0.11849380284547806,0.2485862821340561,0.3181167542934418
CWE-280,CWE-843,48.0,0.04618149250745773,0.11849380284547806,0.0006745989667251706,0.07189887017011642
CWE-280,CWE-787,58.0,0.04618149250745773,0.11849380284547806,-0.0072766561061143875,0.03308534994721413
CWE-280,CWE-842,1.0,0.04618149250745773,0.11849380284547806,0.43856915831565857,0.1758875846862793
CWE-280,CWE-367,49.0,0.04618149250745773,0.11849380284547806,-0.0025731376372277737,0.038914646953344345
CWE-281,CWE-362,187.0,0.034062474966049194,0.04482383653521538,-0.016717402264475822,0.03487185761332512
CWE-281,CWE-767,1.0,0.034062474966049194,0.04482383653521538,0.26708436012268066,-0.39288395643234253
CWE-281,CWE-1038,1.0,0.034062474966049194,0.04482383653521538,0.4714348018169403,0.03852362185716629
CWE-281,CWE-416,199.0,0.034062474966049194,0.04482383653521538,-0.0034559874329715967,0.05317194014787674
CWE-281,CWE-787,195.0,0.034062474966049194,0.04482383653521538,-0.0072766561061143875,0.03308534994721413
CWE-282,CWE-863,3.0,0.011161806993186474,-0.274556428194046,-0.019663941115140915,-0.0025097504258155823
CWE-283,CWE-287,3.0,-0.12127892673015594,-0.2852405309677124,-0.016419433057308197,0.0168480034917593
CWE-283,CWE-862,3.0,-0.12127892673015594,-0.2852405309677124,-0.00795373972505331,-0.026479557156562805
CWE-283,CWE-918,3.0,-0.12127892673015594,-0.2852405309677124,-0.009878953918814659,-0.07857222110033035
CWE-283,CWE-639,4.0,-0.12127892673015594,-0.2852405309677124,-0.010897975414991379,-0.08910393714904785
CWE-284,CWE-564,2.0,-0.024067847058176994,0.010674300603568554,-0.17935673892498016,-0.31050485372543335
CWE-284,CWE-550,1.0,-0.024067847058176994,0.010674300603568554,0.4387435019016266,0.08993006497621536
CWE-284,CWE-1276,1.0,-0.024067847058176994,0.010674300603568554,-0.47444942593574524,-0.014255320653319359
CWE-284,CWE-762,2.0,-0.024067847058176994,0.010674300603568554,-0.22934158146381378,0.3479769229888916
CWE-284,CWE-693,67.0,-0.024067847058176994,0.010674300603568554,-0.0892585813999176,0.007505075074732304
CWE-284,CWE-939,3.0,-0.024067847058176994,0.010674300603568554,-0.27840590476989746,0.009114847518503666
CWE-284,CWE-882,1.0,-0.024067847058176994,0.010674300603568554,0.2210083156824112,-0.4509226977825165
CWE-284,CWE-778,4.0,-0.024067847058176994,0.010674300603568554,-0.18708708882331848,-0.19966556131839752
CWE-284,CWE-615,2.0,-0.024067847058176994,0.010674300603568554,-0.05823063477873802,-0.36850687861442566
CWE-284,CWE-446,2.0,-0.024067847058176994,0.010674300603568554,-0.15688811242580414,0.3970310091972351
CWE-284,CWE-1319,1.0,-0.024067847058176994,0.010674300603568554,0.09227649122476578,-0.4285690486431122
CWE-284,CWE-489,73.0,-0.024067847058176994,0.010674300603568554,0.06693663448095322,0.014912130311131477
CWE-284,CWE-1220,206.0,-0.024067847058176994,0.010674300603568554,0.031769607216119766,0.02468506433069706
CWE-284,CWE-343,1.0,-0.024067847058176994,0.010674300603568554,-0.5013977289199829,-0.18895673751831055
CWE-284,CWE-460,2.0,-0.024067847058176994,0.010674300603568554,-0.3411210775375366,0.1099010780453682
CWE-284,CWE-1260,76.0,-0.024067847058176994,0.010674300603568554,-0.04551472142338753,0.13887731730937958
CWE-284,CWE-1039,8.0,-0.024067847058176994,0.010674300603568554,0.0023044494446367025,0.21334519982337952
CWE-284,CWE-285,157.0,-0.024067847058176994,0.010674300603568554,-0.05872155725955963,-0.0403609499335289
CWE-284,CWE-642,6.0,-0.024067847058176994,0.010674300603568554,-0.24047529697418213,-0.012350109405815601
CWE-284,CWE-555,2.0,-0.024067847058176994,0.010674300603568554,-0.20243126153945923,0.2971036434173584
CWE-284,CWE-1233,2.0,-0.024067847058176994,0.010674300603568554,-0.40785491466522217,-0.06891102343797684
CWE-284,CWE-1018,1.0,-0.024067847058176994,0.010674300603568554,0.4103979468345642,0.1995084285736084
CWE-284,CWE-557,1.0,-0.024067847058176994,0.010674300603568554,-0.3845733106136322,-0.3561520278453827
CWE-284,CWE-357,19.0,-0.024067847058176994,0.010674300603568554,0.09984534978866577,0.09475084394216537
CWE-284,CWE-787,526.0,-0.024067847058176994,0.010674300603568554,-0.0072766561061143875,0.03308534994721413
CWE-284,CWE-286,3.0,-0.024067847058176994,0.010674300603568554,-0.2521089017391205,-0.10580426454544067
CWE-284,CWE-1059,1.0,-0.024067847058176994,0.010674300603568554,-0.3885617256164551,0.2843596935272217
CWE-284,CWE-1274,5.0,-0.024067847058176994,0.010674300603568554,0.26263490319252014,0.07113972306251526
CWE-284,CWE-705,1.0,-0.024067847058176994,0.010674300603568554,-0.2709502875804901,0.5409057140350342
CWE-284,CWE-691,6.0,-0.024067847058176994,0.010674300603568554,-0.2611469626426697,-0.027075449004769325
CWE-284,CWE-926,4.0,-0.024067847058176994,0.010674300603568554,-0.01932874321937561,0.2733851671218872
CWE-284,CWE-940,4.0,-0.024067847058176994,0.010674300603568554,0.2575811743736267,-0.0781717598438263
CWE-284,CWE-807,27.0,-0.024067847058176994,0.010674300603568554,-0.020085351541638374,-0.12326335161924362
CWE-284,CWE-614,5.0,-0.024067847058176994,0.010674300603568554,-0.16642720997333527,-0.14508338272571564
CWE-285,CWE-378,3.0,-0.05872155725955963,-0.0403609499335289,0.03215072676539421,-0.3027860224246979
CWE-285,CWE-1059,1.0,-0.05872155725955963,-0.0403609499335289,-0.3885617256164551,0.2843596935272217
CWE-285,CWE-863,143.0,-0.05872155725955963,-0.0403609499335289,-0.019663941115140915,-0.0025097504258155823
CWE-285,CWE-564,2.0,-0.05872155725955963,-0.0403609499335289,-0.17935673892498016,-0.31050485372543335
CWE-285,CWE-767,1.0,-0.05872155725955963,-0.0403609499335289,0.26708436012268066,-0.39288395643234253
CWE-285,CWE-683,1.0,-0.05872155725955963,-0.0403609499335289,-0.45509785413742065,0.2465769648551941
CWE-285,CWE-363,1.0,-0.05872155725955963,-0.0403609499335289,-0.36636191606521606,-0.30650633573532104
CWE-285,CWE-533,1.0,-0.05872155725955963,-0.0403609499335289,0.41851475834846497,-0.4341495633125305
CWE-285,CWE-769,1.0,-0.05872155725955963,-0.0403609499335289,-0.45008453726768494,0.10786961019039154
CWE-285,CWE-698,1.0,-0.05872155725955963,-0.0403609499335289,-0.08834975212812424,-0.4683639109134674
CWE-285,CWE-343,1.0,-0.05872155725955963,-0.0403609499335289,-0.5013977289199829,-0.18895673751831055
CWE-285,CWE-571,1.0,-0.05872155725955963,-0.0403609499335289,-0.41309335827827454,-0.3063010573387146
CWE-285,CWE-1300,3.0,-0.05872155725955963,-0.0403609499335289,-0.3074047565460205,0.11131613701581955
CWE-286,CWE-601,4.0,-0.2521089017391205,-0.10580426454544067,-0.0036730500869452953,-0.049856338649988174
CWE-287,CWE-347,345.0,-0.016419433057308197,0.0168480034917593,0.019651714712381363,0.03766050189733505
CWE-287,CWE-337,1.0,-0.016419433057308197,0.0168480034917593,-0.1698014736175537,-0.44898921251296997
CWE-287,CWE-506,1.0,-0.016419433057308197,0.0168480034917593,-0.04645281657576561,-0.46904927492141724
CWE-287,CWE-312,289.0,-0.016419433057308197,0.0168480034917593,0.016702711582183838,-0.0116664357483387
CWE-287,CWE-532,224.0,-0.016419433057308197,0.0168480034917593,-0.021585989743471146,-0.029124239459633827
CWE-287,CWE-1258,3.0,-0.016419433057308197,0.0168480034917593,0.10095135867595673,0.2884279191493988
CWE-287,CWE-327,376.0,-0.016419433057308197,0.0168480034917593,-0.044679123908281326,0.0005457004299387336
CWE-287,CWE-302,5.0,-0.016419433057308197,0.0168480034917593,0.161333367228508,-0.14585091173648834
CWE-287,CWE-453,3.0,-0.016419433057308197,0.0168480034917593,-0.2977890968322754,0.044630199670791626
CWE-287,CWE-1119,1.0,-0.016419433057308197,0.0168480034917593,-0.00430250121280551,0.4906036853790283
CWE-287,CWE-613,129.0,-0.016419433057308197,0.0168480034917593,-0.05584489554166794,-0.0355217382311821
CWE-287,CWE-1329,14.0,-0.016419433057308197,0.0168480034917593,-0.02747318521142006,0.17187418043613434
CWE-287,CWE-566,1.0,-0.016419433057308197,0.0168480034917593,0.2846527695655823,0.43410906195640564
CWE-287,CWE-326,216.0,-0.016419433057308197,0.0168480034917593,0.020296545699238777,-0.03038967214524746
CWE-287,CWE-710,8.0,-0.016419433057308197,0.0168480034917593,-0.19471155107021332,0.06485260277986526
CWE-287,CWE-488,4.0,-0.016419433057308197,0.0168480034917593,0.09905844926834106,0.21314679086208344
CWE-287,CWE-683,1.0,-0.016419433057308197,0.0168480034917593,-0.45509785413742065,0.2465769648551941
CWE-287,CWE-920,9.0,-0.016419433057308197,0.0168480034917593,-0.18878115713596344,0.12580086290836334
CWE-287,CWE-491,1.0,-0.016419433057308197,0.0168480034917593,-0.4007068872451782,-0.20080044865608215
CWE-287,CWE-943,12.0,-0.016419433057308197,0.0168480034917593,-0.047098997980356216,-0.09538479894399643
CWE-287,CWE-922,71.0,-0.016419433057308197,0.0168480034917593,-0.07311329990625381,0.015178214758634567
CWE-287,CWE-1319,1.0,-0.016419433057308197,0.0168480034917593,0.09227649122476578,-0.4285690486431122
CWE-287,CWE-520,1.0,-0.016419433057308197,0.0168480034917593,-0.4607248902320862,0.07278422266244888
CWE-287,CWE-798,476.0,-0.016419433057308197,0.0168480034917593,-0.025941848754882812,-0.01919712871313095
CWE-287,CWE-489,69.0,-0.016419433057308197,0.0168480034917593,0.06693663448095322,0.014912130311131477
CWE-287,CWE-294,215.0,-0.016419433057308197,0.0168480034917593,-0.06017633154988289,0.007265884894877672
CWE-287,CWE-1037,2.0,-0.016419433057308197,0.0168480034917593,-0.2451554834842682,0.3302837610244751
CWE-287,CWE-308,2.0,-0.016419433057308197,0.0168480034917593,-0.21171125769615173,-0.25639060139656067
CWE-287,CWE-297,10.0,-0.016419433057308197,0.0168480034917593,-0.16886036098003387,-0.032225724309682846
CWE-287,CWE-332,2.0,-0.016419433057308197,0.0168480034917593,0.025836188346147537,0.45086920261383057
CWE-287,CWE-345,480.0,-0.016419433057308197,0.0168480034917593,0.014353880658745766,0.022683454677462578
CWE-287,CWE-912,60.0,-0.016419433057308197,0.0168480034917593,0.0803598165512085,0.01648866757750511
CWE-287,CWE-354,99.0,-0.016419433057308197,0.0168480034917593,-0.07442063093185425,0.0005920042167417705
CWE-287,CWE-625,2.0,-0.016419433057308197,0.0168480034917593,-0.28580281138420105,-0.23338152468204498
CWE-287,CWE-787,2393.0,-0.016419433057308197,0.0168480034917593,-0.0072766561061143875,0.03308534994721413
CWE-287,CWE-311,203.0,-0.016419433057308197,0.0168480034917593,-0.04797033965587616,0.03313539922237396
CWE-287,CWE-863,1045.0,-0.016419433057308197,0.0168480034917593,-0.019663941115140915,-0.0025097504258155823
CWE-287,CWE-299,3.0,-0.016419433057308197,0.0168480034917593,-0.052812229841947556,0.24043990671634674
CWE-287,CWE-694,1.0,-0.016419433057308197,0.0168480034917593,0.18616950511932373,0.41727641224861145
CWE-288,CWE-1244,2.0,0.05132758989930153,-0.05981195345520973,0.3336293399333954,0.07373922318220139
CWE-288,CWE-316,2.0,0.05132758989930153,-0.05981195345520973,0.32599693536758423,-0.062016811221838
CWE-288,CWE-342,2.0,0.05132758989930153,-0.05981195345520973,-0.27367329597473145,-0.13910949230194092
CWE-288,CWE-612,1.0,0.05132758989930153,-0.05981195345520973,0.3520153760910034,0.270475834608078
CWE-288,CWE-676,2.0,0.05132758989930153,-0.05981195345520973,-0.29108622670173645,0.16250425577163696
CWE-288,CWE-1314,1.0,0.05132758989930153,-0.05981195345520973,0.3111932575702667,-0.3953949213027954
CWE-288,CWE-306,90.0,0.05132758989930153,-0.05981195345520973,-0.002510576043277979,0.006665211636573076
CWE-289,CWE-367,4.0,-0.08554495126008987,0.24603551626205444,-0.0025731376372277737,0.038914646953344345
CWE-289,CWE-770,5.0,-0.08554495126008987,0.24603551626205444,-0.01595434546470642,0.0078063239343464375
CWE-289,CWE-863,4.0,-0.08554495126008987,0.24603551626205444,-0.019663941115140915,-0.0025097504258155823
CWE-289,CWE-918,3.0,-0.08554495126008987,0.24603551626205444,-0.009878953918814659,-0.07857222110033035
CWE-289,CWE-400,4.0,-0.08554495126008987,0.24603551626205444,-0.023355096578598022,0.02558581531047821
CWE-290,CWE-862,140.0,-0.042258571833372116,0.02614513970911503,-0.00795373972505331,-0.026479557156562805
CWE-290,CWE-1068,1.0,-0.042258571833372116,0.02614513970911503,0.44920122623443604,0.05828113853931427
CWE-290,CWE-1295,2.0,-0.042258571833372116,0.02614513970911503,-0.25910264253616333,0.25780874490737915
CWE-290,CWE-351,5.0,-0.042258571833372116,0.02614513970911503,-0.22596921026706696,-0.047580786049366
CWE-290,CWE-491,1.0,-0.042258571833372116,0.02614513970911503,-0.4007068872451782,-0.20080044865608215
CWE-290,CWE-472,6.0,-0.042258571833372116,0.02614513970911503,-0.06296633929014206,-0.19969268143177032
CWE-290,CWE-416,136.0,-0.042258571833372116,0.02614513970911503,-0.0034559874329715967,0.05317194014787674
CWE-290,CWE-322,2.0,-0.042258571833372116,0.02614513970911503,-0.3592039942741394,-0.07380072772502899
CWE-290,CWE-1263,5.0,-0.042258571833372116,0.02614513970911503,0.19645293056964874,0.16237905621528625
CWE-290,CWE-1270,5.0,-0.042258571833372116,0.02614513970911503,0.2185649424791336,0.09555350244045258
CWE-290,CWE-675,1.0,-0.042258571833372116,0.02614513970911503,-0.32740041613578796,0.41372883319854736
CWE-290,CWE-787,173.0,-0.042258571833372116,0.02614513970911503,-0.0072766561061143875,0.03308534994721413
CWE-290,CWE-1254,4.0,-0.042258571833372116,0.02614513970911503,0.1324809193611145,0.2162710428237915
CWE-290,CWE-424,2.0,-0.042258571833372116,0.02614513970911503,-0.11434170603752136,0.41338902711868286
CWE-290,CWE-1025,3.0,-0.042258571833372116,0.02614513970911503,0.3113802969455719,-0.07030860334634781
CWE-291,CWE-798,3.0,-0.2635718584060669,-0.07523056119680405,-0.025941848754882812,-0.01919712871313095
CWE-291,CWE-770,4.0,-0.2635718584060669,-0.07523056119680405,-0.01595434546470642,0.0078063239343464375
CWE-291,CWE-327,4.0,-0.2635718584060669,-0.07523056119680405,-0.044679123908281326,0.0005457004299387336
CWE-291,CWE-295,4.0,-0.2635718584060669,-0.07523056119680405,-0.03137262165546417,-0.007503588683903217
CWE-292,CWE-416,2.0,-0.29885774850845337,0.2398122400045395,-0.0034559874329715967,0.05317194014787674
CWE-292,CWE-436,2.0,-0.29885774850845337,0.2398122400045395,-0.102676160633564,-0.02015201933681965
CWE-292,CWE-362,2.0,-0.29885774850845337,0.2398122400045395,-0.016717402264475822,0.03487185761332512
CWE-294,CWE-345,172.0,-0.06017633154988289,0.007265884894877672,0.014353880658745766,0.022683454677462578
CWE-294,CWE-592,1.0,-0.06017633154988289,0.007265884894877672,-0.4233454465866089,-0.2592567205429077
CWE-294,CWE-306,129.0,-0.06017633154988289,0.007265884894877672,-0.002510576043277979,0.006665211636573076
CWE-295,CWE-308,2.0,-0.03137262165546417,-0.007503588683903217,-0.21171125769615173,-0.25639060139656067
CWE-295,CWE-297,18.0,-0.03137262165546417,-0.007503588683903217,-0.16886036098003387,-0.032225724309682846
CWE-295,CWE-1321,55.0,-0.03137262165546417,-0.007503588683903217,-0.03548780456185341,-0.07225766032934189
CWE-295,CWE-540,4.0,-0.03137262165546417,-0.007503588683903217,-0.027443740516901016,-0.27254718542099
CWE-295,CWE-561,2.0,-0.03137262165546417,-0.007503588683903217,-0.04074735939502716,0.2768230736255646
CWE-295,CWE-321,371.0,-0.03137262165546417,-0.007503588683903217,-0.057480260729789734,-0.016543669626116753
CWE-295,CWE-759,112.0,-0.03137262165546417,-0.007503588683903217,-0.09065411984920502,-0.01097128540277481
CWE-295,CWE-787,733.0,-0.03137262165546417,-0.007503588683903217,-0.0072766561061143875,0.03308534994721413
CWE-295,CWE-299,3.0,-0.03137262165546417,-0.007503588683903217,-0.052812229841947556,0.24043990671634674
CWE-295,CWE-676,2.0,-0.03137262165546417,-0.007503588683903217,-0.29108622670173645,0.16250425577163696
CWE-295,CWE-1394,2.0,-0.03137262165546417,-0.007503588683903217,0.294491171836853,-0.22966356575489044
CWE-295,CWE-362,425.0,-0.03137262165546417,-0.007503588683903217,-0.016717402264475822,0.03487185761332512
CWE-295,CWE-942,17.0,-0.03137262165546417,-0.007503588683903217,0.1108621135354042,-0.02375006303191185
CWE-295,CWE-650,2.0,-0.03137262165546417,-0.007503588683903217,-0.4045006334781647,-0.13544780015945435
CWE-295,CWE-514,1.0,-0.03137262165546417,-0.007503588683903217,-0.47955939173698425,0.0759252980351448
CWE-295,CWE-331,137.0,-0.03137262165546417,-0.007503588683903217,-0.07919123768806458,-0.014094206504523754
CWE-295,CWE-1088,2.0,-0.03137262165546417,-0.007503588683903217,0.2973439693450928,-0.16593854129314423
CWE-296,CWE-476,2.0,0.3673221468925476,0.28728440403938293,-0.005598189774900675,0.05277804657816887
CWE-296,CWE-835,1.0,0.3673221468925476,0.28728440403938293,0.002445928053930402,0.05998510867357254
CWE-296,CWE-862,1.0,0.3673221468925476,0.28728440403938293,-0.00795373972505331,-0.026479557156562805
CWE-297,CWE-416,10.0,-0.16886036098003387,-0.032225724309682846,-0.0034559874329715967,0.05317194014787674
CWE-297,CWE-782,1.0,-0.16886036098003387,-0.032225724309682846,-0.487714022397995,-0.2128627449274063
CWE-298,CWE-613,5.0,-0.21737435460090637,-0.16255591809749603,-0.05584489554166794,-0.0355217382311821
CWE-298,CWE-532,5.0,-0.21737435460090637,-0.16255591809749603,-0.021585989743471146,-0.029124239459633827
CWE-298,CWE-693,5.0,-0.21737435460090637,-0.16255591809749603,-0.0892585813999176,0.007505075074732304
CWE-298,CWE-352,5.0,-0.21737435460090637,-0.16255591809749603,-0.012869291007518768,-0.046273693442344666
CWE-300,CWE-532,8.0,0.10735096037387848,-0.16745078563690186,-0.021585989743471146,-0.029124239459633827
CWE-302,CWE-444,6.0,0.161333367228508,-0.14585091173648834,0.02473337948322296,-0.040868159383535385
CWE-302,CWE-416,6.0,0.161333367228508,-0.14585091173648834,-0.0034559874329715967,0.05317194014787674
CWE-302,CWE-502,5.0,0.161333367228508,-0.14585091173648834,0.0011437543435022235,-0.06108305975794792
CWE-303,CWE-787,15.0,0.09158975630998611,-0.08733026683330536,-0.0072766561061143875,0.03308534994721413
CWE-303,CWE-863,14.0,0.09158975630998611,-0.08733026683330536,-0.019663941115140915,-0.0025097504258155823
CWE-303,CWE-770,16.0,0.09158975630998611,-0.08733026683330536,-0.01595434546470642,0.0078063239343464375
CWE-304,CWE-787,4.0,-0.1940728724002838,0.1594281941652298,-0.0072766561061143875,0.03308534994721413
CWE-304,CWE-863,5.0,-0.1940728724002838,0.1594281941652298,-0.019663941115140915,-0.0025097504258155823
CWE-304,CWE-862,4.0,-0.1940728724002838,0.1594281941652298,-0.00795373972505331,-0.026479557156562805
CWE-304,CWE-770,4.0,-0.1940728724002838,0.1594281941652298,-0.01595434546470642,0.0078063239343464375
CWE-305,CWE-770,12.0,0.09766057878732681,-0.04899558424949646,-0.01595434546470642,0.0078063239343464375
CWE-305,CWE-1100,1.0,0.09766057878732681,-0.04899558424949646,0.4723316729068756,-0.26719996333122253
CWE-305,CWE-787,24.0,0.09766057878732681,-0.04899558424949646,-0.0072766561061143875,0.03308534994721413
CWE-306,CWE-325,191.0,-0.002510576043277979,0.006665211636573076,0.030542289838194847,0.06382539123296738
CWE-306,CWE-1327,2.0,-0.002510576043277979,0.006665211636573076,-0.3144913911819458,0.14801695942878723
CWE-306,CWE-599,3.0,-0.002510576043277979,0.006665211636573076,0.32082170248031616,0.018811963498592377
CWE-306,CWE-821,3.0,-0.002510576043277979,0.006665211636573076,0.2166917622089386,0.18820887804031372
CWE-306,CWE-1289,4.0,-0.002510576043277979,0.006665211636573076,-0.27724483609199524,-0.03235951066017151
CWE-306,CWE-602,8.0,-0.002510576043277979,0.006665211636573076,0.019583141431212425,-0.18966950476169586
CWE-306,CWE-615,2.0,-0.002510576043277979,0.006665211636573076,-0.05823063477873802,-0.36850687861442566
CWE-306,CWE-1328,9.0,-0.002510576043277979,0.006665211636573076,0.14673636853694916,0.14037954807281494
CWE-306,CWE-1314,1.0,-0.002510576043277979,0.006665211636573076,0.3111932575702667,-0.3953949213027954
CWE-306,CWE-1295,2.0,-0.002510576043277979,0.006665211636573076,-0.25910264253616333,0.25780874490737915
CWE-306,CWE-1259,2.0,-0.002510576043277979,0.006665211636573076,-0.21715527772903442,0.2640018165111542
CWE-306,CWE-1191,6.0,-0.002510576043277979,0.006665211636573076,-0.205159991979599,0.11835432797670364
CWE-306,CWE-636,4.0,-0.002510576043277979,0.006665211636573076,-0.20675361156463623,-0.09791460633277893
CWE-306,CWE-825,21.0,-0.002510576043277979,0.006665211636573076,0.07026994973421097,0.10676950216293335
CWE-306,CWE-1230,10.0,-0.002510576043277979,0.006665211636573076,-0.18028749525547028,0.014983301982283592
CWE-306,CWE-1104,5.0,-0.002510576043277979,0.006665211636573076,-0.18584008514881134,-0.1726248562335968
CWE-306,CWE-841,14.0,-0.002510576043277979,0.006665211636573076,0.14038075506687164,0.017701933160424232
CWE-306,CWE-1263,5.0,-0.002510576043277979,0.006665211636573076,0.19645293056964874,0.16237905621528625
CWE-306,CWE-372,2.0,-0.002510576043277979,0.006665211636573076,0.24836543202400208,0.2505507171154022
CWE-306,CWE-1270,6.0,-0.002510576043277979,0.006665211636573076,0.2185649424791336,0.09555350244045258
CWE-306,CWE-1233,2.0,-0.002510576043277979,0.006665211636573076,-0.40785491466522217,-0.06891102343797684
CWE-306,CWE-449,1.0,-0.002510576043277979,0.006665211636573076,0.13523298501968384,0.40080273151397705
CWE-306,CWE-1286,252.0,-0.002510576043277979,0.006665211636573076,0.038107771426439285,0.05974872037768364
CWE-306,CWE-787,1020.0,-0.002510576043277979,0.006665211636573076,-0.0072766561061143875,0.03308534994721413
CWE-306,CWE-612,1.0,-0.002510576043277979,0.006665211636573076,0.3520153760910034,0.270475834608078
CWE-306,CWE-359,169.0,-0.002510576043277979,0.006665211636573076,0.02118566259741783,0.07375965267419815
CWE-306,CWE-1274,5.0,-0.002510576043277979,0.006665211636573076,0.26263490319252014,0.07113972306251526
CWE-306,CWE-348,5.0,-0.002510576043277979,0.006665211636573076,-0.21289414167404175,-0.06696287542581558
CWE-307,CWE-319,202.0,0.016150234267115593,-0.05735562741756439,0.0009186678798869252,-0.008280155248939991
CWE-307,CWE-317,1.0,0.016150234267115593,-0.05735562741756439,0.044389043003320694,-0.43934619426727295
CWE-307,CWE-1018,1.0,0.016150234267115593,-0.05735562741756439,0.4103979468345642,0.1995084285736084
CWE-307,CWE-799,8.0,0.016150234267115593,-0.05735562741756439,-0.12036526948213577,-0.20732536911964417
CWE-307,CWE-309,1.0,0.016150234267115593,-0.05735562741756439,0.5306610465049744,0.23290684819221497
CWE-307,CWE-326,203.0,0.016150234267115593,-0.05735562741756439,0.020296545699238777,-0.03038967214524746
CWE-307,CWE-598,9.0,0.016150234267115593,-0.05735562741756439,-0.16377469897270203,0.02700972743332386
CWE-307,CWE-335,41.0,0.016150234267115593,-0.05735562741756439,0.11409967392683029,-0.05265039578080177
CWE-307,CWE-384,157.0,0.016150234267115593,-0.05735562741756439,0.01597214862704277,-0.04454819858074188
CWE-307,CWE-918,192.0,0.016150234267115593,-0.05735562741756439,-0.009878953918814659,-0.07857222110033035
CWE-308,CWE-639,2.0,-0.21171125769615173,-0.25639060139656067,-0.010897975414991379,-0.08910393714904785
CWE-308,CWE-434,2.0,-0.21171125769615173,-0.25639060139656067,-0.03029021993279457,-0.06154598295688629
CWE-310,CWE-787,373.0,0.005747541785240173,0.009521388448774815,-0.0072766561061143875,0.03308534994721413
CWE-311,CWE-334,1.0,-0.04797033965587616,0.03313539922237396,0.48714882135391235,0.09219750016927719
CWE-311,CWE-371,1.0,-0.04797033965587616,0.03313539922237396,0.27909529209136963,-0.3371012508869171
CWE-311,CWE-787,136.0,-0.04797033965587616,0.03313539922237396,-0.0072766561061143875,0.03308534994721413
CWE-312,CWE-1270,5.0,0.016702711582183838,-0.0116664357483387,0.2185649424791336,0.09555350244045258
CWE-312,CWE-1108,1.0,0.016702711582183838,-0.0116664357483387,-0.4658777415752411,-0.0530405156314373
CWE-312,CWE-787,237.0,0.016702711582183838,-0.0116664357483387,-0.0072766561061143875,0.03308534994721413
CWE-312,CWE-1274,5.0,0.016702711582183838,-0.0116664357483387,0.26263490319252014,0.07113972306251526
CWE-312,CWE-1327,2.0,0.016702711582183838,-0.0116664357483387,-0.3144913911819458,0.14801695942878723
CWE-312,CWE-316,2.0,0.016702711582183838,-0.0116664357483387,0.32599693536758423,-0.062016811221838
CWE-312,CWE-882,1.0,0.016702711582183838,-0.0116664357483387,0.2210083156824112,-0.4509226977825165
CWE-312,CWE-1191,5.0,0.016702711582183838,-0.0116664357483387,-0.205159991979599,0.11835432797670364
CWE-312,CWE-341,3.0,0.016702711582183838,-0.0116664357483387,-0.26304563879966736,0.13425573706626892
CWE-313,CWE-674,2.0,-0.07691776752471924,0.4307765066623688,-0.011516761034727097,0.10007078945636749
CWE-313,CWE-862,2.0,-0.07691776752471924,0.4307765066623688,-0.00795373972505331,-0.026479557156562805
CWE-313,CWE-1287,1.0,-0.07691776752471924,0.4307765066623688,0.07041751593351364,0.07457787543535233
CWE-313,CWE-697,2.0,-0.07691776752471924,0.4307765066623688,-0.032389119267463684,0.06760942190885544
CWE-315,CWE-1004,1.0,0.4107182025909424,-0.10714559257030487,0.22773496806621552,-0.02173108607530594
CWE-315,CWE-798,1.0,0.4107182025909424,-0.10714559257030487,-0.025941848754882812,-0.01919712871313095
CWE-315,CWE-444,1.0,0.4107182025909424,-0.10714559257030487,0.02473337948322296,-0.040868159383535385
CWE-316,CWE-550,1.0,0.32599693536758423,-0.062016811221838,0.4387435019016266,0.08993006497621536
CWE-316,CWE-613,2.0,0.32599693536758423,-0.062016811221838,-0.05584489554166794,-0.0355217382311821
CWE-316,CWE-319,3.0,0.32599693536758423,-0.062016811221838,0.0009186678798869252,-0.008280155248939991
CWE-316,CWE-1390,2.0,0.32599693536758423,-0.062016811221838,0.013699682429432869,0.07177522033452988
CWE-317,CWE-620,1.0,0.044389043003320694,-0.43934619426727295,0.05001126602292061,-0.18225038051605225
CWE-317,CWE-863,2.0,0.044389043003320694,-0.43934619426727295,-0.019663941115140915,-0.0025097504258155823
CWE-319,CWE-1108,1.0,0.0009186678798869252,-0.008280155248939991,-0.4658777415752411,-0.0530405156314373
CWE-319,CWE-665,388.0,0.0009186678798869252,-0.008280155248939991,-0.017241965979337692,0.027158373966813087
CWE-319,CWE-787,614.0,0.0009186678798869252,-0.008280155248939991,-0.0072766561061143875,0.03308534994721413
CWE-319,CWE-326,208.0,0.0009186678798869252,-0.008280155248939991,0.020296545699238777,-0.03038967214524746
CWE-319,CWE-1392,22.0,0.0009186678798869252,-0.008280155248939991,0.002318493090569973,-0.14375664293766022
CWE-319,CWE-384,211.0,0.0009186678798869252,-0.008280155248939991,0.01597214862704277,-0.04454819858074188
CWE-319,CWE-760,3.0,0.0009186678798869252,-0.008280155248939991,0.33301395177841187,-0.09441731870174408
CWE-319,CWE-920,4.0,0.0009186678798869252,-0.008280155248939991,-0.18878115713596344,0.12580086290836334
CWE-319,CWE-618,1.0,0.0009186678798869252,-0.008280155248939991,0.5446843504905701,-0.23374061286449432
CWE-319,CWE-522,365.0,0.0009186678798869252,-0.008280155248939991,0.025469886139035225,-0.017775731161236763
CWE-319,CWE-540,4.0,0.0009186678798869252,-0.008280155248939991,-0.027443740516901016,-0.27254718542099
CWE-321,CWE-1108,1.0,-0.057480260729789734,-0.016543669626116753,-0.4658777415752411,-0.0530405156314373
CWE-321,CWE-425,71.0,-0.057480260729789734,-0.016543669626116753,-0.09692339599132538,0.0046228826977312565
CWE-321,CWE-599,2.0,-0.057480260729789734,-0.016543669626116753,0.32082170248031616,0.018811963498592377
CWE-321,CWE-331,114.0,-0.057480260729789734,-0.016543669626116753,-0.07919123768806458,-0.014094206504523754
CWE-321,CWE-491,1.0,-0.057480260729789734,-0.016543669626116753,-0.4007068872451782,-0.20080044865608215
CWE-321,CWE-567,72.0,-0.057480260729789734,-0.016543669626116753,-0.12052518129348755,0.03808566555380821
CWE-321,CWE-798,159.0,-0.057480260729789734,-0.016543669626116753,-0.025941848754882812,-0.01919712871313095
CWE-321,CWE-448,2.0,-0.057480260729789734,-0.016543669626116753,0.3585735857486725,0.13941185176372528
CWE-321,CWE-759,112.0,-0.057480260729789734,-0.016543669626116753,-0.09065411984920502,-0.01097128540277481
CWE-322,CWE-610,2.0,-0.3592039942741394,-0.07380072772502899,-0.08035542815923691,0.01670839451253414
CWE-323,CWE-416,131.0,0.008806588128209114,0.10087049752473831,-0.0034559874329715967,0.05317194014787674
CWE-323,CWE-476,116.0,0.008806588128209114,0.10087049752473831,-0.005598189774900675,0.05277804657816887
CWE-323,CWE-787,130.0,0.008806588128209114,0.10087049752473831,-0.0072766561061143875,0.03308534994721413
CWE-324,CWE-362,15.0,-0.1270104944705963,0.12085362523794174,-0.016717402264475822,0.03487185761332512
CWE-324,CWE-770,15.0,-0.1270104944705963,0.12085362523794174,-0.01595434546470642,0.0078063239343464375
CWE-324,CWE-787,14.0,-0.1270104944705963,0.12085362523794174,-0.0072766561061143875,0.03308534994721413
CWE-325,CWE-1294,127.0,0.030542289838194847,0.06382539123296738,0.028131654486060143,0.0967378318309784
CWE-325,CWE-416,197.0,0.030542289838194847,0.06382539123296738,-0.0034559874329715967,0.05317194014787674
CWE-325,CWE-527,1.0,0.030542289838194847,0.06382539123296738,0.46750524640083313,-0.2327331006526947
CWE-325,CWE-787,201.0,0.030542289838194847,0.06382539123296738,-0.0072766561061143875,0.03308534994721413
CWE-326,CWE-1242,2.0,0.020296545699238777,-0.03038967214524746,0.021055569872260094,-0.33694005012512207
CWE-326,CWE-1007,1.0,0.020296545699238777,-0.03038967214524746,0.4067137837409973,0.2969486117362976
CWE-326,CWE-334,1.0,0.020296545699238777,-0.03038967214524746,0.48714882135391235,0.09219750016927719
CWE-326,CWE-1108,1.0,0.020296545699238777,-0.03038967214524746,-0.4658777415752411,-0.0530405156314373
CWE-326,CWE-384,161.0,0.020296545699238777,-0.03038967214524746,0.01597214862704277,-0.04454819858074188
CWE-326,CWE-1394,3.0,0.020296545699238777,-0.03038967214524746,0.294491171836853,-0.22966356575489044
CWE-327,CWE-520,1.0,-0.044679123908281326,0.0005457004299387336,-0.4607248902320862,0.07278422266244888
CWE-327,CWE-521,137.0,-0.044679123908281326,0.0005457004299387336,-0.05613483861088753,-0.05062936991453171
CWE-327,CWE-354,80.0,-0.044679123908281326,0.0005457004299387336,-0.07442063093185425,0.0005920042167417705
CWE-327,CWE-539,4.0,-0.044679123908281326,0.0005457004299387336,-0.2613501250743866,-0.05548138543963432
CWE-327,CWE-431,1.0,-0.044679123908281326,0.0005457004299387336,-0.49500301480293274,-0.07873689383268356
CWE-327,CWE-547,3.0,-0.044679123908281326,0.0005457004299387336,0.053789444267749786,0.2934279143810272
CWE-327,CWE-787,321.0,-0.044679123908281326,0.0005457004299387336,-0.0072766561061143875,0.03308534994721413
CWE-327,CWE-549,1.0,-0.044679123908281326,0.0005457004299387336,-0.8223320841789246,0.3305813670158386
CWE-328,CWE-567,71.0,-0.10969860106706619,0.045693736523389816,-0.12052518129348755,0.03808566555380821
CWE-328,CWE-645,1.0,-0.10969860106706619,0.045693736523389816,-0.06642980873584747,0.39702558517456055
CWE-328,CWE-400,76.0,-0.10969860106706619,0.045693736523389816,-0.023355096578598022,0.02558581531047821
CWE-328,CWE-425,71.0,-0.10969860106706619,0.045693736523389816,-0.09692339599132538,0.0046228826977312565
CWE-329,CWE-476,3.0,-0.07455196231603622,-0.25611960887908936,-0.005598189774900675,0.05277804657816887
CWE-329,CWE-787,3.0,-0.07455196231603622,-0.25611960887908936,-0.0072766561061143875,0.03308534994721413
CWE-330,CWE-489,60.0,0.026620404794812202,0.03537904471158981,0.06693663448095322,0.014912130311131477
CWE-330,CWE-523,4.0,0.026620404794812202,0.03537904471158981,-0.2077292799949646,0.17860698699951172
CWE-330,CWE-912,60.0,0.026620404794812202,0.03537904471158981,0.0803598165512085,0.01648866757750511
CWE-330,CWE-787,271.0,0.026620404794812202,0.03537904471158981,-0.0072766561061143875,0.03308534994721413
CWE-330,CWE-760,2.0,0.026620404794812202,0.03537904471158981,0.33301395177841187,-0.09441731870174408
CWE-331,CWE-798,130.0,-0.07919123768806458,-0.014094206504523754,-0.025941848754882812,-0.01919712871313095
CWE-331,CWE-759,112.0,-0.07919123768806458,-0.014094206504523754,-0.09065411984920502,-0.01097128540277481
CWE-331,CWE-362,134.0,-0.07919123768806458,-0.014094206504523754,-0.016717402264475822,0.03487185761332512
CWE-332,CWE-770,1.0,0.025836188346147537,0.45086920261383057,-0.01595434546470642,0.0078063239343464375
CWE-334,CWE-760,1.0,0.48714882135391235,0.09219750016927719,0.33301395177841187,-0.09441731870174408
CWE-335,CWE-522,38.0,0.11409967392683029,-0.05265039578080177,0.025469886139035225,-0.017775731161236763
CWE-335,CWE-345,42.0,0.11409967392683029,-0.05265039578080177,0.014353880658745766,0.022683454677462578
CWE-337,CWE-400,1.0,-0.1698014736175537,-0.44898921251296997,-0.023355096578598022,0.02558581531047821
CWE-337,CWE-367,1.0,-0.1698014736175537,-0.44898921251296997,-0.0025731376372277737,0.038914646953344345
CWE-337,CWE-770,1.0,-0.1698014736175537,-0.44898921251296997,-0.01595434546470642,0.0078063239343464375
CWE-337,CWE-624,1.0,-0.1698014736175537,-0.44898921251296997,-0.33712252974510193,-0.6514313817024231
CWE-338,CWE-732,37.0,-0.09081433713436127,0.04265573248267174,0.008362405002117157,-0.014200760051608086
CWE-338,CWE-571,1.0,-0.09081433713436127,0.04265573248267174,-0.41309335827827454,-0.3063010573387146
CWE-340,CWE-416,22.0,-0.05983743071556091,-0.10335984081029892,-0.0034559874329715967,0.05317194014787674
CWE-340,CWE-770,22.0,-0.05983743071556091,-0.10335984081029892,-0.01595434546470642,0.0078063239343464375
CWE-341,CWE-863,3.0,-0.26304563879966736,0.13425573706626892,-0.019663941115140915,-0.0025097504258155823
CWE-341,CWE-1191,3.0,-0.26304563879966736,0.13425573706626892,-0.205159991979599,0.11835432797670364
CWE-341,CWE-770,3.0,-0.26304563879966736,0.13425573706626892,-0.01595434546470642,0.0078063239343464375
CWE-342,CWE-400,3.0,-0.27367329597473145,-0.13910949230194092,-0.023355096578598022,0.02558581531047821
CWE-343,CWE-362,1.0,-0.5013977289199829,-0.18895673751831055,-0.016717402264475822,0.03487185761332512
CWE-343,CWE-863,1.0,-0.5013977289199829,-0.18895673751831055,-0.019663941115140915,-0.0025097504258155823
CWE-343,CWE-708,1.0,-0.5013977289199829,-0.18895673751831055,-0.255231648683548,-0.2447633594274521
CWE-345,CWE-367,318.0,0.014353880658745766,0.022683454677462578,-0.0025731376372277737,0.038914646953344345
CWE-345,CWE-1263,5.0,0.014353880658745766,0.022683454677462578,0.19645293056964874,0.16237905621528625
CWE-345,CWE-406,3.0,0.014353880658745766,0.022683454677462578,0.02920280396938324,0.29916858673095703
CWE-345,CWE-787,550.0,0.014353880658745766,0.022683454677462578,-0.0072766561061143875,0.03308534994721413
CWE-345,CWE-940,3.0,0.014353880658745766,0.022683454677462578,0.2575811743736267,-0.0781717598438263
CWE-345,CWE-1278,1.0,0.014353880658745766,0.022683454677462578,0.5202538371086121,-0.4468158185482025
CWE-346,CWE-1260,3.0,0.022923890501260757,0.019159652292728424,-0.04551472142338753,0.13887731730937958
CWE-346,CWE-1328,9.0,0.022923890501260757,0.019159652292728424,0.14673636853694916,0.14037954807281494
CWE-346,CWE-1038,1.0,0.022923890501260757,0.019159652292728424,0.4714348018169403,0.03852362185716629
CWE-346,CWE-1280,1.0,0.022923890501260757,0.019159652292728424,-0.5363041758537292,0.046155065298080444
CWE-346,CWE-472,6.0,0.022923890501260757,0.019159652292728424,-0.06296633929014206,-0.19969268143177032
CWE-346,CWE-703,27.0,0.022923890501260757,0.019159652292728424,0.07101047039031982,0.13310934603214264
CWE-346,CWE-416,196.0,0.022923890501260757,0.019159652292728424,-0.0034559874329715967,0.05317194014787674
CWE-346,CWE-474,1.0,0.022923890501260757,0.019159652292728424,-0.12969474494457245,0.3692605793476105
CWE-346,CWE-787,200.0,0.022923890501260757,0.019159652292728424,-0.0072766561061143875,0.03308534994721413
CWE-346,CWE-1254,4.0,0.022923890501260757,0.019159652292728424,0.1324809193611145,0.2162710428237915
CWE-346,CWE-777,1.0,0.022923890501260757,0.019159652292728424,0.2429700493812561,-0.39930349588394165
CWE-346,CWE-386,2.0,0.022923890501260757,0.019159652292728424,0.2913692593574524,0.2270759493112564
CWE-346,CWE-350,3.0,0.022923890501260757,0.019159652292728424,-0.2075524926185608,-0.1388523429632187
CWE-347,CWE-603,3.0,0.019651714712381363,0.03766050189733505,0.1921589970588684,0.189273402094841
CWE-347,CWE-573,2.0,0.019651714712381363,0.03766050189733505,-0.10876543819904327,-0.30312296748161316
CWE-347,CWE-416,337.0,0.019651714712381363,0.03766050189733505,-0.0034559874329715967,0.05317194014787674
CWE-347,CWE-356,6.0,0.019651714712381363,0.03766050189733505,0.03593131899833679,0.20774714648723602
CWE-347,CWE-474,2.0,0.019651714712381363,0.03766050189733505,-0.12969474494457245,0.3692605793476105
CWE-347,CWE-1039,8.0,0.019651714712381363,0.03766050189733505,0.0023044494446367025,0.21334519982337952
CWE-347,CWE-841,14.0,0.019651714712381363,0.03766050189733505,0.14038075506687164,0.017701933160424232
CWE-347,CWE-657,6.0,0.019651714712381363,0.03766050189733505,-0.09901676326990128,0.23936031758785248
CWE-347,CWE-1023,17.0,0.019651714712381363,0.03766050189733505,0.11612369120121002,-0.06985495239496231
CWE-347,CWE-1326,1.0,0.019651714712381363,0.03766050189733505,-0.13095775246620178,-0.4370889663696289
CWE-347,CWE-787,400.0,0.019651714712381363,0.03766050189733505,-0.0072766561061143875,0.03308534994721413
CWE-347,CWE-1310,14.0,0.019651714712381363,0.03766050189733505,0.03251070901751518,0.1851831078529358
CWE-347,CWE-1025,3.0,0.019651714712381363,0.03766050189733505,0.3113802969455719,-0.07030860334634781
CWE-347,CWE-626,1.0,0.019651714712381363,0.03766050189733505,0.4066450297832489,-0.24929814040660858
CWE-347,CWE-550,2.0,0.019651714712381363,0.03766050189733505,0.4387435019016266,0.08993006497621536
CWE-347,CWE-386,2.0,0.019651714712381363,0.03766050189733505,0.2913692593574524,0.2270759493112564
CWE-347,CWE-836,2.0,0.019651714712381363,0.03766050189733505,-0.36390581727027893,0.04727599397301674
CWE-347,CWE-514,1.0,0.019651714712381363,0.03766050189733505,-0.47955939173698425,0.0759252980351448
CWE-347,CWE-1076,1.0,0.019651714712381363,0.03766050189733505,0.18384432792663574,-0.4239570200443268
CWE-348,CWE-1280,1.0,-0.21289414167404175,-0.06696287542581558,-0.5363041758537292,0.046155065298080444
CWE-348,CWE-770,6.0,-0.21289414167404175,-0.06696287542581558,-0.01595434546470642,0.0078063239343464375
CWE-349,CWE-787,34.0,-0.06190428510308266,0.09483230859041214,-0.0072766561061143875,0.03308534994721413
CWE-349,CWE-416,34.0,-0.06190428510308266,0.09483230859041214,-0.0034559874329715967,0.05317194014787674
CWE-349,CWE-770,42.0,-0.06190428510308266,0.09483230859041214,-0.01595434546470642,0.0078063239343464375
CWE-350,CWE-434,4.0,-0.2075524926185608,-0.1388523429632187,-0.03029021993279457,-0.06154598295688629
CWE-350,CWE-1280,1.0,-0.2075524926185608,-0.1388523429632187,-0.5363041758537292,0.046155065298080444
CWE-351,CWE-770,5.0,-0.22596921026706696,-0.047580786049366,-0.01595434546470642,0.0078063239343464375
CWE-352,CWE-597,1.0,-0.012869291007518768,-0.046273693442344666,0.821723461151123,-0.16813763976097107
CWE-352,CWE-1103,1.0,-0.012869291007518768,-0.046273693442344666,0.05645700544118881,-0.5507605671882629
CWE-352,CWE-707,5.0,-0.012869291007518768,-0.046273693442344666,-0.022739246487617493,-0.21694982051849365
CWE-352,CWE-1108,1.0,-0.012869291007518768,-0.046273693442344666,-0.4658777415752411,-0.0530405156314373
CWE-352,CWE-434,412.0,-0.012869291007518768,-0.046273693442344666,-0.03029021993279457,-0.06154598295688629
CWE-352,CWE-644,5.0,-0.012869291007518768,-0.046273693442344666,-0.19731102883815765,-0.040414512157440186
CWE-352,CWE-1254,4.0,-0.012869291007518768,-0.046273693442344666,0.1324809193611145,0.2162710428237915
CWE-352,CWE-1236,32.0,-0.012869291007518768,-0.046273693442344666,-0.03424099460244179,-0.11333737522363663
CWE-352,CWE-941,2.0,-0.012869291007518768,-0.046273693442344666,0.3735717833042145,-0.2473551481962204
CWE-352,CWE-548,13.0,-0.012869291007518768,-0.046273693442344666,-0.059847477823495865,-0.17080868780612946
CWE-352,CWE-862,502.0,-0.012869291007518768,-0.046273693442344666,-0.00795373972505331,-0.026479557156562805
CWE-352,CWE-648,24.0,-0.012869291007518768,-0.046273693442344666,0.09911176562309265,-0.0657675489783287
CWE-352,CWE-918,285.0,-0.012869291007518768,-0.046273693442344666,-0.009878953918814659,-0.07857222110033035
CWE-352,CWE-614,6.0,-0.012869291007518768,-0.046273693442344666,-0.16642720997333527,-0.14508338272571564
CWE-352,CWE-1289,3.0,-0.012869291007518768,-0.046273693442344666,-0.27724483609199524,-0.03235951066017151
CWE-352,CWE-790,1.0,-0.012869291007518768,-0.046273693442344666,-0.6421194076538086,0.21357788145542145
CWE-352,CWE-552,90.0,-0.012869291007518768,-0.046273693442344666,0.01144830696284771,-0.07407399266958237
CWE-352,CWE-1004,3.0,-0.012869291007518768,-0.046273693442344666,0.22773496806621552,-0.02173108607530594
CWE-352,CWE-639,140.0,-0.012869291007518768,-0.046273693442344666,-0.010897975414991379,-0.08910393714904785
CWE-352,CWE-601,284.0,-0.012869291007518768,-0.046273693442344666,-0.0036730500869452953,-0.049856338649988174
CWE-352,CWE-1314,1.0,-0.012869291007518768,-0.046273693442344666,0.3111932575702667,-0.3953949213027954
CWE-352,CWE-1295,2.0,-0.012869291007518768,-0.046273693442344666,-0.25910264253616333,0.25780874490737915
CWE-352,CWE-521,105.0,-0.012869291007518768,-0.046273693442344666,-0.05613483861088753,-0.05062936991453171
CWE-352,CWE-943,64.0,-0.012869291007518768,-0.046273693442344666,-0.047098997980356216,-0.09538479894399643
CWE-352,CWE-1385,3.0,-0.012869291007518768,-0.046273693442344666,0.06228112056851387,-0.2677745819091797
CWE-352,CWE-417,7.0,-0.012869291007518768,-0.046273693442344666,0.16794194281101227,-0.05775749310851097
CWE-352,CWE-472,5.0,-0.012869291007518768,-0.046273693442344666,-0.06296633929014206,-0.19969268143177032
CWE-352,CWE-460,2.0,-0.012869291007518768,-0.046273693442344666,-0.3411210775375366,0.1099010780453682
CWE-352,CWE-640,41.0,-0.012869291007518768,-0.046273693442344666,-0.0052832504734396935,-0.11900318413972855
CWE-352,CWE-448,2.0,-0.012869291007518768,-0.046273693442344666,0.3585735857486725,0.13941185176372528
CWE-352,CWE-1022,2.0,-0.012869291007518768,-0.046273693442344666,-0.26168742775917053,-0.2975499927997589
CWE-352,CWE-1392,28.0,-0.012869291007518768,-0.046273693442344666,0.002318493090569973,-0.14375664293766022
CWE-352,CWE-494,38.0,-0.012869291007518768,-0.046273693442344666,-0.07699988037347794,-0.08488339930772781
CWE-352,CWE-525,5.0,-0.012869291007518768,-0.046273693442344666,-0.09010537713766098,-0.2263776659965515
CWE-353,CWE-476,20.0,0.0424005389213562,0.14087635278701782,-0.005598189774900675,0.05277804657816887
CWE-353,CWE-787,19.0,0.0424005389213562,0.14087635278701782,-0.0072766561061143875,0.03308534994721413
CWE-353,CWE-416,20.0,0.0424005389213562,0.14087635278701782,-0.0034559874329715967,0.05317194014787674
CWE-354,CWE-455,1.0,-0.07442063093185425,0.0005920042167417705,-0.4606376886367798,0.20737071335315704
CWE-354,CWE-787,93.0,-0.07442063093185425,0.0005920042167417705,-0.0072766561061143875,0.03308534994721413
CWE-356,CWE-787,7.0,0.03593131899833679,0.20774714648723602,-0.0072766561061143875,0.03308534994721413
CWE-357,CWE-822,19.0,0.09984534978866577,0.09475084394216537,-0.004816541913896799,0.08522438257932663
CWE-358,CWE-863,43.0,-0.07919801026582718,-0.07132881134748459,-0.019663941115140915,-0.0025097504258155823
CWE-359,CWE-416,172.0,0.02118566259741783,0.07375965267419815,-0.0034559874329715967,0.05317194014787674
CWE-359,CWE-476,170.0,0.02118566259741783,0.07375965267419815,-0.005598189774900675,0.05277804657816887
CWE-359,CWE-787,178.0,0.02118566259741783,0.07375965267419815,-0.0072766561061143875,0.03308534994721413
CWE-361,CWE-704,16.0,-0.070846788585186,0.14217247068881989,-0.023998349905014038,0.045877061784267426
CWE-362,CWE-363,1.0,-0.016717402264475822,0.03487185761332512,-0.36636191606521606,-0.30650633573532104
CWE-362,CWE-533,1.0,-0.016717402264475822,0.03487185761332512,0.41851475834846497,-0.4341495633125305
CWE-362,CWE-1385,3.0,-0.016717402264475822,0.03487185761332512,0.06228112056851387,-0.2677745819091797
CWE-362,CWE-837,7.0,-0.016717402264475822,0.03487185761332512,0.1802828460931778,0.06425723433494568
CWE-362,CWE-366,2.0,-0.016717402264475822,0.03487185761332512,-0.04148894175887108,0.43063804507255554
CWE-362,CWE-1037,2.0,-0.016717402264475822,0.03487185761332512,-0.2451554834842682,0.3302837610244751
CWE-362,CWE-1329,14.0,-0.016717402264475822,0.03487185761332512,-0.02747318521142006,0.17187418043613434
CWE-362,CWE-571,1.0,-0.016717402264475822,0.03487185761332512,-0.41309335827827454,-0.3063010573387146
CWE-362,CWE-683,1.0,-0.016717402264475822,0.03487185761332512,-0.45509785413742065,0.2465769648551941
CWE-362,CWE-909,79.0,-0.016717402264475822,0.03487185761332512,-0.03583502024412155,0.10105342417955399
CWE-362,CWE-1038,1.0,-0.016717402264475822,0.03487185761332512,0.4714348018169403,0.03852362185716629
CWE-362,CWE-672,27.0,-0.016717402264475822,0.03487185761332512,-0.13011184334754944,0.002067751483991742
CWE-362,CWE-911,3.0,-0.016717402264475822,0.03487185761332512,0.2735683023929596,0.15579849481582642
CWE-362,CWE-1268,1.0,-0.016717402264475822,0.03487185761332512,-0.12075623869895935,0.5378002524375916
CWE-362,CWE-591,17.0,-0.016717402264475822,0.03487185761332512,0.09200659394264221,0.14039558172225952
CWE-362,CWE-1285,3.0,-0.016717402264475822,0.03487185761332512,0.2548980712890625,0.006491194944828749
CWE-362,CWE-662,51.0,-0.016717402264475822,0.03487185761332512,0.012740850448608398,0.12130024284124374
CWE-362,CWE-1300,3.0,-0.016717402264475822,0.03487185761332512,-0.3074047565460205,0.11131613701581955
CWE-362,CWE-759,112.0,-0.016717402264475822,0.03487185761332512,-0.09065411984920502,-0.01097128540277481
CWE-362,CWE-1023,17.0,-0.016717402264475822,0.03487185761332512,0.11612369120121002,-0.06985495239496231
CWE-362,CWE-1068,1.0,-0.016717402264475822,0.03487185761332512,0.44920122623443604,0.05828113853931427
CWE-362,CWE-833,4.0,-0.016717402264475822,0.03487185761332512,0.0659109503030777,0.25692132115364075
CWE-362,CWE-787,2028.0,-0.016717402264475822,0.03487185761332512,-0.0072766561061143875,0.03308534994721413
CWE-362,CWE-408,2.0,-0.016717402264475822,0.03487185761332512,0.45302844047546387,0.14730535447597504
CWE-362,CWE-667,292.0,-0.016717402264475822,0.03487185761332512,-0.01672227308154106,0.08033251762390137
CWE-362,CWE-1310,14.0,-0.016717402264475822,0.03487185761332512,0.03251070901751518,0.1851831078529358
CWE-363,CWE-770,1.0,-0.36636191606521606,-0.30650633573532104,-0.01595434546470642,0.0078063239343464375
CWE-363,CWE-400,1.0,-0.36636191606521606,-0.30650633573532104,-0.023355096578598022,0.02558581531047821
CWE-364,CWE-415,4.0,-0.24126558005809784,0.08505801111459732,-0.017876332625746727,0.052614614367485046
CWE-364,CWE-770,4.0,-0.24126558005809784,0.08505801111459732,-0.01595434546470642,0.0078063239343464375
CWE-364,CWE-787,4.0,-0.24126558005809784,0.08505801111459732,-0.0072766561061143875,0.03308534994721413
CWE-366,CWE-755,1.0,-0.04148894175887108,0.43063804507255554,0.011630009859800339,0.05406934395432472
CWE-366,CWE-613,1.0,-0.04148894175887108,0.43063804507255554,-0.05584489554166794,-0.0355217382311821
CWE-366,CWE-862,1.0,-0.04148894175887108,0.43063804507255554,-0.00795373972505331,-0.026479557156562805
CWE-367,CWE-911,3.0,-0.0025731376372277737,0.038914646953344345,0.2735683023929596,0.15579849481582642
CWE-367,CWE-1280,1.0,-0.0025731376372277737,0.038914646953344345,-0.5363041758537292,0.046155065298080444
CWE-367,CWE-416,1569.0,-0.0025731376372277737,0.038914646953344345,-0.0034559874329715967,0.05317194014787674
CWE-367,CWE-1394,2.0,-0.0025731376372277737,0.038914646953344345,0.294491171836853,-0.22966356575489044
CWE-367,CWE-372,2.0,-0.0025731376372277737,0.038914646953344345,0.24836543202400208,0.2505507171154022
CWE-367,CWE-787,2610.0,-0.0025731376372277737,0.038914646953344345,-0.0072766561061143875,0.03308534994721413
CWE-367,CWE-1310,14.0,-0.0025731376372277737,0.038914646953344345,0.03251070901751518,0.1851831078529358
CWE-367,CWE-820,13.0,-0.0025731376372277737,0.038914646953344345,-0.02443540282547474,0.19750702381134033
CWE-367,CWE-1288,16.0,-0.0025731376372277737,0.038914646953344345,0.12776024639606476,-0.006410484202206135
CWE-367,CWE-626,1.0,-0.0025731376372277737,0.038914646953344345,0.4066450297832489,-0.24929814040660858
CWE-367,CWE-1357,1.0,-0.0025731376372277737,0.038914646953344345,0.024626299738883972,-0.45637863874435425
CWE-367,CWE-1258,3.0,-0.0025731376372277737,0.038914646953344345,0.10095135867595673,0.2884279191493988
CWE-367,CWE-1329,14.0,-0.0025731376372277737,0.038914646953344345,-0.02747318521142006,0.17187418043613434
CWE-369,CWE-392,4.0,-0.029390405863523483,0.04580015689134598,-0.2683865427970886,0.08945173025131226
CWE-369,CWE-787,611.0,-0.029390405863523483,0.04580015689134598,-0.0072766561061143875,0.03308534994721413
CWE-369,CWE-1077,2.0,-0.029390405863523483,0.04580015689134598,0.06632008403539658,0.38992226123809814
CWE-371,CWE-755,1.0,0.27909529209136963,-0.3371012508869171,0.011630009859800339,0.05406934395432472
CWE-371,CWE-863,1.0,0.27909529209136963,-0.3371012508869171,-0.019663941115140915,-0.0025097504258155823
CWE-372,CWE-400,2.0,0.24836543202400208,0.2505507171154022,-0.023355096578598022,0.02558581531047821
CWE-372,CWE-732,2.0,0.24836543202400208,0.2505507171154022,0.008362405002117157,-0.014200760051608086
CWE-377,CWE-863,7.0,0.16862650215625763,-0.10122691094875336,-0.019663941115140915,-0.0025097504258155823
CWE-377,CWE-400,6.0,0.16862650215625763,-0.10122691094875336,-0.023355096578598022,0.02558581531047821
CWE-377,CWE-732,7.0,0.16862650215625763,-0.10122691094875336,0.008362405002117157,-0.014200760051608086
CWE-377,CWE-768,1.0,0.16862650215625763,-0.10122691094875336,0.5139530897140503,0.11742100119590759
CWE-378,CWE-918,3.0,0.03215072676539421,-0.3027860224246979,-0.009878953918814659,-0.07857222110033035
CWE-379,CWE-416,16.0,0.12535704672336578,0.06748401373624802,-0.0034559874329715967,0.05317194014787674
CWE-379,CWE-426,17.0,0.12535704672336578,0.06748401373624802,0.03880825266242027,0.01850116066634655
CWE-384,CWE-645,1.0,0.01597214862704277,-0.04454819858074188,-0.06642980873584747,0.39702558517456055
CWE-384,CWE-1038,1.0,0.01597214862704277,-0.04454819858074188,0.4714348018169403,0.03852362185716629
CWE-384,CWE-557,1.0,0.01597214862704277,-0.04454819858074188,-0.3845733106136322,-0.3561520278453827
CWE-384,CWE-1046,1.0,0.01597214862704277,-0.04454819858074188,0.09148857742547989,0.4950147569179535
CWE-385,CWE-843,2.0,0.3035354018211365,0.16715742647647858,0.0006745989667251706,0.07189887017011642
CWE-385,CWE-502,2.0,0.3035354018211365,0.16715742647647858,0.0011437543435022235,-0.06108305975794792
CWE-385,CWE-400,3.0,0.3035354018211365,0.16715742647647858,-0.023355096578598022,0.02558581531047821
CWE-385,CWE-1250,1.0,0.3035354018211365,0.16715742647647858,0.4844644069671631,0.21089763939380646
CWE-386,CWE-415,2.0,0.2913692593574524,0.2270759493112564,-0.017876332625746727,0.052614614367485046
CWE-386,CWE-416,2.0,0.2913692593574524,0.2270759493112564,-0.0034559874329715967,0.05317194014787674
CWE-390,CWE-416,17.0,0.06649526953697205,0.1486443430185318,-0.0034559874329715967,0.05317194014787674
CWE-390,CWE-476,16.0,0.06649526953697205,0.1486443430185318,-0.005598189774900675,0.05277804657816887
CWE-390,CWE-787,22.0,0.06649526953697205,0.1486443430185318,-0.0072766561061143875,0.03308534994721413
CWE-390,CWE-863,16.0,0.06649526953697205,0.1486443430185318,-0.019663941115140915,-0.0025097504258155823
CWE-391,CWE-400,2.0,0.27494049072265625,-0.1961948126554489,-0.023355096578598022,0.02558581531047821
CWE-391,CWE-522,2.0,0.27494049072265625,-0.1961948126554489,0.025469886139035225,-0.017775731161236763
CWE-391,CWE-770,2.0,0.27494049072265625,-0.1961948126554489,-0.01595434546470642,0.0078063239343464375
CWE-392,CWE-835,4.0,-0.2683865427970886,0.08945173025131226,0.002445928053930402,0.05998510867357254
CWE-392,CWE-787,4.0,-0.2683865427970886,0.08945173025131226,-0.0072766561061143875,0.03308534994721413
CWE-393,CWE-415,1.0,-0.26457497477531433,0.451069712638855,-0.017876332625746727,0.052614614367485046
CWE-393,CWE-476,1.0,-0.26457497477531433,0.451069712638855,-0.005598189774900675,0.05277804657816887
CWE-393,CWE-682,1.0,-0.26457497477531433,0.451069712638855,-0.045395296066999435,0.08008401095867157
CWE-394,CWE-1004,2.0,0.29169219732284546,0.04831643030047417,0.22773496806621552,-0.02173108607530594
CWE-394,CWE-1386,1.0,0.29169219732284546,0.04831643030047417,0.6127188801765442,0.04783455282449722
CWE-394,CWE-521,2.0,0.29169219732284546,0.04831643030047417,-0.05613483861088753,-0.05062936991453171
CWE-394,CWE-448,2.0,0.29169219732284546,0.04831643030047417,0.3585735857486725,0.13941185176372528
CWE-394,CWE-613,2.0,0.29169219732284546,0.04831643030047417,-0.05584489554166794,-0.0355217382311821
CWE-394,CWE-787,6.0,0.29169219732284546,0.04831643030047417,-0.0072766561061143875,0.03308534994721413
CWE-394,CWE-599,2.0,0.29169219732284546,0.04831643030047417,0.32082170248031616,0.018811963498592377
CWE-395,CWE-755,2.0,0.1741163432598114,0.37633442878723145,0.011630009859800339,0.05406934395432472
CWE-395,CWE-476,2.0,0.1741163432598114,0.37633442878723145,-0.005598189774900675,0.05277804657816887
CWE-396,CWE-502,2.0,0.37193429470062256,0.01527442503720522,0.0011437543435022235,-0.06108305975794792
CWE-399,CWE-775,1.0,0.011790155433118343,0.0009005937026813626,0.08561010658740997,-0.4577633738517761
CWE-400,CWE-463,1.0,-0.023355096578598022,0.02558581531047821,0.18635405600070953,0.3470210134983063
CWE-400,CWE-407,26.0,-0.023355096578598022,0.02558581531047821,-0.1398129016160965,0.016419418156147003
CWE-400,CWE-524,10.0,-0.023355096578598022,0.02558581531047821,0.047913115471601486,-0.1605847030878067
CWE-400,CWE-476,1904.0,-0.023355096578598022,0.02558581531047821,-0.005598189774900675,0.05277804657816887
CWE-400,CWE-406,3.0,-0.023355096578598022,0.02558581531047821,0.02920280396938324,0.29916858673095703
CWE-400,CWE-453,3.0,-0.023355096578598022,0.02558581531047821,-0.2977890968322754,0.044630199670791626
CWE-400,CWE-409,18.0,-0.023355096578598022,0.02558581531047821,-0.09260344505310059,-0.10625363886356354
CWE-400,CWE-613,117.0,-0.023355096578598022,0.02558581531047821,-0.05584489554166794,-0.0355217382311821
CWE-400,CWE-787,1531.0,-0.023355096578598022,0.02558581531047821,-0.0072766561061143875,0.03308534994721413
CWE-400,CWE-927,1.0,-0.023355096578598022,0.02558581531047821,0.46227210760116577,-0.005957399029284716
CWE-400,CWE-436,49.0,-0.023355096578598022,0.02558581531047821,-0.102676160633564,-0.02015201933681965
CWE-400,CWE-567,73.0,-0.023355096578598022,0.02558581531047821,-0.12052518129348755,0.03808566555380821
CWE-400,CWE-1258,3.0,-0.023355096578598022,0.02558581531047821,0.10095135867595673,0.2884279191493988
CWE-400,CWE-693,71.0,-0.023355096578598022,0.02558581531047821,-0.0892585813999176,0.007505075074732304
CWE-400,CWE-425,86.0,-0.023355096578598022,0.02558581531047821,-0.09692339599132538,0.0046228826977312565
CWE-400,CWE-534,1.0,-0.023355096578598022,0.02558581531047821,-0.44088929891586304,-0.23229677975177765
CWE-400,CWE-471,3.0,-0.023355096578598022,0.02558581531047821,-0.1602824330329895,-0.23681218922138214
CWE-400,CWE-670,50.0,-0.023355096578598022,0.02558581531047821,-0.025426315143704414,0.11868958920240402
CWE-400,CWE-404,124.0,-0.023355096578598022,0.02558581531047821,0.021767202764749527,0.0435124970972538
CWE-400,CWE-1259,2.0,-0.023355096578598022,0.02558581531047821,-0.21715527772903442,0.2640018165111542
CWE-400,CWE-653,7.0,-0.023355096578598022,0.02558581531047821,-0.09316997975111008,0.2250336855649948
CWE-400,CWE-837,9.0,-0.023355096578598022,0.02558581531047821,0.1802828460931778,0.06425723433494568
CWE-400,CWE-829,40.0,-0.023355096578598022,0.02558581531047821,0.0007557526114396751,-0.08127222955226898
CWE-400,CWE-523,4.0,-0.023355096578598022,0.02558581531047821,-0.2077292799949646,0.17860698699951172
CWE-400,CWE-460,3.0,-0.023355096578598022,0.02558581531047821,-0.3411210775375366,0.1099010780453682
CWE-400,CWE-671,1.0,-0.023355096578598022,0.02558581531047821,-0.31687793135643005,-0.3643779754638672
CWE-400,CWE-428,15.0,-0.023355096578598022,0.02558581531047821,0.1018432229757309,0.004245824180543423
CWE-400,CWE-924,16.0,-0.023355096578598022,0.02558581531047821,0.14030857384204865,-0.00923512876033783
CWE-400,CWE-1333,43.0,-0.023355096578598022,0.02558581531047821,-0.07493264973163605,-0.053239379078149796
CWE-400,CWE-405,3.0,-0.023355096578598022,0.02558581531047821,0.07757149636745453,-0.24052123725414276
CWE-400,CWE-1321,56.0,-0.023355096578598022,0.02558581531047821,-0.03548780456185341,-0.07225766032934189
CWE-401,CWE-771,2.0,0.0036902385763823986,0.046476151794195175,0.19496247172355652,-0.33644136786460876
CWE-401,CWE-416,1268.0,0.0036902385763823986,0.046476151794195175,-0.0034559874329715967,0.05317194014787674
CWE-401,CWE-924,12.0,0.0036902385763823986,0.046476151794195175,0.14030857384204865,-0.00923512876033783
CWE-401,CWE-606,7.0,0.0036902385763823986,0.046476151794195175,0.1044236496090889,-0.15278270840644836
CWE-401,CWE-830,2.0,0.0036902385763823986,0.046476151794195175,-0.33189019560813904,0.06973322480916977
CWE-401,CWE-788,19.0,0.0036902385763823986,0.046476151794195175,0.1274677962064743,0.08700443804264069
CWE-401,CWE-833,5.0,0.0036902385763823986,0.046476151794195175,0.0659109503030777,0.25692132115364075
CWE-401,CWE-787,1479.0,0.0036902385763823986,0.046476151794195175,-0.0072766561061143875,0.03308534994721413
CWE-401,CWE-480,3.0,0.0036902385763823986,0.046476151794195175,-0.22617973387241364,0.23755335807800293
CWE-401,CWE-647,2.0,0.0036902385763823986,0.046476151794195175,0.2335413694381714,-0.2918154299259186
CWE-401,CWE-456,1.0,0.0036902385763823986,0.046476151794195175,-0.503644585609436,0.17171211540699005
CWE-401,CWE-1077,2.0,0.0036902385763823986,0.046476151794195175,0.06632008403539658,0.38992226123809814
CWE-401,CWE-1037,2.0,0.0036902385763823986,0.046476151794195175,-0.2451554834842682,0.3302837610244751
CWE-401,CWE-911,3.0,0.0036902385763823986,0.046476151794195175,0.2735683023929596,0.15579849481582642
CWE-402,CWE-863,2.0,-0.017354680225253105,-0.4189947545528412,-0.019663941115140915,-0.0025097504258155823
CWE-402,CWE-918,2.0,-0.017354680225253105,-0.4189947545528412,-0.009878953918814659,-0.07857222110033035
CWE-402,CWE-640,1.0,-0.017354680225253105,-0.4189947545528412,-0.0052832504734396935,-0.11900318413972855
CWE-402,CWE-826,1.0,-0.017354680225253105,-0.4189947545528412,0.009986468590795994,-0.5774474740028381
CWE-404,CWE-454,2.0,0.021767202764749527,0.0435124970972538,0.22117719054222107,0.28759071230888367
CWE-404,CWE-1176,1.0,0.021767202764749527,0.0435124970972538,0.159585639834404,0.48666930198669434
CWE-404,CWE-787,146.0,0.021767202764749527,0.0435124970972538,-0.0072766561061143875,0.03308534994721413
CWE-405,CWE-863,4.0,0.07757149636745453,-0.24052123725414276,-0.019663941115140915,-0.0025097504258155823
CWE-405,CWE-918,4.0,0.07757149636745453,-0.24052123725414276,-0.009878953918814659,-0.07857222110033035
CWE-405,CWE-1124,1.0,0.07757149636745453,-0.24052123725414276,0.17061983048915863,-0.4645332992076874
CWE-405,CWE-770,5.0,0.07757149636745453,-0.24052123725414276,-0.01595434546470642,0.0078063239343464375
CWE-406,CWE-770,4.0,0.02920280396938324,0.29916858673095703,-0.01595434546470642,0.0078063239343464375
CWE-406,CWE-787,4.0,0.02920280396938324,0.29916858673095703,-0.0072766561061143875,0.03308534994721413
CWE-407,CWE-683,1.0,-0.1398129016160965,0.016419418156147003,-0.45509785413742065,0.2465769648551941
CWE-407,CWE-770,35.0,-0.1398129016160965,0.016419418156147003,-0.01595434546470642,0.0078063239343464375
CWE-408,CWE-451,1.0,0.45302844047546387,0.14730535447597504,0.06731895357370377,0.08274627476930618
CWE-408,CWE-648,1.0,0.45302844047546387,0.14730535447597504,0.09911176562309265,-0.0657675489783287
CWE-409,CWE-770,31.0,-0.09260344505310059,-0.10625363886356354,-0.01595434546470642,0.0078063239343464375
CWE-409,CWE-625,2.0,-0.09260344505310059,-0.10625363886356354,-0.28580281138420105,-0.23338152468204498
CWE-409,CWE-918,17.0,-0.09260344505310059,-0.10625363886356354,-0.009878953918814659,-0.07857222110033035
CWE-409,CWE-779,1.0,-0.09260344505310059,-0.10625363886356354,0.11411648243665695,-0.38233256340026855
CWE-410,CWE-770,28.0,0.09682178497314453,-0.029121920466423035,-0.01595434546470642,0.0078063239343464375
CWE-410,CWE-502,27.0,0.09682178497314453,-0.029121920466423035,0.0011437543435022235,-0.06108305975794792
CWE-413,CWE-416,2.0,0.20475651323795319,0.3712244927883148,-0.0034559874329715967,0.05317194014787674
CWE-413,CWE-824,1.0,0.20475651323795319,0.3712244927883148,-0.01481824740767479,0.06391838937997818
CWE-414,CWE-732,1.0,-0.07216798514127731,-0.43468552827835083,0.008362405002117157,-0.014200760051608086
CWE-414,CWE-1321,1.0,-0.07216798514127731,-0.43468552827835083,-0.03548780456185341,-0.07225766032934189
CWE-414,CWE-835,1.0,-0.07216798514127731,-0.43468552827835083,0.002445928053930402,0.05998510867357254
CWE-415,CWE-923,18.0,-0.017876332625746727,0.052614614367485046,-0.10824158042669296,0.14542903006076813
CWE-415,CWE-416,2276.0,-0.017876332625746727,0.052614614367485046,-0.0034559874329715967,0.05317194014787674
CWE-415,CWE-1240,21.0,-0.017876332625746727,0.052614614367485046,-0.11644866317510605,0.0775735005736351
CWE-415,CWE-787,2806.0,-0.017876332625746727,0.052614614367485046,-0.0072766561061143875,0.03308534994721413
CWE-415,CWE-514,1.0,-0.017876332625746727,0.052614614367485046,-0.47955939173698425,0.0759252980351448
CWE-415,CWE-920,5.0,-0.017876332625746727,0.052614614367485046,-0.18878115713596344,0.12580086290836334
CWE-415,CWE-824,782.0,-0.017876332625746727,0.052614614367485046,-0.01481824740767479,0.06391838937997818
CWE-415,CWE-447,1.0,-0.017876332625746727,0.052614614367485046,-0.4755363464355469,0.11425398290157318
CWE-416,CWE-696,6.0,-0.0034559874329715967,0.05317194014787674,-0.1286441534757614,-0.17481285333633423
CWE-416,CWE-749,169.0,-0.0034559874329715967,0.05317194014787674,0.024259833618998528,0.06699757277965546
CWE-416,CWE-459,253.0,-0.0034559874329715967,0.05317194014787674,-0.0319937989115715,0.031058236956596375
CWE-416,CWE-909,85.0,-0.0034559874329715967,0.05317194014787674,-0.03583502024412155,0.10105342417955399
CWE-416,CWE-447,1.0,-0.0034559874329715967,0.05317194014787674,-0.4755363464355469,0.11425398290157318
CWE-416,CWE-1039,8.0,-0.0034559874329715967,0.05317194014787674,0.0023044494446367025,0.21334519982337952
CWE-416,CWE-923,18.0,-0.0034559874329715967,0.05317194014787674,-0.10824158042669296,0.14542903006076813
CWE-416,CWE-590,11.0,-0.0034559874329715967,0.05317194014787674,0.05713421478867531,0.20955033600330353
CWE-416,CWE-457,264.0,-0.0034559874329715967,0.05317194014787674,0.0013134849723428488,0.09827528893947601
CWE-416,CWE-755,660.0,-0.0034559874329715967,0.05317194014787674,0.011630009859800339,0.05406934395432472
CWE-416,CWE-672,25.0,-0.0034559874329715967,0.05317194014787674,-0.13011184334754944,0.002067751483991742
CWE-416,CWE-1390,261.0,-0.0034559874329715967,0.05317194014787674,0.013699682429432869,0.07177522033452988
CWE-416,CWE-657,6.0,-0.0034559874329715967,0.05317194014787674,-0.09901676326990128,0.23936031758785248
CWE-416,CWE-417,9.0,-0.0034559874329715967,0.05317194014787674,0.16794194281101227,-0.05775749310851097
CWE-416,CWE-1262,147.0,-0.0034559874329715967,0.05317194014787674,0.01626310683786869,0.09115028381347656
CWE-416,CWE-610,49.0,-0.0034559874329715967,0.05317194014787674,-0.08035542815923691,0.01670839451253414
CWE-416,CWE-703,16.0,-0.0034559874329715967,0.05317194014787674,0.07101047039031982,0.13310934603214264
CWE-416,CWE-758,4.0,-0.0034559874329715967,0.05317194014787674,-0.18302969634532928,0.21307291090488434
CWE-416,CWE-674,142.0,-0.0034559874329715967,0.05317194014787674,-0.011516761034727097,0.10007078945636749
CWE-416,CWE-643,22.0,-0.0034559874329715967,0.05317194014787674,0.10394584387540817,0.06040506437420845
CWE-416,CWE-606,6.0,-0.0034559874329715967,0.05317194014787674,0.1044236496090889,-0.15278270840644836
CWE-416,CWE-420,23.0,-0.0034559874329715967,0.05317194014787674,0.11347980797290802,0.017869599163532257
CWE-416,CWE-562,1.0,-0.0034559874329715967,0.05317194014787674,-0.17823170125484467,0.503158688545227
CWE-416,CWE-1285,4.0,-0.0034559874329715967,0.05317194014787674,0.2548980712890625,0.006491194944828749
CWE-416,CWE-705,1.0,-0.0034559874329715967,0.05317194014787674,-0.2709502875804901,0.5409057140350342
CWE-416,CWE-1021,111.0,-0.0034559874329715967,0.05317194014787674,-0.05648478493094444,-0.001264764228835702
CWE-416,CWE-1187,50.0,-0.0034559874329715967,0.05317194014787674,-0.015129944309592247,0.12571103870868683
CWE-416,CWE-662,52.0,-0.0034559874329715967,0.05317194014787674,0.012740850448608398,0.12130024284124374
CWE-416,CWE-1323,1.0,-0.0034559874329715967,0.05317194014787674,0.5052939653396606,-0.20743410289287567
CWE-416,CWE-830,2.0,-0.0034559874329715967,0.05317194014787674,-0.33189019560813904,0.06973322480916977
CWE-416,CWE-497,274.0,-0.0034559874329715967,0.05317194014787674,-0.020712830126285553,0.07609589397907257
CWE-416,CWE-1287,45.0,-0.0034559874329715967,0.05317194014787674,0.07041751593351364,0.07457787543535233
CWE-416,CWE-476,2891.0,-0.0034559874329715967,0.05317194014787674,-0.005598189774900675,0.05277804657816887
CWE-416,CWE-776,47.0,-0.0034559874329715967,0.05317194014787674,-0.07124422490596771,0.060925208032131195
CWE-416,CWE-1240,21.0,-0.0034559874329715967,0.05317194014787674,-0.11644866317510605,0.0775735005736351
CWE-416,CWE-466,8.0,-0.0034559874329715967,0.05317194014787674,0.09636744856834412,0.20033088326454163
CWE-416,CWE-843,444.0,-0.0034559874329715967,0.05317194014787674,0.0006745989667251706,0.07189887017011642
CWE-416,CWE-1286,246.0,-0.0034559874329715967,0.05317194014787674,0.038107771426439285,0.05974872037768364
CWE-416,CWE-787,4399.0,-0.0034559874329715967,0.05317194014787674,-0.0072766561061143875,0.03308534994721413
CWE-416,CWE-821,4.0,-0.0034559874329715967,0.05317194014787674,0.2166917622089386,0.18820887804031372
CWE-416,CWE-706,49.0,-0.0034559874329715967,0.05317194014787674,-0.06929116696119308,0.04818933829665184
CWE-416,CWE-451,44.0,-0.0034559874329715967,0.05317194014787674,0.06731895357370377,0.08274627476930618
CWE-416,CWE-514,1.0,-0.0034559874329715967,0.05317194014787674,-0.47955939173698425,0.0759252980351448
CWE-416,CWE-664,14.0,-0.0034559874329715967,0.05317194014787674,0.10384984314441681,0.12616373598575592
CWE-416,CWE-680,31.0,-0.0034559874329715967,0.05317194014787674,-0.07411782443523407,0.10807666927576065
CWE-416,CWE-667,330.0,-0.0034559874329715967,0.05317194014787674,-0.01672227308154106,0.08033251762390137
CWE-416,CWE-820,14.0,-0.0034559874329715967,0.05317194014787674,-0.02443540282547474,0.19750702381134033
CWE-416,CWE-920,4.0,-0.0034559874329715967,0.05317194014787674,-0.18878115713596344,0.12580086290836334
CWE-416,CWE-835,1183.0,-0.0034559874329715967,0.05317194014787674,0.002445928053930402,0.05998510867357254
CWE-416,CWE-565,19.0,-0.0034559874329715967,0.05317194014787674,-0.11625213921070099,-0.03946496546268463
CWE-416,CWE-789,31.0,-0.0034559874329715967,0.05317194014787674,-0.08799698203802109,0.11868457496166229
CWE-416,CWE-763,205.0,-0.0034559874329715967,0.05317194014787674,0.007184468675404787,0.0808861032128334
CWE-416,CWE-454,2.0,-0.0034559874329715967,0.05317194014787674,0.22117719054222107,0.28759071230888367
CWE-416,CWE-733,2.0,-0.0034559874329715967,0.05317194014787674,0.15817762911319733,0.41518744826316833
CWE-416,CWE-682,129.0,-0.0034559874329715967,0.05317194014787674,-0.045395296066999435,0.08008401095867157
CWE-416,CWE-440,5.0,-0.0034559874329715967,0.05317194014787674,-0.13240642845630646,0.21723699569702148
CWE-416,CWE-669,25.0,-0.0034559874329715967,0.05317194014787674,0.07230829447507858,-0.0477164089679718
CWE-416,CWE-834,44.0,-0.0034559874329715967,0.05317194014787674,-0.04651564732193947,0.11536671966314316
CWE-416,CWE-426,115.0,-0.0034559874329715967,0.05317194014787674,0.03880825266242027,0.01850116066634655
CWE-416,CWE-908,743.0,-0.0034559874329715967,0.05317194014787674,-0.017863865941762924,0.05613620951771736
CWE-416,CWE-822,229.0,-0.0034559874329715967,0.05317194014787674,-0.004816541913896799,0.08522438257932663
CWE-416,CWE-617,2018.0,-0.0034559874329715967,0.05317194014787674,-0.0008893574122339487,0.04848543182015419
CWE-416,CWE-1294,119.0,-0.0034559874329715967,0.05317194014787674,0.028131654486060143,0.0967378318309784
CWE-416,CWE-1220,201.0,-0.0034559874329715967,0.05317194014787674,0.031769607216119766,0.02468506433069706
CWE-416,CWE-684,3.0,-0.0034559874329715967,0.05317194014787674,-0.12426260113716125,0.30459359288215637
CWE-420,CWE-476,22.0,0.11347980797290802,0.017869599163532257,-0.005598189774900675,0.05277804657816887
CWE-420,CWE-770,23.0,0.11347980797290802,0.017869599163532257,-0.01595434546470642,0.0078063239343464375
CWE-422,CWE-476,1.0,0.363940566778183,0.40807226300239563,-0.005598189774900675,0.05277804657816887
CWE-424,CWE-863,2.0,-0.11434170603752136,0.41338902711868286,-0.019663941115140915,-0.0025097504258155823
CWE-424,CWE-427,1.0,-0.11434170603752136,0.41338902711868286,0.03591614216566086,0.030950842425227165
CWE-425,CWE-567,71.0,-0.09692339599132538,0.0046228826977312565,-0.12052518129348755,0.03808566555380821
CWE-426,CWE-1329,14.0,0.03880825266242027,0.01850116066634655,-0.02747318521142006,0.17187418043613434
CWE-426,CWE-501,13.0,0.03880825266242027,0.01850116066634655,-0.08873093128204346,-0.12250770628452301
CWE-426,CWE-787,164.0,0.03880825266242027,0.01850116066634655,-0.0072766561061143875,0.03308534994721413
CWE-426,CWE-646,1.0,0.03880825266242027,0.01850116066634655,0.4276861846446991,0.2652498781681061
CWE-427,CWE-732,96.0,0.03591614216566086,0.030950842425227165,0.008362405002117157,-0.014200760051608086
CWE-427,CWE-428,20.0,0.03591614216566086,0.030950842425227165,0.1018432229757309,0.004245824180543423
CWE-427,CWE-782,1.0,0.03591614216566086,0.030950842425227165,-0.487714022397995,-0.2128627449274063
CWE-427,CWE-645,2.0,0.03591614216566086,0.030950842425227165,-0.06642980873584747,0.39702558517456055
CWE-427,CWE-787,165.0,0.03591614216566086,0.030950842425227165,-0.0072766561061143875,0.03308534994721413
CWE-428,CWE-787,22.0,0.1018432229757309,0.004245824180543423,-0.0072766561061143875,0.03308534994721413
CWE-430,CWE-835,1.0,-0.4027039706707001,0.4053225517272949,0.002445928053930402,0.05998510867357254
CWE-431,CWE-681,1.0,-0.49500301480293274,-0.07873689383268356,-0.03912424296140671,0.016654817387461662
CWE-431,CWE-459,1.0,-0.49500301480293274,-0.07873689383268356,-0.0319937989115715,0.031058236956596375
CWE-431,CWE-1021,1.0,-0.49500301480293274,-0.07873689383268356,-0.05648478493094444,-0.001264764228835702
CWE-434,CWE-616,1.0,-0.03029021993279457,-0.06154598295688629,0.35243526101112366,-0.2715587615966797
CWE-434,CWE-1259,2.0,-0.03029021993279457,-0.06154598295688629,-0.21715527772903442,0.2640018165111542
CWE-434,CWE-1320,1.0,-0.03029021993279457,-0.06154598295688629,-0.1757991462945938,-0.608386218547821
CWE-434,CWE-539,7.0,-0.03029021993279457,-0.06154598295688629,-0.2613501250743866,-0.05548138543963432
CWE-434,CWE-840,7.0,-0.03029021993279457,-0.06154598295688629,-0.10702486336231232,-0.2180097997188568
CWE-434,CWE-804,2.0,-0.03029021993279457,-0.06154598295688629,-0.15164715051651,-0.3520669639110565
CWE-434,CWE-1236,31.0,-0.03029021993279457,-0.06154598295688629,-0.03424099460244179,-0.11333737522363663
CWE-434,CWE-530,1.0,-0.03029021993279457,-0.06154598295688629,0.13391317427158356,-0.4799850881099701
CWE-434,CWE-550,1.0,-0.03029021993279457,-0.06154598295688629,0.4387435019016266,0.08993006497621536
CWE-436,CWE-787,41.0,-0.102676160633564,-0.02015201933681965,-0.0072766561061143875,0.03308534994721413
CWE-436,CWE-571,1.0,-0.102676160633564,-0.02015201933681965,-0.41309335827827454,-0.3063010573387146
CWE-440,CWE-476,6.0,-0.13240642845630646,0.21723699569702148,-0.005598189774900675,0.05277804657816887
CWE-440,CWE-824,4.0,-0.13240642845630646,0.21723699569702148,-0.01481824740767479,0.06391838937997818
CWE-441,CWE-862,25.0,-0.099397212266922,-0.06802612543106079,-0.00795373972505331,-0.026479557156562805
CWE-441,CWE-787,25.0,-0.099397212266922,-0.06802612543106079,-0.0072766561061143875,0.03308534994721413
CWE-441,CWE-863,30.0,-0.099397212266922,-0.06802612543106079,-0.019663941115140915,-0.0025097504258155823
CWE-444,CWE-626,1.0,0.02473337948322296,-0.040868159383535385,0.4066450297832489,-0.24929814040660858
CWE-444,CWE-647,3.0,0.02473337948322296,-0.040868159383535385,0.2335413694381714,-0.2918154299259186
CWE-444,CWE-787,108.0,0.02473337948322296,-0.040868159383535385,-0.0072766561061143875,0.03308534994721413
CWE-444,CWE-502,98.0,0.02473337948322296,-0.040868159383535385,0.0011437543435022235,-0.06108305975794792
CWE-444,CWE-1059,1.0,0.02473337948322296,-0.040868159383535385,-0.3885617256164551,0.2843596935272217
CWE-444,CWE-1026,1.0,0.02473337948322296,-0.040868159383535385,-0.25146958231925964,-0.4784662127494812
CWE-444,CWE-1124,1.0,0.02473337948322296,-0.040868159383535385,0.17061983048915863,-0.4645332992076874
CWE-444,CWE-769,1.0,0.02473337948322296,-0.040868159383535385,-0.45008453726768494,0.10786961019039154
CWE-446,CWE-863,2.0,-0.15688811242580414,0.3970310091972351,-0.019663941115140915,-0.0025097504258155823
CWE-447,CWE-532,1.0,-0.4755363464355469,0.11425398290157318,-0.021585989743471146,-0.029124239459633827
CWE-447,CWE-787,1.0,-0.4755363464355469,0.11425398290157318,-0.0072766561061143875,0.03308534994721413
CWE-448,CWE-599,2.0,0.3585735857486725,0.13941185176372528,0.32082170248031616,0.018811963498592377
CWE-448,CWE-1301,2.0,0.3585735857486725,0.13941185176372528,0.2885664999485016,0.24086299538612366
CWE-449,CWE-451,2.0,0.13523298501968384,0.40080273151397705,0.06731895357370377,0.08274627476930618
CWE-449,CWE-843,1.0,0.13523298501968384,0.40080273151397705,0.0006745989667251706,0.07189887017011642
CWE-449,CWE-732,1.0,0.13523298501968384,0.40080273151397705,0.008362405002117157,-0.014200760051608086
CWE-450,CWE-732,2.0,0.2485862821340561,0.3181167542934418,0.008362405002117157,-0.014200760051608086
CWE-450,CWE-749,2.0,0.2485862821340561,0.3181167542934418,0.024259833618998528,0.06699757277965546
CWE-450,CWE-843,2.0,0.2485862821340561,0.3181167542934418,0.0006745989667251706,0.07189887017011642
CWE-451,CWE-770,39.0,0.06731895357370377,0.08274627476930618,-0.01595434546470642,0.0078063239343464375
CWE-451,CWE-476,38.0,0.06731895357370377,0.08274627476930618,-0.005598189774900675,0.05277804657816887
CWE-453,CWE-770,3.0,-0.2977890968322754,0.044630199670791626,-0.01595434546470642,0.0078063239343464375
CWE-454,CWE-522,2.0,0.22117719054222107,0.28759071230888367,0.025469886139035225,-0.017775731161236763
CWE-455,CWE-1284,1.0,-0.4606376886367798,0.20737071335315704,-0.033107560127973557,0.058357998728752136
CWE-455,CWE-908,1.0,-0.4606376886367798,0.20737071335315704,-0.017863865941762924,0.05613620951771736
CWE-456,CWE-476,1.0,-0.503644585609436,0.17171211540699005,-0.005598189774900675,0.05277804657816887
CWE-456,CWE-787,1.0,-0.503644585609436,0.17171211540699005,-0.0072766561061143875,0.03308534994721413
CWE-457,CWE-570,13.0,0.0013134849723428488,0.09827528893947601,-0.031417056918144226,0.29588639736175537
CWE-457,CWE-686,13.0,0.0013134849723428488,0.09827528893947601,-0.001950284349732101,0.29357120394706726
CWE-457,CWE-689,1.0,0.0013134849723428488,0.09827528893947601,0.49030935764312744,-0.12198267132043839
CWE-457,CWE-927,1.0,0.0013134849723428488,0.09827528893947601,0.46227210760116577,-0.005957399029284716
CWE-457,CWE-561,13.0,0.0013134849723428488,0.09827528893947601,-0.04074735939502716,0.2768230736255646
CWE-457,CWE-476,201.0,0.0013134849723428488,0.09827528893947601,-0.005598189774900675,0.05277804657816887
CWE-457,CWE-787,259.0,0.0013134849723428488,0.09827528893947601,-0.0072766561061143875,0.03308534994721413
CWE-459,CWE-828,1.0,-0.0319937989115715,0.031058236956596375,0.1490800380706787,0.5327438116073608
CWE-459,CWE-787,248.0,-0.0319937989115715,0.031058236956596375,-0.0072766561061143875,0.03308534994721413
CWE-459,CWE-1188,117.0,-0.0319937989115715,0.031058236956596375,0.01789952628314495,-0.02344428189098835
CWE-460,CWE-476,2.0,-0.3411210775375366,0.1099010780453682,-0.005598189774900675,0.05277804657816887
CWE-460,CWE-863,2.0,-0.3411210775375366,0.1099010780453682,-0.019663941115140915,-0.0025097504258155823
CWE-463,CWE-787,2.0,0.18635405600070953,0.3470210134983063,-0.0072766561061143875,0.03308534994721413
CWE-466,CWE-476,10.0,0.09636744856834412,0.20033088326454163,-0.005598189774900675,0.05277804657816887
CWE-466,CWE-617,8.0,0.09636744856834412,0.20033088326454163,-0.0008893574122339487,0.04848543182015419
CWE-466,CWE-686,1.0,0.09636744856834412,0.20033088326454163,-0.001950284349732101,0.29357120394706726
CWE-466,CWE-754,10.0,0.09636744856834412,0.20033088326454163,-0.029542161151766777,0.05322364345192909
CWE-467,CWE-787,1.0,-0.41015130281448364,0.34537622332572937,-0.0072766561061143875,0.03308534994721413
CWE-470,CWE-842,1.0,0.029756437987089157,-0.08928661793470383,0.43856915831565857,0.1758875846862793
CWE-470,CWE-862,32.0,0.029756437987089157,-0.08928661793470383,-0.00795373972505331,-0.026479557156562805
CWE-470,CWE-502,40.0,0.029756437987089157,-0.08928661793470383,0.0011437543435022235,-0.06108305975794792
CWE-470,CWE-863,38.0,0.029756437987089157,-0.08928661793470383,-0.019663941115140915,-0.0025097504258155823
CWE-471,CWE-502,4.0,-0.1602824330329895,-0.23681218922138214,0.0011437543435022235,-0.06108305975794792
CWE-471,CWE-918,4.0,-0.1602824330329895,-0.23681218922138214,-0.009878953918814659,-0.07857222110033035
CWE-471,CWE-476,3.0,-0.1602824330329895,-0.23681218922138214,-0.005598189774900675,0.05277804657816887
CWE-474,CWE-601,2.0,-0.12969474494457245,0.3692605793476105,-0.0036730500869452953,-0.049856338649988174
CWE-474,CWE-1268,1.0,-0.12969474494457245,0.3692605793476105,-0.12075623869895935,0.5378002524375916
CWE-474,CWE-843,1.0,-0.12969474494457245,0.3692605793476105,0.0006745989667251706,0.07189887017011642
CWE-475,CWE-476,5.0,0.16959846019744873,0.10236005485057831,-0.005598189774900675,0.05277804657816887
CWE-475,CWE-843,4.0,0.16959846019744873,0.10236005485057831,0.0006745989667251706,0.07189887017011642
CWE-475,CWE-835,12.0,0.16959846019744873,0.10236005485057831,0.002445928053930402,0.05998510867357254
CWE-476,CWE-1077,2.0,-0.005598189774900675,0.05277804657816887,0.06632008403539658,0.38992226123809814
CWE-476,CWE-670,50.0,-0.005598189774900675,0.05277804657816887,-0.025426315143704414,0.11868958920240402
CWE-476,CWE-909,82.0,-0.005598189774900675,0.05277804657816887,-0.03583502024412155,0.10105342417955399
CWE-476,CWE-755,668.0,-0.005598189774900675,0.05277804657816887,0.011630009859800339,0.05406934395432472
CWE-476,CWE-657,6.0,-0.005598189774900675,0.05277804657816887,-0.09901676326990128,0.23936031758785248
CWE-476,CWE-783,8.0,-0.005598189774900675,0.05277804657816887,-0.16063103079795837,-0.10798216611146927
CWE-476,CWE-674,146.0,-0.005598189774900675,0.05277804657816887,-0.011516761034727097,0.10007078945636749
CWE-476,CWE-770,543.0,-0.005598189774900675,0.05277804657816887,-0.01595434546470642,0.0078063239343464375
CWE-476,CWE-1285,3.0,-0.005598189774900675,0.05277804657816887,0.2548980712890625,0.006491194944828749
CWE-476,CWE-1335,6.0,-0.005598189774900675,0.05277804657816887,-0.06880731880664825,0.259678453207016
CWE-476,CWE-1284,243.0,-0.005598189774900675,0.05277804657816887,-0.033107560127973557,0.058357998728752136
CWE-476,CWE-772,251.0,-0.005598189774900675,0.05277804657816887,0.03285348787903786,0.03894081339240074
CWE-476,CWE-690,1.0,-0.005598189774900675,0.05277804657816887,0.5037754774093628,0.018625503405928612
CWE-476,CWE-776,48.0,-0.005598189774900675,0.05277804657816887,-0.07124422490596771,0.060925208032131195
CWE-476,CWE-480,3.0,-0.005598189774900675,0.05277804657816887,-0.22617973387241364,0.23755335807800293
CWE-476,CWE-833,6.0,-0.005598189774900675,0.05277804657816887,0.0659109503030777,0.25692132115364075
CWE-476,CWE-1286,250.0,-0.005598189774900675,0.05277804657816887,0.038107771426439285,0.05974872037768364
CWE-476,CWE-787,3496.0,-0.005598189774900675,0.05277804657816887,-0.0072766561061143875,0.03308534994721413
CWE-476,CWE-821,4.0,-0.005598189774900675,0.05277804657816887,0.2166917622089386,0.18820887804031372
CWE-476,CWE-706,46.0,-0.005598189774900675,0.05277804657816887,-0.06929116696119308,0.04818933829665184
CWE-476,CWE-1076,1.0,-0.005598189774900675,0.05277804657816887,0.18384432792663574,-0.4239570200443268
CWE-476,CWE-1325,4.0,-0.005598189774900675,0.05277804657816887,-0.017875470221042633,0.3186037540435791
CWE-476,CWE-820,13.0,-0.005598189774900675,0.05277804657816887,-0.02443540282547474,0.19750702381134033
CWE-476,CWE-835,1268.0,-0.005598189774900675,0.05277804657816887,0.002445928053930402,0.05998510867357254
CWE-476,CWE-763,190.0,-0.005598189774900675,0.05277804657816887,0.007184468675404787,0.0808861032128334
CWE-476,CWE-733,2.0,-0.005598189774900675,0.05277804657816887,0.15817762911319733,0.41518744826316833
CWE-476,CWE-837,6.0,-0.005598189774900675,0.05277804657816887,0.1802828460931778,0.06425723433494568
CWE-476,CWE-825,28.0,-0.005598189774900675,0.05277804657816887,0.07026994973421097,0.10676950216293335
CWE-477,CWE-644,1.0,0.4168771505355835,-0.174664705991745,-0.19731102883815765,-0.040414512157440186
CWE-488,CWE-918,4.0,0.09905844926834106,0.21314679086208344,-0.009878953918814659,-0.07857222110033035
CWE-491,CWE-601,1.0,-0.4007068872451782,-0.20080044865608215,-0.0036730500869452953,-0.049856338649988174
CWE-494,CWE-798,49.0,-0.07699988037347794,-0.08488339930772781,-0.025941848754882812,-0.01919712871313095
CWE-494,CWE-502,32.0,-0.07699988037347794,-0.08488339930772781,0.0011437543435022235,-0.06108305975794792
CWE-494,CWE-732,43.0,-0.07699988037347794,-0.08488339930772781,0.008362405002117157,-0.014200760051608086
CWE-497,CWE-787,283.0,-0.020712830126285553,0.07609589397907257,-0.0072766561061143875,0.03308534994721413
CWE-497,CWE-1254,4.0,-0.020712830126285553,0.07609589397907257,0.1324809193611145,0.2162710428237915
CWE-497,CWE-566,1.0,-0.020712830126285553,0.07609589397907257,0.2846527695655823,0.43410906195640564
CWE-497,CWE-598,7.0,-0.020712830126285553,0.07609589397907257,-0.16377469897270203,0.02700972743332386
CWE-497,CWE-1022,2.0,-0.020712830126285553,0.07609589397907257,-0.26168742775917053,-0.2975499927997589
CWE-501,CWE-693,13.0,-0.08873093128204346,-0.12250770628452301,-0.0892585813999176,0.007505075074732304
CWE-502,CWE-1026,1.0,0.0011437543435022235,-0.06108305975794792,-0.25146958231925964,-0.4784662127494812
CWE-502,CWE-791,2.0,0.0011437543435022235,-0.06108305975794792,0.23679213225841522,-0.21023258566856384
CWE-502,CWE-688,1.0,0.0011437543435022235,-0.06108305975794792,-0.2674998641014099,-0.44546711444854736
CWE-502,CWE-1321,78.0,0.0011437543435022235,-0.06108305975794792,-0.03548780456185341,-0.07225766032934189
CWE-502,CWE-611,192.0,0.0011437543435022235,-0.06108305975794792,-0.02453511953353882,-0.04844933748245239
CWE-502,CWE-1357,1.0,0.0011437543435022235,-0.06108305975794792,0.024626299738883972,-0.45637863874435425
CWE-502,CWE-506,1.0,0.0011437543435022235,-0.06108305975794792,-0.04645281657576561,-0.46904927492141724
CWE-506,CWE-918,1.0,-0.04645281657576561,-0.46904927492141724,-0.009878953918814659,-0.07857222110033035
CWE-521,CWE-650,1.0,-0.05613483861088753,-0.05062936991453171,-0.4045006334781647,-0.13544780015945435
CWE-521,CWE-798,165.0,-0.05613483861088753,-0.05062936991453171,-0.025941848754882812,-0.01919712871313095
CWE-521,CWE-557,1.0,-0.05613483861088753,-0.05062936991453171,-0.3845733106136322,-0.3561520278453827
CWE-521,CWE-1301,2.0,-0.05613483861088753,-0.05062936991453171,0.2885664999485016,0.24086299538612366
CWE-521,CWE-1104,5.0,-0.05613483861088753,-0.05062936991453171,-0.18584008514881134,-0.1726248562335968
CWE-521,CWE-1233,2.0,-0.05613483861088753,-0.05062936991453171,-0.40785491466522217,-0.06891102343797684
CWE-522,CWE-1391,3.0,0.025469886139035225,-0.017775731161236763,0.24389685690402985,-0.10995730012655258
CWE-522,CWE-787,362.0,0.025469886139035225,-0.017775731161236763,-0.0072766561061143875,0.03308534994721413
CWE-522,CWE-1275,3.0,0.025469886139035225,-0.017775731161236763,0.057981058955192566,-0.3066570460796356
CWE-522,CWE-530,1.0,0.025469886139035225,-0.017775731161236763,0.13391317427158356,-0.4799850881099701
CWE-522,CWE-779,1.0,0.025469886139035225,-0.017775731161236763,0.11411648243665695,-0.38233256340026855
CWE-522,CWE-767,1.0,0.025469886139035225,-0.017775731161236763,0.26708436012268066,-0.39288395643234253
CWE-522,CWE-1386,1.0,0.025469886139035225,-0.017775731161236763,0.6127188801765442,0.04783455282449722
CWE-524,CWE-770,9.0,0.047913115471601486,-0.1605847030878067,-0.01595434546470642,0.0078063239343464375
CWE-524,CWE-918,11.0,0.047913115471601486,-0.1605847030878067,-0.009878953918814659,-0.07857222110033035
CWE-525,CWE-613,6.0,-0.09010537713766098,-0.2263776659965515,-0.05584489554166794,-0.0355217382311821
CWE-525,CWE-1275,3.0,-0.09010537713766098,-0.2263776659965515,0.057981058955192566,-0.3066570460796356
CWE-525,CWE-863,5.0,-0.09010537713766098,-0.2263776659965515,-0.019663941115140915,-0.0025097504258155823
CWE-526,CWE-863,3.0,-0.1768612563610077,-0.28696754574775696,-0.019663941115140915,-0.0025097504258155823
CWE-526,CWE-918,2.0,-0.1768612563610077,-0.28696754574775696,-0.009878953918814659,-0.07857222110033035
CWE-531,CWE-1275,1.0,0.4811379909515381,-0.9438152313232422,0.057981058955192566,-0.3066570460796356
CWE-532,CWE-1393,5.0,-0.021585989743471146,-0.029124239459633827,0.019039129838347435,-0.244114488363266
CWE-532,CWE-625,2.0,-0.021585989743471146,-0.029124239459633827,-0.28580281138420105,-0.23338152468204498
CWE-532,CWE-1288,16.0,-0.021585989743471146,-0.029124239459633827,0.12776024639606476,-0.006410484202206135
CWE-532,CWE-1327,2.0,-0.021585989743471146,-0.029124239459633827,-0.3144913911819458,0.14801695942878723
CWE-532,CWE-923,18.0,-0.021585989743471146,-0.029124239459633827,-0.10824158042669296,0.14542903006076813
CWE-532,CWE-1332,2.0,-0.021585989743471146,-0.029124239459633827,0.3558706045150757,-0.056838247925043106
CWE-532,CWE-592,1.0,-0.021585989743471146,-0.029124239459633827,-0.4233454465866089,-0.2592567205429077
CWE-532,CWE-643,22.0,-0.021585989743471146,-0.029124239459633827,0.10394584387540817,0.06040506437420845
CWE-533,CWE-1285,1.0,0.41851475834846497,-0.4341495633125305,0.2548980712890625,0.006491194944828749
CWE-534,CWE-829,1.0,-0.44088929891586304,-0.23229677975177765,0.0007557526114396751,-0.08127222955226898
CWE-538,CWE-732,12.0,-0.011719292029738426,-0.1640932559967041,0.008362405002117157,-0.014200760051608086
CWE-538,CWE-862,13.0,-0.011719292029738426,-0.1640932559967041,-0.00795373972505331,-0.026479557156562805
CWE-539,CWE-1021,4.0,-0.2613501250743866,-0.05548138543963432,-0.05648478493094444,-0.001264764228835702
CWE-544,CWE-552,2.0,0.1980951875448227,-0.24506686627864838,0.01144830696284771,-0.07407399266958237
CWE-544,CWE-1100,1.0,0.1980951875448227,-0.24506686627864838,0.4723316729068756,-0.26719996333122253
CWE-544,CWE-863,2.0,0.1980951875448227,-0.24506686627864838,-0.019663941115140915,-0.0025097504258155823
CWE-547,CWE-798,3.0,0.053789444267749786,0.2934279143810272,-0.025941848754882812,-0.01919712871313095
CWE-547,CWE-862,4.0,0.053789444267749786,0.2934279143810272,-0.00795373972505331,-0.026479557156562805
CWE-548,CWE-798,12.0,-0.059847477823495865,-0.17080868780612946,-0.025941848754882812,-0.01919712871313095
CWE-551,CWE-1050,1.0,-0.021567614749073982,-0.3153051435947418,0.20279480516910553,-0.42002272605895996
CWE-551,CWE-807,4.0,-0.021567614749073982,-0.3153051435947418,-0.020085351541638374,-0.12326335161924362
CWE-551,CWE-863,3.0,-0.021567614749073982,-0.3153051435947418,-0.019663941115140915,-0.0025097504258155823
CWE-551,CWE-918,3.0,-0.021567614749073982,-0.3153051435947418,-0.009878953918814659,-0.07857222110033035
CWE-551,CWE-639,4.0,-0.021567614749073982,-0.3153051435947418,-0.010897975414991379,-0.08910393714904785
CWE-552,CWE-1392,29.0,0.01144830696284771,-0.07407399266958237,0.002318493090569973,-0.14375664293766022
CWE-553,CWE-923,1.0,-0.2027188241481781,0.9414753317832947,-0.10824158042669296,0.14542903006076813
CWE-556,CWE-787,2.0,0.3115779757499695,-0.17842550575733185,-0.0072766561061143875,0.03308534994721413
CWE-556,CWE-732,2.0,0.3115779757499695,-0.17842550575733185,0.008362405002117157,-0.014200760051608086
CWE-557,CWE-799,1.0,-0.3845733106136322,-0.3561520278453827,-0.12036526948213577,-0.20732536911964417
CWE-561,CWE-570,13.0,-0.04074735939502716,0.2768230736255646,-0.031417056918144226,0.29588639736175537
CWE-561,CWE-686,13.0,-0.04074735939502716,0.2768230736255646,-0.001950284349732101,0.29357120394706726
CWE-562,CWE-758,1.0,-0.17823170125484467,0.503158688545227,-0.18302969634532928,0.21307291090488434
CWE-566,CWE-863,1.0,0.2846527695655823,0.43410906195640564,-0.019663941115140915,-0.0025097504258155823
CWE-570,CWE-686,13.0,-0.031417056918144226,0.29588639736175537,-0.001950284349732101,0.29357120394706726
CWE-573,CWE-770,3.0,-0.10876543819904327,-0.30312296748161316,-0.01595434546470642,0.0078063239343464375
CWE-573,CWE-863,2.0,-0.10876543819904327,-0.30312296748161316,-0.019663941115140915,-0.0025097504258155823
CWE-573,CWE-908,2.0,-0.10876543819904327,-0.30312296748161316,-0.017863865941762924,0.05613620951771736
CWE-590,CWE-787,10.0,0.05713421478867531,0.20955033600330353,-0.0072766561061143875,0.03308534994721413
CWE-591,CWE-787,17.0,0.09200659394264221,0.14039558172225952,-0.0072766561061143875,0.03308534994721413
CWE-591,CWE-733,1.0,0.09200659394264221,0.14039558172225952,0.15817762911319733,0.41518744826316833
CWE-591,CWE-1332,2.0,0.09200659394264221,0.14039558172225952,0.3558706045150757,-0.056838247925043106
CWE-592,CWE-863,1.0,-0.4233454465866089,-0.2592567205429077,-0.019663941115140915,-0.0025097504258155823
CWE-592,CWE-601,1.0,-0.4233454465866089,-0.2592567205429077,-0.0036730500869452953,-0.049856338649988174
CWE-601,CWE-777,1.0,-0.0036730500869452953,-0.049856338649988174,0.2429700493812561,-0.39930349588394165
CWE-601,CWE-837,6.0,-0.0036730500869452953,-0.049856338649988174,0.1802828460931778,0.06425723433494568
CWE-601,CWE-650,1.0,-0.0036730500869452953,-0.049856338649988174,-0.4045006334781647,-0.13544780015945435
CWE-601,CWE-688,1.0,-0.0036730500869452953,-0.049856338649988174,-0.2674998641014099,-0.44546711444854736
CWE-602,CWE-918,10.0,0.019583141431212425,-0.18966950476169586,-0.009878953918814659,-0.07857222110033035
CWE-602,CWE-862,9.0,0.019583141431212425,-0.18966950476169586,-0.00795373972505331,-0.026479557156562805
CWE-603,CWE-918,3.0,0.1921589970588684,0.189273402094841,-0.009878953918814659,-0.07857222110033035
CWE-606,CWE-770,9.0,0.1044236496090889,-0.15278270840644836,-0.01595434546470642,0.0078063239343464375
CWE-606,CWE-771,2.0,0.1044236496090889,-0.15278270840644836,0.19496247172355652,-0.33644136786460876
CWE-610,CWE-787,59.0,-0.08035542815923691,0.01670839451253414,-0.0072766561061143875,0.03308534994721413
CWE-611,CWE-1241,1.0,-0.02453511953353882,-0.04844933748245239,0.10160201042890549,-0.4920710623264313
CWE-612,CWE-862,1.0,0.3520153760910034,0.270475834608078,-0.00795373972505331,-0.026479557156562805
CWE-613,CWE-840,5.0,-0.05584489554166794,-0.0355217382311821,-0.10702486336231232,-0.2180097997188568
CWE-613,CWE-644,7.0,-0.05584489554166794,-0.0355217382311821,-0.19731102883815765,-0.040414512157440186
CWE-613,CWE-1104,5.0,-0.05584489554166794,-0.0355217382311821,-0.18584008514881134,-0.1726248562335968
CWE-613,CWE-614,6.0,-0.05584489554166794,-0.0355217382311821,-0.16642720997333527,-0.14508338272571564
CWE-613,CWE-1242,2.0,-0.05584489554166794,-0.0355217382311821,0.021055569872260094,-0.33694005012512207
CWE-613,CWE-941,1.0,-0.05584489554166794,-0.0355217382311821,0.3735717833042145,-0.2473551481962204
CWE-613,CWE-836,2.0,-0.05584489554166794,-0.0355217382311821,-0.36390581727027893,0.04727599397301674
CWE-615,CWE-639,2.0,-0.05823063477873802,-0.36850687861442566,-0.010897975414991379,-0.08910393714904785
CWE-616,CWE-1274,1.0,0.35243526101112366,-0.2715587615966797,0.26263490319252014,0.07113972306251526
CWE-616,CWE-863,1.0,0.35243526101112366,-0.2715587615966797,-0.019663941115140915,-0.0025097504258155823
CWE-617,CWE-787,2264.0,-0.0008893574122339487,0.04848543182015419,-0.0072766561061143875,0.03308534994721413
CWE-617,CWE-771,1.0,-0.0008893574122339487,0.04848543182015419,0.19496247172355652,-0.33644136786460876
CWE-617,CWE-1176,1.0,-0.0008893574122339487,0.04848543182015419,0.159585639834404,0.48666930198669434
CWE-620,CWE-918,10.0,0.05001126602292061,-0.18225038051605225,-0.009878953918814659,-0.07857222110033035
CWE-620,CWE-798,11.0,0.05001126602292061,-0.18225038051605225,-0.025941848754882812,-0.01919712871313095
CWE-624,CWE-783,1.0,-0.33712252974510193,-0.6514313817024231,-0.16063103079795837,-0.10798216611146927
CWE-625,CWE-732,2.0,-0.28580281138420105,-0.23338152468204498,0.008362405002117157,-0.014200760051608086
CWE-626,CWE-835,1.0,0.4066450297832489,-0.24929814040660858,0.002445928053930402,0.05998510867357254
CWE-627,CWE-653,1.0,-0.24973860383033752,0.9999999403953552,-0.09316997975111008,0.2250336855649948
CWE-636,CWE-770,4.0,-0.20675361156463623,-0.09791460633277893,-0.01595434546470642,0.0078063239343464375
CWE-636,CWE-862,6.0,-0.20675361156463623,-0.09791460633277893,-0.00795373972505331,-0.026479557156562805
CWE-639,CWE-698,1.0,-0.010897975414991379,-0.08910393714904785,-0.08834975212812424,-0.4683639109134674
CWE-639,CWE-1038,1.0,-0.010897975414991379,-0.08910393714904785,0.4714348018169403,0.03852362185716629
CWE-639,CWE-804,2.0,-0.010897975414991379,-0.08910393714904785,-0.15164715051651,-0.3520669639110565
CWE-639,CWE-862,152.0,-0.010897975414991379,-0.08910393714904785,-0.00795373972505331,-0.026479557156562805
CWE-639,CWE-1326,1.0,-0.010897975414991379,-0.08910393714904785,-0.13095775246620178,-0.4370889663696289
CWE-639,CWE-882,1.0,-0.010897975414991379,-0.08910393714904785,0.2210083156824112,-0.4509226977825165
CWE-640,CWE-863,48.0,-0.0052832504734396935,-0.11900318413972855,-0.019663941115140915,-0.0025097504258155823
CWE-641,CWE-843,18.0,-0.011356968432664871,0.1735605150461197,0.0006745989667251706,0.07189887017011642
CWE-641,CWE-908,18.0,-0.011356968432664871,0.1735605150461197,-0.017863865941762924,0.05613620951771736
CWE-642,CWE-862,6.0,-0.24047529697418213,-0.012350109405815601,-0.00795373972505331,-0.026479557156562805
CWE-642,CWE-693,5.0,-0.24047529697418213,-0.012350109405815601,-0.0892585813999176,0.007505075074732304
CWE-645,CWE-863,2.0,-0.06642980873584747,0.39702558517456055,-0.019663941115140915,-0.0025097504258155823
CWE-645,CWE-754,2.0,-0.06642980873584747,0.39702558517456055,-0.029542161151766777,0.05322364345192909
CWE-646,CWE-837,1.0,0.4276861846446991,0.2652498781681061,0.1802828460931778,0.06425723433494568
CWE-647,CWE-1124,1.0,0.2335413694381714,-0.2918154299259186,0.17061983048915863,-0.4645332992076874
CWE-648,CWE-770,23.0,0.09911176562309265,-0.0657675489783287,-0.01595434546470642,0.0078063239343464375
CWE-650,CWE-798,1.0,-0.4045006334781647,-0.13544780015945435,-0.025941848754882812,-0.01919712871313095
CWE-653,CWE-787,6.0,-0.09316997975111008,0.2250336855649948,-0.0072766561061143875,0.03308534994721413
CWE-653,CWE-863,8.0,-0.09316997975111008,0.2250336855649948,-0.019663941115140915,-0.0025097504258155823
CWE-656,CWE-787,1.0,0.47243884205818176,-0.024991432204842567,-0.0072766561061143875,0.03308534994721413
CWE-657,CWE-824,6.0,-0.09901676326990128,0.23936031758785248,-0.01481824740767479,0.06391838937997818
CWE-657,CWE-787,6.0,-0.09901676326990128,0.23936031758785248,-0.0072766561061143875,0.03308534994721413
CWE-662,CWE-755,46.0,0.012740850448608398,0.12130024284124374,0.011630009859800339,0.05406934395432472
CWE-662,CWE-787,58.0,0.012740850448608398,0.12130024284124374,-0.0072766561061143875,0.03308534994721413
CWE-664,CWE-787,14.0,0.10384984314441681,0.12616373598575592,-0.0072766561061143875,0.03308534994721413
CWE-664,CWE-1068,1.0,0.10384984314441681,0.12616373598575592,0.44920122623443604,0.05828113853931427
CWE-665,CWE-1268,1.0,-0.017241965979337692,0.027158373966813087,-0.12075623869895935,0.5378002524375916
CWE-665,CWE-787,1174.0,-0.017241965979337692,0.027158373966813087,-0.0072766561061143875,0.03308534994721413
CWE-665,CWE-1026,1.0,-0.017241965979337692,0.027158373966813087,-0.25146958231925964,-0.4784662127494812
CWE-667,CWE-1176,1.0,-0.01672227308154106,0.08033251762390137,0.159585639834404,0.48666930198669434
CWE-667,CWE-787,348.0,-0.01672227308154106,0.08033251762390137,-0.0072766561061143875,0.03308534994721413
CWE-667,CWE-832,1.0,-0.01672227308154106,0.08033251762390137,0.4845094084739685,0.07123816013336182
CWE-667,CWE-786,3.0,-0.01672227308154106,0.08033251762390137,-0.10790842026472092,0.29163822531700134
CWE-667,CWE-1037,2.0,-0.01672227308154106,0.08033251762390137,-0.2451554834842682,0.3302837610244751
CWE-668,CWE-787,803.0,0.004169609397649765,0.028927691280841827,-0.0072766561061143875,0.03308534994721413
CWE-669,CWE-787,25.0,0.07230829447507858,-0.0477164089679718,-0.0072766561061143875,0.03308534994721413
CWE-669,CWE-1241,1.0,0.07230829447507858,-0.0477164089679718,0.10160201042890549,-0.4920710623264313
CWE-669,CWE-696,5.0,0.07230829447507858,-0.0477164089679718,-0.1286441534757614,-0.17481285333633423
CWE-670,CWE-768,1.0,-0.025426315143704414,0.11868958920240402,0.5139530897140503,0.11742100119590759
CWE-670,CWE-828,1.0,-0.025426315143704414,0.11868958920240402,0.1490800380706787,0.5327438116073608
CWE-670,CWE-690,1.0,-0.025426315143704414,0.11868958920240402,0.5037754774093628,0.018625503405928612
CWE-670,CWE-787,60.0,-0.025426315143704414,0.11868958920240402,-0.0072766561061143875,0.03308534994721413
CWE-670,CWE-1059,1.0,-0.025426315143704414,0.11868958920240402,-0.3885617256164551,0.2843596935272217
CWE-671,CWE-1284,1.0,-0.31687793135643005,-0.3643779754638672,-0.033107560127973557,0.058357998728752136
CWE-671,CWE-918,1.0,-0.31687793135643005,-0.3643779754638672,-0.009878953918814659,-0.07857222110033035
CWE-671,CWE-770,1.0,-0.31687793135643005,-0.3643779754638672,-0.01595434546470642,0.0078063239343464375
CWE-672,CWE-675,1.0,-0.13011184334754944,0.002067751483991742,-0.32740041613578796,0.41372883319854736
CWE-672,CWE-863,24.0,-0.13011184334754944,0.002067751483991742,-0.019663941115140915,-0.0025097504258155823
CWE-672,CWE-787,25.0,-0.13011184334754944,0.002067751483991742,-0.0072766561061143875,0.03308534994721413
CWE-674,CWE-828,1.0,-0.011516761034727097,0.10007078945636749,0.1490800380706787,0.5327438116073608
CWE-674,CWE-787,195.0,-0.011516761034727097,0.10007078945636749,-0.0072766561061143875,0.03308534994721413
CWE-674,CWE-1325,3.0,-0.011516761034727097,0.10007078945636749,-0.017875470221042633,0.3186037540435791
CWE-674,CWE-1112,1.0,-0.011516761034727097,0.10007078945636749,0.09986289590597153,0.4756130576133728
CWE-675,CWE-824,1.0,-0.32740041613578796,0.41372883319854736,-0.01481824740767479,0.06391838937997818
CWE-675,CWE-754,1.0,-0.32740041613578796,0.41372883319854736,-0.029542161151766777,0.05322364345192909
CWE-680,CWE-770,32.0,-0.07411782443523407,0.10807666927576065,-0.01595434546470642,0.0078063239343464375
CWE-680,CWE-787,33.0,-0.07411782443523407,0.10807666927576065,-0.0072766561061143875,0.03308534994721413
CWE-681,CWE-787,325.0,-0.03912424296140671,0.016654817387461662,-0.0072766561061143875,0.03308534994721413
CWE-682,CWE-787,85.0,-0.045395296066999435,0.08008401095867157,-0.0072766561061143875,0.03308534994721413
CWE-683,CWE-697,1.0,-0.45509785413742065,0.2465769648551941,-0.032389119267463684,0.06760942190885544
CWE-684,CWE-787,4.0,-0.12426260113716125,0.30459359288215637,-0.0072766561061143875,0.03308534994721413
CWE-684,CWE-754,3.0,-0.12426260113716125,0.30459359288215637,-0.029542161151766777,0.05322364345192909
CWE-684,CWE-770,3.0,-0.12426260113716125,0.30459359288215637,-0.01595434546470642,0.0078063239343464375
CWE-688,CWE-918,1.0,-0.2674998641014099,-0.44546711444854736,-0.009878953918814659,-0.07857222110033035
CWE-689,CWE-843,1.0,0.49030935764312744,-0.12198267132043839,0.0006745989667251706,0.07189887017011642
CWE-689,CWE-927,1.0,0.49030935764312744,-0.12198267132043839,0.46227210760116577,-0.005957399029284716
CWE-689,CWE-1188,1.0,0.49030935764312744,-0.12198267132043839,0.01789952628314495,-0.02344428189098835
CWE-693,CWE-787,67.0,-0.0892585813999176,0.007505075074732304,-0.0072766561061143875,0.03308534994721413
CWE-694,CWE-755,1.0,0.18616950511932373,0.41727641224861145,0.011630009859800339,0.05406934395432472
CWE-694,CWE-706,2.0,0.18616950511932373,0.41727641224861145,-0.06929116696119308,0.04818933829665184
CWE-694,CWE-863,1.0,0.18616950511932373,0.41727641224861145,-0.019663941115140915,-0.0025097504258155823
CWE-696,CWE-863,5.0,-0.1286441534757614,-0.17481285333633423,-0.019663941115140915,-0.0025097504258155823
CWE-696,CWE-787,5.0,-0.1286441534757614,-0.17481285333633423,-0.0072766561061143875,0.03308534994721413
CWE-697,CWE-787,318.0,-0.032389119267463684,0.06760942190885544,-0.0072766561061143875,0.03308534994721413
CWE-703,CWE-787,16.0,0.07101047039031982,0.13310934603214264,-0.0072766561061143875,0.03308534994721413
CWE-703,CWE-1046,1.0,0.07101047039031982,0.13310934603214264,0.09148857742547989,0.4950147569179535
CWE-704,CWE-1300,3.0,-0.023998349905014038,0.045877061784267426,-0.3074047565460205,0.11131613701581955
CWE-704,CWE-787,931.0,-0.023998349905014038,0.045877061784267426,-0.0072766561061143875,0.03308534994721413
CWE-706,CWE-787,51.0,-0.06929116696119308,0.04818933829665184,-0.0072766561061143875,0.03308534994721413
CWE-708,CWE-863,3.0,-0.255231648683548,-0.2447633594274521,-0.019663941115140915,-0.0025097504258155823
CWE-708,CWE-862,2.0,-0.255231648683548,-0.2447633594274521,-0.00795373972505331,-0.026479557156562805
CWE-708,CWE-918,2.0,-0.255231648683548,-0.2447633594274521,-0.009878953918814659,-0.07857222110033035
CWE-710,CWE-798,8.0,-0.19471155107021332,0.06485260277986526,-0.025941848754882812,-0.01919712871313095
CWE-732,CWE-787,481.0,0.008362405002117157,-0.014200760051608086,-0.0072766561061143875,0.03308534994721413
CWE-732,CWE-1106,1.0,0.008362405002117157,-0.014200760051608086,0.3726784586906433,-0.35646629333496094
CWE-732,CWE-1188,75.0,0.008362405002117157,-0.014200760051608086,0.01789952628314495,-0.02344428189098835
CWE-732,CWE-1276,1.0,0.008362405002117157,-0.014200760051608086,-0.47444942593574524,-0.014255320653319359
CWE-732,CWE-768,1.0,0.008362405002117157,-0.014200760051608086,0.5139530897140503,0.11742100119590759
CWE-732,CWE-1007,1.0,0.008362405002117157,-0.014200760051608086,0.4067137837409973,0.2969486117362976
CWE-733,CWE-908,2.0,0.15817762911319733,0.41518744826316833,-0.017863865941762924,0.05613620951771736
CWE-733,CWE-1260,1.0,0.15817762911319733,0.41518744826316833,-0.04551472142338753,0.13887731730937958
CWE-749,CWE-787,176.0,0.024259833618998528,0.06699757277965546,-0.0072766561061143875,0.03308534994721413
CWE-754,CWE-939,4.0,-0.029542161151766777,0.05322364345192909,-0.27840590476989746,0.009114847518503666
CWE-754,CWE-787,231.0,-0.029542161151766777,0.05322364345192909,-0.0072766561061143875,0.03308534994721413
CWE-754,CWE-1124,1.0,-0.029542161151766777,0.05322364345192909,0.17061983048915863,-0.4645332992076874
CWE-755,CWE-788,10.0,0.011630009859800339,0.05406934395432472,0.1274677962064743,0.08700443804264069
CWE-755,CWE-924,15.0,0.011630009859800339,0.05406934395432472,0.14030857384204865,-0.00923512876033783
CWE-755,CWE-787,814.0,0.011630009859800339,0.05406934395432472,-0.0072766561061143875,0.03308534994721413
CWE-757,CWE-863,5.0,0.1514016091823578,-0.16351193189620972,-0.019663941115140915,-0.0025097504258155823
CWE-757,CWE-1394,2.0,0.1514016091823578,-0.16351193189620972,0.294491171836853,-0.22966356575489044
CWE-757,CWE-770,6.0,0.1514016091823578,-0.16351193189620972,-0.01595434546470642,0.0078063239343464375
CWE-757,CWE-787,4.0,0.1514016091823578,-0.16351193189620972,-0.0072766561061143875,0.03308534994721413
CWE-759,CWE-798,115.0,-0.09065411984920502,-0.01097128540277481,-0.025941848754882812,-0.01919712871313095
CWE-762,CWE-798,1.0,-0.22934158146381378,0.3479769229888916,-0.025941848754882812,-0.01919712871313095
CWE-762,CWE-789,2.0,-0.22934158146381378,0.3479769229888916,-0.08799698203802109,0.11868457496166229
CWE-763,CWE-787,264.0,0.007184468675404787,0.0808861032128334,-0.0072766561061143875,0.03308534994721413
CWE-768,CWE-863,1.0,0.5139530897140503,0.11742100119590759,-0.019663941115140915,-0.0025097504258155823
CWE-770,CWE-1046,1.0,-0.01595434546470642,0.0078063239343464375,0.09148857742547989,0.4950147569179535
CWE-770,CWE-1333,47.0,-0.01595434546470642,0.0078063239343464375,-0.07493264973163605,-0.053239379078149796
CWE-770,CWE-1321,65.0,-0.01595434546470642,0.0078063239343464375,-0.03548780456185341,-0.07225766032934189
CWE-770,CWE-923,18.0,-0.01595434546470642,0.0078063239343464375,-0.10824158042669296,0.14542903006076813
CWE-770,CWE-841,14.0,-0.01595434546470642,0.0078063239343464375,0.14038075506687164,0.017701933160424232
CWE-770,CWE-925,1.0,-0.01595434546470642,0.0078063239343464375,-0.37451526522636414,0.31411921977996826
CWE-770,CWE-1023,16.0,-0.01595434546470642,0.0078063239343464375,0.11612369120121002,-0.06985495239496231
CWE-770,CWE-1393,4.0,-0.01595434546470642,0.0078063239343464375,0.019039129838347435,-0.244114488363266
CWE-770,CWE-833,4.0,-0.01595434546470642,0.0078063239343464375,0.0659109503030777,0.25692132115364075
CWE-770,CWE-787,776.0,-0.01595434546470642,0.0078063239343464375,-0.0072766561061143875,0.03308534994721413
CWE-770,CWE-1059,1.0,-0.01595434546470642,0.0078063239343464375,-0.3885617256164551,0.2843596935272217
CWE-770,CWE-842,1.0,-0.01595434546470642,0.0078063239343464375,0.43856915831565857,0.1758875846862793
CWE-770,CWE-916,114.0,-0.01595434546470642,0.0078063239343464375,-0.01251297164708376,-0.0682130977511406
CWE-770,CWE-1325,4.0,-0.01595434546470642,0.0078063239343464375,-0.017875470221042633,0.3186037540435791
CWE-770,CWE-786,3.0,-0.01595434546470642,0.0078063239343464375,-0.10790842026472092,0.29163822531700134
CWE-770,CWE-1288,16.0,-0.01595434546470642,0.0078063239343464375,0.12776024639606476,-0.006410484202206135
CWE-770,CWE-789,48.0,-0.01595434546470642,0.0078063239343464375,-0.08799698203802109,0.11868457496166229
CWE-770,CWE-940,3.0,-0.01595434546470642,0.0078063239343464375,0.2575811743736267,-0.0781717598438263
CWE-770,CWE-834,45.0,-0.01595434546470642,0.0078063239343464375,-0.04651564732193947,0.11536671966314316
CWE-770,CWE-1287,45.0,-0.01595434546470642,0.0078063239343464375,0.07041751593351364,0.07457787543535233
CWE-770,CWE-788,20.0,-0.01595434546470642,0.0078063239343464375,0.1274677962064743,0.08700443804264069
CWE-770,CWE-1004,3.0,-0.01595434546470642,0.0078063239343464375,0.22773496806621552,-0.02173108607530594
CWE-770,CWE-1191,5.0,-0.01595434546470642,0.0078063239343464375,-0.205159991979599,0.11835432797670364
CWE-770,CWE-1223,1.0,-0.01595434546470642,0.0078063239343464375,0.02309814654290676,0.3997756838798523
CWE-770,CWE-1088,3.0,-0.01595434546470642,0.0078063239343464375,0.2973439693450928,-0.16593854129314423
CWE-770,CWE-825,23.0,-0.01595434546470642,0.0078063239343464375,0.07026994973421097,0.10676950216293335
CWE-770,CWE-1299,69.0,-0.01595434546470642,0.0078063239343464375,-0.05855024233460426,-0.08079259097576141
CWE-772,CWE-787,248.0,0.03285348787903786,0.03894081339240074,-0.0072766561061143875,0.03308534994721413
CWE-772,CWE-1288,25.0,0.03285348787903786,0.03894081339240074,0.12776024639606476,-0.006410484202206135
CWE-772,CWE-911,3.0,0.03285348787903786,0.03894081339240074,0.2735683023929596,0.15579849481582642
CWE-776,CWE-787,55.0,-0.07124422490596771,0.060925208032131195,-0.0072766561061143875,0.03308534994721413
CWE-776,CWE-1112,1.0,-0.07124422490596771,0.060925208032131195,0.09986289590597153,0.4756130576133728
CWE-777,CWE-863,1.0,0.2429700493812561,-0.39930349588394165,-0.019663941115140915,-0.0025097504258155823
CWE-783,CWE-826,1.0,-0.16063103079795837,-0.10798216611146927,0.009986468590795994,-0.5774474740028381
CWE-783,CWE-787,8.0,-0.16063103079795837,-0.10798216611146927,-0.0072766561061143875,0.03308534994721413
CWE-783,CWE-863,8.0,-0.16063103079795837,-0.10798216611146927,-0.019663941115140915,-0.0025097504258155823
CWE-786,CWE-823,3.0,-0.10790842026472092,0.29163822531700134,-0.026675624772906303,0.0922546237707138
CWE-786,CWE-787,5.0,-0.10790842026472092,0.29163822531700134,-0.0072766561061143875,0.03308534994721413
CWE-786,CWE-835,5.0,-0.10790842026472092,0.29163822531700134,0.002445928053930402,0.05998510867357254
CWE-787,CWE-1257,189.0,-0.0072766561061143875,0.03308534994721413,0.025034425780177116,0.054088592529296875
CWE-787,CWE-824,975.0,-0.0072766561061143875,0.03308534994721413,-0.01481824740767479,0.06391838937997818
CWE-787,CWE-1242,3.0,-0.0072766561061143875,0.03308534994721413,0.021055569872260094,-0.33694005012512207
CWE-787,CWE-1260,4.0,-0.0072766561061143875,0.03308534994721413,-0.04551472142338753,0.13887731730937958
CWE-787,CWE-1386,1.0,-0.0072766561061143875,0.03308534994721413,0.6127188801765442,0.04783455282449722
CWE-787,CWE-909,95.0,-0.0072766561061143875,0.03308534994721413,-0.03583502024412155,0.10105342417955399
CWE-787,CWE-823,151.0,-0.0072766561061143875,0.03308534994721413,-0.026675624772906303,0.0922546237707138
CWE-787,CWE-923,19.0,-0.0072766561061143875,0.03308534994721413,-0.10824158042669296,0.14542903006076813
CWE-787,CWE-922,81.0,-0.0072766561061143875,0.03308534994721413,-0.07311329990625381,0.015178214758634567
CWE-787,CWE-1390,506.0,-0.0072766561061143875,0.03308534994721413,0.013699682429432869,0.07177522033452988
CWE-787,CWE-911,2.0,-0.0072766561061143875,0.03308534994721413,0.2735683023929596,0.15579849481582642
CWE-787,CWE-798,728.0,-0.0072766561061143875,0.03308534994721413,-0.025941848754882812,-0.01919712871313095
CWE-787,CWE-1262,148.0,-0.0072766561061143875,0.03308534994721413,0.01626310683786869,0.09115028381347656
CWE-787,CWE-1220,209.0,-0.0072766561061143875,0.03308534994721413,0.031769607216119766,0.02468506433069706
CWE-787,CWE-924,14.0,-0.0072766561061143875,0.03308534994721413,0.14030857384204865,-0.00923512876033783
CWE-787,CWE-839,1.0,-0.0072766561061143875,0.03308534994721413,0.3880758285522461,0.06401635706424713
CWE-787,CWE-913,24.0,-0.0072766561061143875,0.03308534994721413,-0.09033805131912231,0.10571099817752838
CWE-787,CWE-1282,1.0,-0.0072766561061143875,0.03308534994721413,0.6345846652984619,0.303110808134079
CWE-787,CWE-1230,9.0,-0.0072766561061143875,0.03308534994721413,-0.18028749525547028,0.014983301982283592
CWE-787,CWE-1021,119.0,-0.0072766561061143875,0.03308534994721413,-0.05648478493094444,-0.001264764228835702
CWE-787,CWE-926,4.0,-0.0072766561061143875,0.03308534994721413,-0.01932874321937561,0.2733851671218872
CWE-787,CWE-1335,5.0,-0.0072766561061143875,0.03308534994721413,-0.06880731880664825,0.259678453207016
CWE-787,CWE-830,2.0,-0.0072766561061143875,0.03308534994721413,-0.33189019560813904,0.06973322480916977
CWE-787,CWE-1284,283.0,-0.0072766561061143875,0.03308534994721413,-0.033107560127973557,0.058357998728752136
CWE-787,CWE-1176,1.0,-0.0072766561061143875,0.03308534994721413,0.159585639834404,0.48666930198669434
CWE-787,CWE-843,533.0,-0.0072766561061143875,0.03308534994721413,0.0006745989667251706,0.07189887017011642
CWE-787,CWE-805,16.0,-0.0072766561061143875,0.03308534994721413,-0.0553806908428669,0.1813008189201355
CWE-787,CWE-821,3.0,-0.0072766561061143875,0.03308534994721413,0.2166917622089386,0.18820887804031372
CWE-787,CWE-1188,71.0,-0.0072766561061143875,0.03308534994721413,0.01789952628314495,-0.02344428189098835
CWE-787,CWE-1325,4.0,-0.0072766561061143875,0.03308534994721413,-0.017875470221042633,0.3186037540435791
CWE-787,CWE-1285,6.0,-0.0072766561061143875,0.03308534994721413,0.2548980712890625,0.006491194944828749
CWE-787,CWE-863,1224.0,-0.0072766561061143875,0.03308534994721413,-0.019663941115140915,-0.0025097504258155823
CWE-787,CWE-820,14.0,-0.0072766561061143875,0.03308534994721413,-0.02443540282547474,0.19750702381134033
CWE-787,CWE-835,1351.0,-0.0072766561061143875,0.03308534994721413,0.002445928053930402,0.05998510867357254
CWE-787,CWE-789,34.0,-0.0072766561061143875,0.03308534994721413,-0.08799698203802109,0.11868457496166229
CWE-787,CWE-940,3.0,-0.0072766561061143875,0.03308534994721413,0.2575811743736267,-0.0781717598438263
CWE-787,CWE-862,429.0,-0.0072766561061143875,0.03308534994721413,-0.00795373972505331,-0.026479557156562805
CWE-787,CWE-834,48.0,-0.0072766561061143875,0.03308534994721413,-0.04651564732193947,0.11536671966314316
CWE-787,CWE-1287,48.0,-0.0072766561061143875,0.03308534994721413,0.07041751593351364,0.07457787543535233
CWE-787,CWE-908,836.0,-0.0072766561061143875,0.03308534994721413,-0.017863865941762924,0.05613620951771736
CWE-787,CWE-822,246.0,-0.0072766561061143875,0.03308534994721413,-0.004816541913896799,0.08522438257932663
CWE-787,CWE-1294,123.0,-0.0072766561061143875,0.03308534994721413,0.028131654486060143,0.0967378318309784
CWE-787,CWE-917,23.0,-0.0072766561061143875,0.03308534994721413,-0.07059326022863388,-0.09641051292419434
CWE-787,CWE-942,16.0,-0.0072766561061143875,0.03308534994721413,0.1108621135354042,-0.02375006303191185
CWE-788,CWE-835,21.0,0.1274677962064743,0.08700443804264069,0.002445928053930402,0.05998510867357254
CWE-789,CWE-925,1.0,-0.08799698203802109,0.11868457496166229,-0.37451526522636414,0.31411921977996826
CWE-791,CWE-863,2.0,0.23679213225841522,-0.21023258566856384,-0.019663941115140915,-0.0025097504258155823
CWE-791,CWE-1287,2.0,0.23679213225841522,-0.21023258566856384,0.07041751593351364,0.07457787543535233
CWE-798,CWE-916,97.0,-0.025941848754882812,-0.01919712871313095,-0.01251297164708376,-0.0682130977511406
CWE-798,CWE-1326,2.0,-0.025941848754882812,-0.01919712871313095,-0.13095775246620178,-0.4370889663696289
CWE-798,CWE-836,2.0,-0.025941848754882812,-0.01919712871313095,-0.36390581727027893,0.04727599397301674
CWE-798,CWE-1299,69.0,-0.025941848754882812,-0.01919712871313095,-0.05855024233460426,-0.08079259097576141
CWE-799,CWE-862,5.0,-0.12036526948213577,-0.20732536911964417,-0.00795373972505331,-0.026479557156562805
CWE-804,CWE-863,2.0,-0.15164715051651,-0.3520669639110565,-0.019663941115140915,-0.0025097504258155823
CWE-804,CWE-918,2.0,-0.15164715051651,-0.3520669639110565,-0.009878953918814659,-0.07857222110033035
CWE-805,CWE-843,14.0,-0.0553806908428669,0.1813008189201355,0.0006745989667251706,0.07189887017011642
CWE-805,CWE-1284,12.0,-0.0553806908428669,0.1813008189201355,-0.033107560127973557,0.058357998728752136
CWE-807,CWE-1283,1.0,-0.020085351541638374,-0.12326335161924362,-0.009968851692974567,-0.939281702041626
CWE-807,CWE-862,24.0,-0.020085351541638374,-0.12326335161924362,-0.00795373972505331,-0.026479557156562805
CWE-820,CWE-822,13.0,-0.02443540282547474,0.19750702381134033,-0.004816541913896799,0.08522438257932663
CWE-821,CWE-862,3.0,0.2166917622089386,0.18820887804031372,-0.00795373972505331,-0.026479557156562805
CWE-824,CWE-825,25.0,-0.01481824740767479,0.06391838937997818,0.07026994973421097,0.10676950216293335
CWE-826,CWE-915,1.0,0.009986468590795994,-0.5774474740028381,-0.03313298523426056,-0.1712537258863449
CWE-829,CWE-863,55.0,0.0007557526114396751,-0.08127222955226898,-0.019663941115140915,-0.0025097504258155823
CWE-829,CWE-1314,1.0,0.0007557526114396751,-0.08127222955226898,0.3111932575702667,-0.3953949213027954
CWE-829,CWE-839,1.0,0.0007557526114396751,-0.08127222955226898,0.3880758285522461,0.06401635706424713
CWE-832,CWE-843,1.0,0.4845094084739685,0.07123816013336182,0.0006745989667251706,0.07189887017011642
CWE-835,CWE-1112,1.0,0.002445928053930402,0.05998510867357254,0.09986289590597153,0.4756130576133728
CWE-835,CWE-1335,5.0,0.002445928053930402,0.05998510867357254,-0.06880731880664825,0.259678453207016
CWE-837,CWE-1018,1.0,0.1802828460931778,0.06425723433494568,0.4103979468345642,0.1995084285736084
CWE-838,CWE-863,8.0,0.19129236042499542,-0.021892650052905083,-0.019663941115140915,-0.0025097504258155823
CWE-838,CWE-1007,1.0,0.19129236042499542,-0.021892650052905083,0.4067137837409973,0.2969486117362976
CWE-839,CWE-908,1.0,0.3880758285522461,0.06401635706424713,-0.017863865941762924,0.05613620951771736
CWE-841,CWE-862,14.0,0.14038075506687164,0.017701933160424232,-0.00795373972505331,-0.026479557156562805
CWE-862,CWE-1039,8.0,-0.00795373972505331,-0.026479557156562805,0.0023044494446367025,0.21334519982337952
CWE-862,CWE-915,15.0,-0.00795373972505331,-0.026479557156562805,-0.03313298523426056,-0.1712537258863449
CWE-862,CWE-1323,1.0,-0.00795373972505331,-0.026479557156562805,0.5052939653396606,-0.20743410289287567
CWE-862,CWE-1250,1.0,-0.00795373972505331,-0.026479557156562805,0.4844644069671631,0.21089763939380646
CWE-862,CWE-1393,5.0,-0.00795373972505331,-0.026479557156562805,0.019039129838347435,-0.244114488363266
CWE-862,CWE-863,421.0,-0.00795373972505331,-0.026479557156562805,-0.019663941115140915,-0.0025097504258155823
CWE-862,CWE-1025,2.0,-0.00795373972505331,-0.026479557156562805,0.3113802969455719,-0.07030860334634781
CWE-862,CWE-1276,1.0,-0.00795373972505331,-0.026479557156562805,-0.47444942593574524,-0.014255320653319359
CWE-862,CWE-1258,3.0,-0.00795373972505331,-0.026479557156562805,0.10095135867595673,0.2884279191493988
CWE-862,CWE-1119,1.0,-0.00795373972505331,-0.026479557156562805,-0.00430250121280551,0.4906036853790283
CWE-862,CWE-1289,4.0,-0.00795373972505331,-0.026479557156562805,-0.27724483609199524,-0.03235951066017151
CWE-862,CWE-1004,4.0,-0.00795373972505331,-0.026479557156562805,0.22773496806621552,-0.02173108607530594
CWE-862,CWE-1314,1.0,-0.00795373972505331,-0.026479557156562805,0.3111932575702667,-0.3953949213027954
CWE-863,CWE-1046,1.0,-0.019663941115140915,-0.0025097504258155823,0.09148857742547989,0.4950147569179535
CWE-863,CWE-1333,47.0,-0.019663941115140915,-0.0025097504258155823,-0.07493264973163605,-0.053239379078149796
CWE-863,CWE-926,4.0,-0.019663941115140915,-0.0025097504258155823,-0.01932874321937561,0.2733851671218872
CWE-863,CWE-915,17.0,-0.019663941115140915,-0.0025097504258155823,-0.03313298523426056,-0.1712537258863449
CWE-863,CWE-939,4.0,-0.019663941115140915,-0.0025097504258155823,-0.27840590476989746,0.009114847518503666
CWE-863,CWE-1336,17.0,-0.019663941115140915,-0.0025097504258155823,-0.0559936948120594,-0.14249607920646667
CWE-863,CWE-1026,1.0,-0.019663941115140915,-0.0025097504258155823,-0.25146958231925964,-0.4784662127494812
CWE-863,CWE-1191,3.0,-0.019663941115140915,-0.0025097504258155823,-0.205159991979599,0.11835432797670364
CWE-863,CWE-1259,2.0,-0.019663941115140915,-0.0025097504258155823,-0.21715527772903442,0.2640018165111542
CWE-863,CWE-1223,2.0,-0.019663941115140915,-0.0025097504258155823,0.02309814654290676,0.3997756838798523
CWE-915,CWE-918,16.0,-0.03313298523426056,-0.1712537258863449,-0.009878953918814659,-0.07857222110033035
CWE-916,CWE-1278,1.0,-0.01251297164708376,-0.0682130977511406,0.5202538371086121,-0.4468158185482025
CWE-916,CWE-1299,69.0,-0.01251297164708376,-0.0682130977511406,-0.05855024233460426,-0.08079259097576141
CWE-918,CWE-1100,1.0,-0.009878953918814659,-0.07857222110033035,0.4723316729068756,-0.26719996333122253
CWE-918,CWE-1050,2.0,-0.009878953918814659,-0.07857222110033035,0.20279480516910553,-0.42002272605895996
CWE-918,CWE-1116,1.0,-0.009878953918814659,-0.07857222110033035,0.2954045832157135,-0.3612085282802582
CWE-918,CWE-1336,22.0,-0.009878953918814659,-0.07857222110033035,-0.0559936948120594,-0.14249607920646667
CWE-918,CWE-1385,4.0,-0.009878953918814659,-0.07857222110033035,0.06228112056851387,-0.2677745819091797
CWE-918,CWE-1276,1.0,-0.009878953918814659,-0.07857222110033035,-0.47444942593574524,-0.014255320653319359
CWE-922,CWE-1233,2.0,-0.07311329990625381,0.015178214758634567,-0.40785491466522217,-0.06891102343797684
CWE-923,CWE-1037,2.0,-0.10824158042669296,0.14542903006076813,-0.2451554834842682,0.3302837610244751
CWE-924,CWE-1394,2.0,0.14030857384204865,-0.00923512876033783,0.294491171836853,-0.22966356575489044
CWE-926,CWE-1223,1.0,-0.01932874321937561,0.2733851671218872,0.02309814654290676,0.3997756838798523
CWE-940,CWE-941,1.0,0.2575811743736267,-0.0781717598438263,0.3735717833042145,-0.2473551481962204
CWE-1004,CWE-1301,2.0,0.22773496806621552,-0.02173108607530594,0.2885664999485016,0.24086299538612366
CWE-1021,CWE-1103,1.0,-0.05648478493094444,-0.001264764228835702,0.05645700544118881,-0.5507605671882629
CWE-1021,CWE-1300,3.0,-0.05648478493094444,-0.001264764228835702,-0.3074047565460205,0.11131613701581955
CWE-1022,CWE-1275,2.0,-0.26168742775917053,-0.2975499927997589,0.057981058955192566,-0.3066570460796356
CWE-1025,CWE-1287,2.0,0.3113802969455719,-0.07030860334634781,0.07041751593351364,0.07457787543535233
CWE-1025,CWE-1288,2.0,0.3113802969455719,-0.07030860334634781,0.12776024639606476,-0.006410484202206135
CWE-1050,CWE-1288,1.0,0.20279480516910553,-0.42002272605895996,0.12776024639606476,-0.006410484202206135
CWE-1068,CWE-1321,1.0,0.44920122623443604,0.05828113853931427,-0.03548780456185341,-0.07225766032934189
CWE-1125,CWE-1220,1.0,0.866729736328125,-0.14845936000347137,0.031769607216119766,0.02468506433069706
CWE-1220,CWE-1257,186.0,0.031769607216119766,0.02468506433069706,0.025034425780177116,0.054088592529296875
CWE-1263,CWE-1270,5.0,0.19645293056964874,0.16237905621528625,0.2185649424791336,0.09555350244045258
CWE-1270,CWE-1274,5.0,0.2185649424791336,0.09555350244045258,0.26263490319252014,0.07113972306251526
CWE-1274,CWE-1282,2.0,0.26263490319252014,0.07113972306251526,0.6345846652984619,0.303110808134079
CWE-1285,CWE-1386,1.0,0.2548980712890625,0.006491194944828749,0.6127188801765442,0.04783455282449722
CWE-1326,CWE-1392,1.0,-0.13095775246620178,-0.4370889663696289,0.002318493090569973,-0.14375664293766022
