cwe_id,year,cve_count,pct_of_year,yoy_growth_pct
CWE-1,2017,2,0.01,
CWE-1004,2021,1,0.0,
CWE-1004,2022,1,0.0,0.0
CWE-1004,2025,7,0.01,600.0
CWE-1004,2026,4,0.01,-42.9
CWE-1007,2025,2,0.0,
CWE-1018,2023,1,0.0,
CWE-1021,2005,1,0.02,
CWE-1021,2008,1,0.02,0.0
CWE-1021,2011,1,0.02,0.0
CWE-1021,2013,1,0.02,0.0
CWE-1021,2014,2,0.02,100.0
CWE-1021,2015,1,0.02,-50.0
CWE-1021,2016,1,0.02,0.0
CWE-1021,2017,7,0.04,600.0
CWE-1021,2018,9,0.05,28.6
CWE-1021,2019,26,0.14,188.9
CWE-1021,2020,45,0.23,73.1
CWE-1021,2021,66,0.3,46.7
CWE-1021,2022,58,0.22,-12.1
CWE-1021,2023,33,0.11,-43.1
CWE-1021,2024,33,0.08,0.0
CWE-1021,2025,50,0.1,51.5
CWE-1021,2026,51,0.08,2.0
CWE-1022,2022,2,0.01,
CWE-1022,2025,3,0.01,50.0
CWE-1022,2026,1,0.0,-66.7
CWE-1023,2025,3,0.01,
CWE-1023,2026,6,0.01,100.0
CWE-1025,2024,1,0.0,
CWE-1025,2025,4,0.01,300.0
CWE-1025,2026,7,0.01,75.0
CWE-1026,2022,1,0.0,
CWE-1027,2026,1,0.0,
CWE-1037,2025,3,0.01,
CWE-1038,2025,4,0.01,
CWE-1039,2025,2,0.0,
CWE-1046,2026,1,0.0,
CWE-1049,2023,1,0.0,
CWE-1050,2024,1,0.0,
CWE-1050,2025,3,0.01,200.0
CWE-1050,2026,3,0.0,0.0
CWE-1059,2026,2,0.0,
CWE-1068,2025,1,0.0,
CWE-1068,2026,1,0.0,0.0
CWE-1072,2026,1,0.0,
CWE-1076,2021,1,0.0,
CWE-1077,2023,1,0.0,
CWE-1077,2026,2,0.0,100.0
CWE-1088,2025,4,0.01,
CWE-1088,2026,1,0.0,-75.0
CWE-1100,2025,1,0.0,
CWE-1102,2025,1,0.0,
CWE-1103,2023,1,0.0,
CWE-1104,2024,1,0.0,
CWE-1104,2025,6,0.01,500.0
CWE-1104,2026,11,0.02,83.3
CWE-1106,2024,1,0.0,
CWE-1108,2022,1,0.0,
CWE-1108,2026,1,0.0,0.0
CWE-1112,2025,1,0.0,
CWE-1116,2025,1,0.0,
CWE-1119,2026,1,0.0,
CWE-112,2021,1,0.0,
CWE-112,2022,1,0.0,0.0
CWE-112,2023,1,0.0,0.0
CWE-112,2026,1,0.0,0.0
CWE-1124,2026,1,0.0,
CWE-1125,2026,1,0.0,
CWE-113,2007,1,0.02,
CWE-113,2015,1,0.02,0.0
CWE-113,2016,3,0.05,200.0
CWE-113,2017,5,0.03,66.7
CWE-113,2018,6,0.03,20.0
CWE-113,2019,3,0.02,-50.0
CWE-113,2023,1,0.0,-66.7
CWE-113,2024,2,0.0,100.0
CWE-113,2025,11,0.02,450.0
CWE-113,2026,31,0.05,181.8
CWE-114,2023,1,0.0,
CWE-114,2024,2,0.0,100.0
CWE-114,2025,6,0.01,200.0
CWE-114,2026,1,0.0,-83.3
CWE-1149,2026,1,0.0,
CWE-115,2020,1,0.01,
CWE-115,2022,1,0.0,0.0
CWE-115,2023,1,0.0,0.0
CWE-115,2024,2,0.0,100.0
CWE-115,2025,8,0.02,300.0
CWE-115,2026,3,0.0,-62.5
CWE-116,2013,1,0.02,
CWE-116,2017,6,0.03,500.0
CWE-116,2018,6,0.03,0.0
CWE-116,2019,18,0.1,200.0
CWE-116,2020,14,0.07,-22.2
CWE-116,2021,27,0.12,92.9
CWE-116,2022,56,0.21,107.4
CWE-116,2023,39,0.13,-30.4
CWE-116,2024,41,0.1,5.1
CWE-116,2025,53,0.11,29.3
CWE-116,2026,88,0.13,66.0
CWE-1164,2025,1,0.0,
CWE-117,2020,1,0.01,
CWE-117,2022,1,0.0,0.0
CWE-117,2023,4,0.01,300.0
CWE-117,2024,10,0.02,150.0
CWE-117,2025,25,0.05,150.0
CWE-117,2026,27,0.04,8.0
CWE-1173,2026,2,0.0,
CWE-1174,2025,1,0.0,
CWE-1176,2025,1,0.0,
CWE-1176,2026,1,0.0,0.0
CWE-118,2017,4,0.02,
CWE-118,2018,8,0.04,100.0
CWE-118,2019,1,0.01,-87.5
CWE-118,2025,2,0.0,100.0
CWE-118,2026,1,0.0,-50.0
CWE-1187,2017,1,0.01,
CWE-1187,2018,1,0.01,0.0
CWE-1187,2019,1,0.01,0.0
CWE-1188,2017,19,0.1,
CWE-1188,2018,15,0.08,-21.1
CWE-1188,2019,28,0.15,86.7
CWE-1188,2020,22,0.11,-21.4
CWE-1188,2021,19,0.09,-13.6
CWE-1188,2022,16,0.06,-15.8
CWE-1188,2023,15,0.05,-6.3
CWE-1188,2024,25,0.06,66.7
CWE-1188,2025,43,0.09,72.0
CWE-1188,2026,51,0.08,18.6
CWE-1189,2024,2,0.0,
CWE-1189,2025,1,0.0,-50.0
CWE-1189,2026,3,0.0,200.0
CWE-119,1997,1,0.4,
CWE-119,1998,2,0.81,100.0
CWE-119,1999,5,0.54,150.0
CWE-119,2000,1,0.1,-80.0
CWE-119,2001,9,0.54,800.0
CWE-119,2002,41,1.89,355.6
CWE-119,2003,52,3.36,26.8
CWE-119,2004,23,0.93,-55.8
CWE-119,2005,71,1.42,208.7
CWE-119,2006,144,2.16,102.8
CWE-119,2007,418,6.34,190.3
CWE-119,2008,552,9.75,32.1
CWE-119,2009,549,9.5,-0.5
CWE-119,2010,505,10.82,-8.0
CWE-119,2011,579,13.88,14.7
CWE-119,2012,682,12.75,17.8
CWE-119,2013,730,13.71,7.0
CWE-119,2014,742,9.27,1.6
CWE-119,2015,963,14.6,29.8
CWE-119,2016,1025,15.73,6.4
CWE-119,2017,2102,11.6,105.1
CWE-119,2018,985,5.43,-53.1
CWE-119,2019,460,2.43,-53.3
CWE-119,2020,115,0.6,-75.0
CWE-119,2021,215,0.98,87.0
CWE-119,2022,200,0.76,-7.0
CWE-119,2023,144,0.47,-28.0
CWE-119,2024,144,0.35,0.0
CWE-119,2025,789,1.58,447.9
CWE-119,2026,912,1.38,15.6
CWE-1191,2024,4,0.01,
CWE-1191,2025,12,0.02,200.0
CWE-1191,2026,5,0.01,-58.3
CWE-120,1997,1,0.4,
CWE-120,1998,2,0.81,100.0
CWE-120,1999,1,0.11,-50.0
CWE-120,2000,4,0.39,300.0
CWE-120,2001,5,0.3,25.0
CWE-120,2002,3,0.14,-40.0
CWE-120,2003,7,0.45,133.3
CWE-120,2004,3,0.12,-57.1
CWE-120,2005,1,0.02,-66.7
CWE-120,2006,4,0.06,300.0
CWE-120,2007,5,0.08,25.0
CWE-120,2008,7,0.12,40.0
CWE-120,2009,4,0.07,-42.9
CWE-120,2010,9,0.19,125.0
CWE-120,2011,15,0.36,66.7
CWE-120,2012,5,0.09,-66.7
CWE-120,2013,6,0.11,20.0
CWE-120,2014,5,0.06,-16.7
CWE-120,2015,5,0.08,0.0
CWE-120,2016,15,0.23,200.0
CWE-120,2017,39,0.22,160.0
CWE-120,2018,47,0.26,20.5
CWE-120,2019,104,0.55,121.3
CWE-120,2020,378,1.97,263.5
CWE-120,2021,386,1.76,2.1
CWE-120,2022,403,1.52,4.4
CWE-120,2023,511,1.65,26.8
CWE-120,2024,584,1.43,14.3
CWE-120,2025,545,1.09,-6.7
CWE-120,2026,468,0.71,-14.1
CWE-1204,2025,2,0.0,
CWE-121,2020,10,0.05,
CWE-121,2021,56,0.26,460.0
CWE-121,2022,17,0.06,-69.6
CWE-121,2023,88,0.28,417.6
CWE-121,2024,317,0.78,260.2
CWE-121,2025,438,0.88,38.2
CWE-121,2026,664,1.0,51.6
CWE-122,2020,10,0.05,
CWE-122,2021,27,0.12,170.0
CWE-122,2022,42,0.16,55.6
CWE-122,2023,29,0.09,-31.0
CWE-122,2024,116,0.28,300.0
CWE-122,2025,314,0.63,170.7
CWE-122,2026,1123,1.69,257.6
CWE-1220,2022,2,0.01,
CWE-1220,2023,2,0.01,0.0
CWE-1220,2024,7,0.02,250.0
CWE-1220,2025,21,0.04,200.0
CWE-1220,2026,39,0.06,85.7
CWE-1223,2024,1,0.0,
CWE-1223,2025,1,0.0,0.0
CWE-123,2017,2,0.01,
CWE-123,2018,5,0.03,150.0
CWE-123,2020,1,0.01,-80.0
CWE-123,2021,5,0.02,400.0
CWE-123,2022,1,0.0,-80.0
CWE-123,2024,3,0.01,200.0
CWE-123,2025,4,0.01,33.3
CWE-123,2026,10,0.02,150.0
CWE-1230,2023,1,0.0,
CWE-1230,2025,11,0.02,1000.0
CWE-1230,2026,7,0.01,-36.4
CWE-1231,2025,1,0.0,
CWE-1231,2026,1,0.0,0.0
CWE-1233,2025,2,0.0,
CWE-1233,2026,2,0.0,0.0
CWE-1234,2026,2,0.0,
CWE-1236,2018,19,0.1,
CWE-1236,2019,25,0.13,31.6
CWE-1236,2020,37,0.19,48.0
CWE-1236,2021,28,0.13,-24.3
CWE-1236,2022,39,0.15,39.3
CWE-1236,2023,55,0.18,41.0
CWE-1236,2024,25,0.06,-54.5
CWE-1236,2025,36,0.07,44.0
CWE-1236,2026,37,0.06,2.8
CWE-124,2021,1,0.0,
CWE-124,2022,1,0.0,0.0
CWE-124,2025,9,0.02,800.0
CWE-124,2026,16,0.02,77.8
CWE-1240,2024,1,0.0,
CWE-1240,2025,6,0.01,500.0
CWE-1240,2026,8,0.01,33.3
CWE-1241,2023,1,0.0,
CWE-1241,2026,4,0.01,300.0
CWE-1242,2024,4,0.01,
CWE-1242,2025,5,0.01,25.0
CWE-1242,2026,4,0.01,-20.0
CWE-1244,2025,7,0.01,
CWE-1244,2026,2,0.0,-71.4
CWE-1245,2024,2,0.0,
CWE-1245,2025,2,0.0,0.0
CWE-1245,2026,1,0.0,-50.0
CWE-1246,2024,1,0.0,
CWE-1247,2024,1,0.0,
CWE-1247,2025,1,0.0,0.0
CWE-1247,2026,1,0.0,0.0
CWE-125,2004,6,0.24,
CWE-125,2007,1,0.02,-83.3
CWE-125,2009,1,0.02,0.0
CWE-125,2010,1,0.02,0.0
CWE-125,2011,25,0.6,2400.0
CWE-125,2012,16,0.3,-36.0
CWE-125,2013,4,0.08,-75.0
CWE-125,2014,9,0.11,125.0
CWE-125,2015,4,0.06,-55.6
CWE-125,2016,85,1.3,2025.0
CWE-125,2017,703,3.88,727.1
CWE-125,2018,755,4.16,7.4
CWE-125,2019,896,4.73,18.7
CWE-125,2020,647,3.37,-27.8
CWE-125,2021,706,3.22,9.1
CWE-125,2022,826,3.13,17.0
CWE-125,2023,884,2.86,7.0
CWE-125,2024,1098,2.7,24.2
CWE-125,2025,933,1.87,-15.0
CWE-125,2026,1495,2.26,60.2
CWE-1250,2025,2,0.0,
CWE-1250,2026,1,0.0,-50.0
CWE-1251,2024,1,0.0,
CWE-1254,2025,1,0.0,
CWE-1254,2026,2,0.0,100.0
CWE-1255,2024,1,0.0,
CWE-1255,2025,1,0.0,0.0
CWE-1256,2025,2,0.0,
CWE-1256,2026,2,0.0,0.0
CWE-1257,2025,2,0.0,
CWE-1258,2022,1,0.0,
CWE-1258,2024,2,0.0,100.0
CWE-1258,2025,1,0.0,-50.0
CWE-1258,2026,7,0.01,600.0
CWE-1259,2024,2,0.0,
CWE-1259,2025,7,0.01,250.0
CWE-1259,2026,3,0.0,-57.1
CWE-126,2021,2,0.01,
CWE-126,2023,3,0.01,50.0
CWE-126,2024,11,0.03,266.7
CWE-126,2025,80,0.16,627.3
CWE-126,2026,107,0.16,33.8
CWE-1260,2024,1,0.0,
CWE-1260,2025,2,0.0,100.0
CWE-1260,2026,12,0.02,500.0
CWE-1262,2024,1,0.0,
CWE-1262,2025,3,0.01,200.0
CWE-1262,2026,3,0.0,0.0
CWE-1263,2023,3,0.01,
CWE-1263,2024,4,0.01,33.3
CWE-1263,2025,1,0.0,-75.0
CWE-1263,2026,2,0.0,100.0
CWE-1264,2024,1,0.0,
CWE-1268,2026,1,0.0,
CWE-127,2025,3,0.01,
CWE-127,2026,2,0.0,-33.3
CWE-1270,2023,1,0.0,
CWE-1270,2024,1,0.0,0.0
CWE-1270,2025,1,0.0,0.0
CWE-1270,2026,3,0.0,200.0
CWE-1274,2023,2,0.01,
CWE-1274,2025,4,0.01,100.0
CWE-1274,2026,2,0.0,-50.0
CWE-1275,2024,2,0.0,
CWE-1275,2025,4,0.01,100.0
CWE-1275,2026,3,0.0,-25.0
CWE-1277,2026,1,0.0,
CWE-1278,2021,1,0.0,
CWE-128,2026,2,0.0,
CWE-1280,2026,2,0.0,
CWE-1281,2024,1,0.0,
CWE-1281,2025,3,0.01,200.0
CWE-1281,2026,1,0.0,-66.7
CWE-1282,2023,1,0.0,
CWE-1282,2026,6,0.01,500.0
CWE-1283,2024,1,0.0,
CWE-1284,2008,2,0.04,
CWE-1284,2010,1,0.02,-50.0
CWE-1284,2021,16,0.07,1500.0
CWE-1284,2022,70,0.26,337.5
CWE-1284,2023,19,0.06,-72.9
CWE-1284,2024,36,0.09,89.5
CWE-1284,2025,56,0.11,55.6
CWE-1284,2026,122,0.18,117.9
CWE-1285,2023,1,0.0,
CWE-1285,2024,3,0.01,200.0
CWE-1285,2025,9,0.02,200.0
CWE-1285,2026,12,0.02,33.3
CWE-1286,2020,1,0.01,
CWE-1286,2023,1,0.0,0.0
CWE-1286,2024,8,0.02,700.0
CWE-1286,2025,19,0.04,137.5
CWE-1286,2026,25,0.04,31.6
CWE-1287,2024,13,0.03,
CWE-1287,2025,57,0.11,338.5
CWE-1287,2026,30,0.05,-47.4
CWE-1288,2023,2,0.01,
CWE-1288,2024,2,0.0,0.0
CWE-1288,2025,3,0.01,50.0
CWE-1288,2026,9,0.01,200.0
CWE-1289,2024,2,0.0,
CWE-1289,2026,13,0.02,550.0
CWE-129,2003,1,0.06,
CWE-129,2005,1,0.02,0.0
CWE-129,2007,1,0.02,0.0
CWE-129,2009,1,0.02,0.0
CWE-129,2010,1,0.02,0.0
CWE-129,2011,1,0.02,0.0
CWE-129,2014,1,0.01,0.0
CWE-129,2016,3,0.05,200.0
CWE-129,2017,20,0.11,566.7
CWE-129,2018,32,0.18,60.0
CWE-129,2019,38,0.2,18.8
CWE-129,2020,46,0.24,21.1
CWE-129,2021,36,0.16,-21.7
CWE-129,2022,27,0.1,-25.0
CWE-129,2023,36,0.12,33.3
CWE-129,2024,128,0.31,255.6
CWE-129,2025,76,0.15,-40.6
CWE-129,2026,96,0.14,26.3
CWE-1294,2026,1,0.0,
CWE-1295,2024,4,0.01,
CWE-1295,2025,6,0.01,50.0
CWE-1295,2026,2,0.0,-66.7
CWE-1298,2024,1,0.0,
CWE-1298,2026,1,0.0,0.0
CWE-1299,2024,1,0.0,
CWE-1299,2025,2,0.0,100.0
CWE-1299,2026,1,0.0,-50.0
CWE-130,2020,1,0.01,
CWE-130,2022,2,0.01,100.0
CWE-130,2023,1,0.0,-50.0
CWE-130,2024,7,0.02,600.0
CWE-130,2025,12,0.02,71.4
CWE-130,2026,29,0.04,141.7
CWE-1300,2025,3,0.01,
CWE-1300,2026,31,0.05,933.3
CWE-1301,2025,1,0.0,
CWE-1301,2026,1,0.0,0.0
CWE-1303,2024,1,0.0,
CWE-1304,2024,1,0.0,
CWE-1304,2026,1,0.0,0.0
CWE-131,2001,3,0.18,
CWE-131,2002,2,0.09,-33.3
CWE-131,2003,1,0.06,-50.0
CWE-131,2004,3,0.12,200.0
CWE-131,2005,4,0.08,33.3
CWE-131,2008,1,0.02,-75.0
CWE-131,2014,1,0.01,0.0
CWE-131,2017,3,0.02,200.0
CWE-131,2018,3,0.02,0.0
CWE-131,2019,4,0.02,33.3
CWE-131,2020,10,0.05,150.0
CWE-131,2021,14,0.06,40.0
CWE-131,2022,19,0.07,35.7
CWE-131,2023,11,0.04,-42.1
CWE-131,2024,21,0.05,90.9
CWE-131,2025,15,0.03,-28.6
CWE-131,2026,34,0.05,126.7
CWE-1310,2025,1,0.0,
CWE-1310,2026,1,0.0,0.0
CWE-1312,2026,1,0.0,
CWE-1313,2026,1,0.0,
CWE-1314,2026,1,0.0,
CWE-1316,2026,1,0.0,
CWE-1319,2025,1,0.0,
CWE-1320,2023,3,0.01,
CWE-1321,2018,3,0.02,
CWE-1321,2019,11,0.06,266.7
CWE-1321,2020,66,0.34,500.0
CWE-1321,2021,64,0.29,-3.0
CWE-1321,2022,95,0.36,48.4
CWE-1321,2023,35,0.11,-63.2
CWE-1321,2024,63,0.15,80.0
CWE-1321,2025,71,0.14,12.7
CWE-1321,2026,112,0.17,57.7
CWE-1322,2026,1,0.0,
CWE-1323,2025,2,0.0,
CWE-1325,2024,2,0.0,
CWE-1325,2025,2,0.0,0.0
CWE-1325,2026,11,0.02,450.0
CWE-1326,2024,2,0.0,
CWE-1326,2025,4,0.01,100.0
CWE-1327,2024,3,0.01,
CWE-1327,2025,3,0.01,0.0
CWE-1327,2026,8,0.01,166.7
CWE-1328,2025,4,0.01,
CWE-1328,2026,1,0.0,-75.0
CWE-1329,2026,4,0.01,
CWE-1330,2026,1,0.0,
CWE-1332,2025,1,0.0,
CWE-1333,2017,2,0.01,
CWE-1333,2018,1,0.01,-50.0
CWE-1333,2019,2,0.01,100.0
CWE-1333,2020,1,0.01,-50.0
CWE-1333,2021,24,0.11,2300.0
CWE-1333,2022,76,0.29,216.7
CWE-1333,2023,83,0.27,9.2
CWE-1333,2024,75,0.18,-9.6
CWE-1333,2025,73,0.15,-2.7
CWE-1333,2026,85,0.13,16.4
CWE-1334,2026,1,0.0,
CWE-1335,2024,1,0.0,
CWE-1335,2026,2,0.0,100.0
CWE-1336,2022,1,0.0,
CWE-1336,2023,2,0.01,100.0
CWE-1336,2024,12,0.03,500.0
CWE-1336,2025,33,0.07,175.0
CWE-1336,2026,83,0.13,151.5
CWE-134,2002,1,0.05,
CWE-134,2003,2,0.13,100.0
CWE-134,2004,5,0.2,150.0
CWE-134,2005,4,0.08,-20.0
CWE-134,2006,17,0.26,325.0
CWE-134,2007,30,0.45,76.5
CWE-134,2008,24,0.42,-20.0
CWE-134,2009,28,0.48,16.7
CWE-134,2010,15,0.32,-46.4
CWE-134,2011,10,0.24,-33.3
CWE-134,2012,11,0.21,10.0
CWE-134,2013,9,0.17,-18.2
CWE-134,2014,7,0.09,-22.2
CWE-134,2015,4,0.06,-42.9
CWE-134,2016,3,0.05,-25.0
CWE-134,2017,18,0.1,500.0
CWE-134,2018,22,0.12,22.2
CWE-134,2019,24,0.13,9.1
CWE-134,2020,12,0.06,-50.0
CWE-134,2021,14,0.06,16.7
CWE-134,2022,31,0.12,121.4
CWE-134,2023,25,0.08,-19.4
CWE-134,2024,24,0.06,-4.0
CWE-134,2025,19,0.04,-20.8
CWE-134,2026,40,0.06,110.5
CWE-1342,2024,1,0.0,
CWE-1342,2026,1,0.0,0.0
CWE-1357,2024,3,0.01,
CWE-1357,2025,1,0.0,-66.7
CWE-1357,2026,4,0.01,300.0
CWE-1366,2026,1,0.0,
CWE-138,2024,2,0.0,
CWE-138,2025,1,0.0,-50.0
CWE-138,2026,4,0.01,300.0
CWE-1384,2025,2,0.0,
CWE-1385,2024,2,0.0,
CWE-1385,2025,9,0.02,350.0
CWE-1385,2026,14,0.02,55.6
CWE-1386,2023,2,0.01,
CWE-1386,2024,1,0.0,-50.0
CWE-1386,2025,1,0.0,0.0
CWE-1386,2026,2,0.0,100.0
CWE-1389,2026,1,0.0,
CWE-1390,2024,6,0.01,
CWE-1390,2025,28,0.06,366.7
CWE-1390,2026,27,0.04,-3.6
CWE-1391,2023,1,0.0,
CWE-1391,2024,10,0.02,900.0
CWE-1391,2025,15,0.03,50.0
CWE-1391,2026,14,0.02,-6.7
CWE-1392,2023,2,0.01,
CWE-1392,2024,16,0.04,700.0
CWE-1392,2025,39,0.08,143.8
CWE-1392,2026,29,0.04,-25.6
CWE-1393,2023,1,0.0,
CWE-1393,2024,4,0.01,300.0
CWE-1393,2025,11,0.02,175.0
CWE-1393,2026,11,0.02,0.0
CWE-1394,2024,4,0.01,
CWE-1394,2025,6,0.01,50.0
CWE-1394,2026,6,0.01,0.0
CWE-14,2026,2,0.0,
CWE-140,2025,6,0.01,
CWE-140,2026,3,0.0,-50.0
CWE-141,2022,1,0.0,
CWE-141,2024,1,0.0,0.0
CWE-141,2025,3,0.01,200.0
CWE-141,2026,3,0.0,0.0
CWE-142,2025,2,0.0,
CWE-144,2026,1,0.0,
CWE-145,2026,1,0.0,
CWE-146,2022,1,0.0,
CWE-146,2024,1,0.0,0.0
CWE-146,2025,2,0.0,100.0
CWE-146,2026,2,0.0,0.0
CWE-147,2024,1,0.0,
CWE-147,2025,1,0.0,0.0
CWE-148,2026,1,0.0,
CWE-149,2025,3,0.01,
CWE-149,2026,1,0.0,-66.7
CWE-15,2021,1,0.0,
CWE-15,2023,4,0.01,300.0
CWE-15,2024,4,0.01,0.0
CWE-15,2025,22,0.04,450.0
CWE-15,2026,26,0.04,18.2
CWE-150,2023,3,0.01,
CWE-150,2024,6,0.01,100.0
CWE-150,2025,13,0.03,116.7
CWE-150,2026,26,0.04,100.0
CWE-153,2025,3,0.01,
CWE-153,2026,1,0.0,-66.7
CWE-155,2024,4,0.01,
CWE-155,2025,6,0.01,50.0
CWE-155,2026,2,0.0,-66.7
CWE-156,2025,5,0.01,
CWE-158,2024,1,0.0,
CWE-158,2025,7,0.01,600.0
CWE-158,2026,7,0.01,0.0
CWE-159,2025,2,0.0,
CWE-159,2026,2,0.0,0.0
CWE-16,1999,6,0.65,
CWE-16,2000,1,0.1,-83.3
CWE-16,2002,9,0.41,800.0
CWE-16,2003,11,0.71,22.2
CWE-16,2004,4,0.16,-63.6
CWE-16,2005,3,0.06,-25.0
CWE-16,2006,5,0.08,66.7
CWE-16,2007,32,0.49,540.0
CWE-16,2008,34,0.6,6.3
CWE-16,2009,49,0.85,44.1
CWE-16,2010,24,0.51,-51.0
CWE-16,2011,29,0.7,20.8
CWE-16,2012,19,0.36,-34.5
CWE-16,2013,20,0.38,5.3
CWE-16,2014,5,0.06,-75.0
CWE-16,2017,1,0.01,-80.0
CWE-16,2018,3,0.02,200.0
CWE-16,2019,2,0.01,-33.3
CWE-16,2026,2,0.0,0.0
CWE-162,2026,1,0.0,
CWE-164,2025,2,0.0,
CWE-166,2026,1,0.0,
CWE-167,2023,1,0.0,
CWE-167,2025,1,0.0,0.0
CWE-168,2026,1,0.0,
CWE-17,1997,1,0.4,
CWE-17,2005,2,0.04,100.0
CWE-17,2006,1,0.02,-50.0
CWE-17,2010,1,0.02,0.0
CWE-17,2013,1,0.02,0.0
CWE-17,2014,21,0.26,2000.0
CWE-17,2015,120,1.82,471.4
CWE-17,2016,13,0.2,-89.2
CWE-17,2017,2,0.01,-84.6
CWE-17,2018,3,0.02,50.0
CWE-170,2021,2,0.01,
CWE-170,2024,2,0.0,0.0
CWE-170,2025,2,0.0,0.0
CWE-170,2026,9,0.01,350.0
CWE-172,2016,4,0.06,
CWE-172,2018,4,0.02,0.0
CWE-172,2026,2,0.0,-50.0
CWE-173,2026,3,0.0,
CWE-174,2026,1,0.0,
CWE-176,2024,3,0.01,
CWE-176,2025,2,0.0,-33.3
CWE-176,2026,12,0.02,500.0
CWE-177,2024,1,0.0,
CWE-177,2026,9,0.01,800.0
CWE-178,1998,1,0.4,
CWE-178,2000,3,0.29,200.0
CWE-178,2001,3,0.18,0.0
CWE-178,2002,3,0.14,0.0
CWE-178,2003,1,0.06,-66.7
CWE-178,2004,3,0.12,200.0
CWE-178,2005,1,0.02,-66.7
CWE-178,2007,1,0.02,0.0
CWE-178,2017,1,0.01,0.0
CWE-178,2018,2,0.01,100.0
CWE-178,2019,1,0.01,-50.0
CWE-178,2020,3,0.02,200.0
CWE-178,2021,6,0.03,100.0
CWE-178,2022,3,0.01,-50.0
CWE-178,2023,2,0.01,-33.3
CWE-178,2024,5,0.01,150.0
CWE-178,2025,7,0.01,40.0
CWE-178,2026,53,0.08,657.1
CWE-179,2026,3,0.0,
CWE-18,2014,1,0.01,
CWE-18,2015,2,0.03,100.0
CWE-18,2016,1,0.02,-50.0
CWE-18,2017,1,0.01,0.0
CWE-18,2019,1,0.01,0.0
CWE-180,2025,3,0.01,
CWE-180,2026,19,0.03,533.3
CWE-183,2024,1,0.0,
CWE-183,2025,3,0.01,200.0
CWE-183,2026,27,0.04,800.0
CWE-184,2017,2,0.01,
CWE-184,2018,3,0.02,50.0
CWE-184,2019,1,0.01,-66.7
CWE-184,2021,4,0.02,300.0
CWE-184,2024,5,0.01,25.0
CWE-184,2025,10,0.02,100.0
CWE-184,2026,99,0.15,890.0
CWE-185,2018,6,0.03,
CWE-185,2019,4,0.02,-33.3
CWE-185,2024,1,0.0,-75.0
CWE-185,2025,1,0.0,0.0
CWE-185,2026,16,0.02,1500.0
CWE-186,2025,1,0.0,
CWE-187,2022,1,0.0,
CWE-187,2024,1,0.0,0.0
CWE-187,2025,1,0.0,0.0
CWE-187,2026,7,0.01,600.0
CWE-188,2026,2,0.0,
CWE-189,2002,4,0.18,
CWE-189,2003,1,0.06,-75.0
CWE-189,2004,1,0.04,0.0
CWE-189,2005,13,0.26,1200.0
CWE-189,2006,35,0.53,169.2
CWE-189,2007,80,1.21,128.6
CWE-189,2008,140,2.47,75.0
CWE-189,2009,149,2.58,6.4
CWE-189,2010,132,2.83,-11.4
CWE-189,2011,105,2.52,-20.5
CWE-189,2012,132,2.47,25.7
CWE-189,2013,130,2.44,-1.5
CWE-189,2014,100,1.25,-23.1
CWE-189,2015,109,1.65,9.0
CWE-189,2016,34,0.52,-68.8
CWE-189,2017,20,0.11,-41.2
CWE-189,2018,2,0.01,-90.0
CWE-189,2019,5,0.03,150.0
CWE-189,2022,2,0.01,-60.0
CWE-189,2025,3,0.01,50.0
CWE-189,2026,25,0.04,733.3
CWE-19,1999,1,0.11,
CWE-19,2005,1,0.02,0.0
CWE-19,2007,1,0.02,0.0
CWE-19,2010,1,0.02,0.0
CWE-19,2014,16,0.2,1500.0
CWE-19,2015,60,0.91,275.0
CWE-19,2016,58,0.89,-3.3
CWE-19,2017,34,0.19,-41.4
CWE-19,2018,9,0.05,-73.5
CWE-19,2019,41,0.22,355.6
CWE-19,2025,1,0.0,-97.6
CWE-190,2002,2,0.09,
CWE-190,2004,3,0.12,50.0
CWE-190,2005,4,0.08,33.3
CWE-190,2006,2,0.03,-50.0
CWE-190,2007,7,0.11,250.0
CWE-190,2008,10,0.18,42.9
CWE-190,2009,5,0.09,-50.0
CWE-190,2010,18,0.39,260.0
CWE-190,2011,14,0.34,-22.2
CWE-190,2012,17,0.32,21.4
CWE-190,2013,14,0.26,-17.6
CWE-190,2014,8,0.1,-42.9
CWE-190,2015,14,0.21,75.0
CWE-190,2016,64,0.98,357.1
CWE-190,2017,213,1.18,232.8
CWE-190,2018,693,3.82,225.4
CWE-190,2019,199,1.05,-71.3
CWE-190,2020,181,0.94,-9.0
CWE-190,2021,229,1.04,26.5
CWE-190,2022,227,0.86,-0.9
CWE-190,2023,202,0.65,-11.0
CWE-190,2024,224,0.55,10.9
CWE-190,2025,251,0.5,12.1
CWE-190,2026,504,0.76,100.8
CWE-191,2004,1,0.04,
CWE-191,2005,3,0.06,200.0
CWE-191,2007,1,0.02,-66.7
CWE-191,2010,2,0.04,100.0
CWE-191,2011,4,0.1,100.0
CWE-191,2012,1,0.02,-75.0
CWE-191,2014,5,0.06,400.0
CWE-191,2015,2,0.03,-60.0
CWE-191,2016,2,0.03,0.0
CWE-191,2017,17,0.09,750.0
CWE-191,2018,16,0.09,-5.9
CWE-191,2019,20,0.11,25.0
CWE-191,2020,29,0.15,45.0
CWE-191,2021,30,0.14,3.4
CWE-191,2022,23,0.09,-23.3
CWE-191,2023,18,0.06,-21.7
CWE-191,2024,53,0.13,194.4
CWE-191,2025,68,0.14,28.3
CWE-191,2026,131,0.2,92.6
CWE-192,2026,1,0.0,
CWE-193,1999,1,0.11,
CWE-193,2001,3,0.18,200.0
CWE-193,2002,6,0.28,100.0
CWE-193,2003,4,0.26,-33.3
CWE-193,2004,3,0.12,-25.0
CWE-193,2005,1,0.02,-66.7
CWE-193,2006,1,0.02,0.0
CWE-193,2007,1,0.02,0.0
CWE-193,2008,2,0.04,100.0
CWE-193,2009,1,0.02,-50.0
CWE-193,2010,2,0.04,100.0
CWE-193,2011,4,0.1,100.0
CWE-193,2013,1,0.02,-75.0
CWE-193,2014,1,0.01,0.0
CWE-193,2016,1,0.02,0.0
CWE-193,2017,2,0.01,100.0
CWE-193,2018,8,0.04,300.0
CWE-193,2019,13,0.07,62.5
CWE-193,2020,10,0.05,-23.1
CWE-193,2021,6,0.03,-40.0
CWE-193,2022,18,0.07,200.0
CWE-193,2023,9,0.03,-50.0
CWE-193,2024,27,0.07,200.0
CWE-193,2025,20,0.04,-25.9
CWE-193,2026,59,0.09,195.0
CWE-194,2021,1,0.0,
CWE-194,2022,1,0.0,0.0
CWE-194,2025,1,0.0,0.0
CWE-195,2024,1,0.0,
CWE-195,2025,4,0.01,300.0
CWE-195,2026,6,0.01,50.0
CWE-196,2026,3,0.0,
CWE-197,2023,1,0.0,
CWE-197,2024,1,0.0,0.0
CWE-197,2025,3,0.01,200.0
CWE-197,2026,21,0.03,600.0
CWE-198,2025,1,0.0,
CWE-199,2014,2,0.02,
CWE-199,2016,2,0.03,0.0
CWE-199,2017,1,0.01,-50.0
CWE-199,2019,1,0.01,0.0
CWE-20,1997,1,0.4,
CWE-20,1999,8,0.87,700.0
CWE-20,2000,3,0.29,-62.5
CWE-20,2001,5,0.3,66.7
CWE-20,2002,27,1.24,440.0
CWE-20,2003,26,1.68,-3.7
CWE-20,2004,17,0.69,-34.6
CWE-20,2005,30,0.6,76.5
CWE-20,2006,53,0.8,76.7
CWE-20,2007,240,3.64,352.8
CWE-20,2008,379,6.69,57.9
CWE-20,2009,300,5.19,-20.8
CWE-20,2010,284,6.09,-5.3
CWE-20,2011,355,8.51,25.0
CWE-20,2012,351,6.56,-1.1
CWE-20,2013,493,9.26,40.5
CWE-20,2014,534,6.67,8.3
CWE-20,2015,378,5.73,-29.2
CWE-20,2016,525,8.06,38.9
CWE-20,2017,949,5.24,80.8
CWE-20,2018,1189,6.55,25.3
CWE-20,2019,868,4.58,-27.0
CWE-20,2020,729,3.79,-16.0
CWE-20,2021,484,2.21,-33.6
CWE-20,2022,542,2.05,12.0
CWE-20,2023,380,1.23,-29.9
CWE-20,2024,233,0.57,-38.7
CWE-20,2025,469,0.94,101.3
CWE-20,2026,1336,2.02,184.9
CWE-200,1997,1,0.4,
CWE-200,1998,1,0.4,0.0
CWE-200,1999,7,0.76,600.0
CWE-200,2000,4,0.39,-42.9
CWE-200,2001,1,0.06,-75.0
CWE-200,2002,17,0.78,1600.0
CWE-200,2003,25,1.61,47.1
CWE-200,2004,5,0.2,-80.0
CWE-200,2005,19,0.38,280.0
CWE-200,2006,31,0.47,63.2
CWE-200,2007,98,1.49,216.1
CWE-200,2008,186,3.28,89.8
CWE-200,2009,160,2.77,-14.0
CWE-200,2010,158,3.39,-1.3
CWE-200,2011,292,7.0,84.8
CWE-200,2012,222,4.15,-24.0
CWE-200,2013,244,4.58,9.9
CWE-200,2014,352,4.4,44.3
CWE-200,2015,588,8.92,67.0
CWE-200,2016,656,10.07,11.6
CWE-200,2017,1281,7.07,95.3
CWE-200,2018,1019,5.61,-20.5
CWE-200,2019,517,2.73,-49.3
CWE-200,2020,290,1.51,-43.9
CWE-200,2021,175,0.8,-39.7
CWE-200,2022,166,0.63,-5.1
CWE-200,2023,112,0.36,-32.5
CWE-200,2024,332,0.82,196.4
CWE-200,2025,605,1.21,82.2
CWE-200,2026,1255,1.89,107.4
CWE-201,2020,1,0.01,
CWE-201,2021,4,0.02,300.0
CWE-201,2022,1,0.0,-75.0
CWE-201,2023,2,0.01,100.0
CWE-201,2024,17,0.04,750.0
CWE-201,2025,125,0.25,635.3
CWE-201,2026,161,0.24,28.8
CWE-202,2021,1,0.0,
CWE-202,2023,1,0.0,0.0
CWE-202,2024,5,0.01,400.0
CWE-202,2025,5,0.01,0.0
CWE-202,2026,7,0.01,40.0
CWE-203,2001,4,0.24,
CWE-203,2002,4,0.18,0.0
CWE-203,2003,3,0.19,-25.0
CWE-203,2004,7,0.28,133.3
CWE-203,2005,2,0.04,-71.4
CWE-203,2013,1,0.02,-50.0
CWE-203,2016,1,0.02,0.0
CWE-203,2017,12,0.07,1100.0
CWE-203,2018,18,0.1,50.0
CWE-203,2019,54,0.29,200.0
CWE-203,2020,65,0.34,20.4
CWE-203,2021,87,0.4,33.8
CWE-203,2022,104,0.39,19.5
CWE-203,2023,108,0.35,3.8
CWE-203,2024,112,0.28,3.7
CWE-203,2025,69,0.14,-38.4
CWE-203,2026,78,0.12,13.0
CWE-204,2022,3,0.01,
CWE-204,2023,3,0.01,0.0
CWE-204,2024,10,0.02,233.3
CWE-204,2025,42,0.08,320.0
CWE-204,2026,66,0.1,57.1
CWE-207,2025,1,0.0,
CWE-208,2020,1,0.01,
CWE-208,2023,3,0.01,200.0
CWE-208,2024,11,0.03,266.7
CWE-208,2025,19,0.04,72.7
CWE-208,2026,92,0.14,384.2
CWE-209,2001,1,0.06,
CWE-209,2010,1,0.02,0.0
CWE-209,2014,1,0.01,0.0
CWE-209,2017,2,0.01,100.0
CWE-209,2018,6,0.03,200.0
CWE-209,2019,37,0.2,516.7
CWE-209,2020,60,0.31,62.2
CWE-209,2021,70,0.32,16.7
CWE-209,2022,48,0.18,-31.4
CWE-209,2023,65,0.21,35.4
CWE-209,2024,68,0.17,4.6
CWE-209,2025,93,0.19,36.8
CWE-209,2026,105,0.16,12.9
CWE-21,2014,1,0.01,
CWE-21,2016,1,0.02,0.0
CWE-21,2019,1,0.01,0.0
CWE-212,2002,1,0.05,
CWE-212,2005,1,0.02,0.0
CWE-212,2018,1,0.01,0.0
CWE-212,2019,3,0.02,200.0
CWE-212,2020,13,0.07,333.3
CWE-212,2021,10,0.05,-23.1
CWE-212,2022,28,0.11,180.0
CWE-212,2023,6,0.02,-78.6
CWE-212,2024,8,0.02,33.3
CWE-212,2025,15,0.03,87.5
CWE-212,2026,24,0.04,60.0
CWE-213,2024,3,0.01,
CWE-213,2025,4,0.01,33.3
CWE-213,2026,4,0.01,0.0
CWE-214,2024,1,0.0,
CWE-214,2025,2,0.0,100.0
CWE-214,2026,10,0.02,400.0
CWE-215,2024,2,0.0,
CWE-215,2025,4,0.01,100.0
CWE-215,2026,8,0.01,100.0
CWE-216,2019,1,0.01,
CWE-219,2024,3,0.01,
CWE-22,2001,5,0.3,
CWE-22,2002,14,0.65,180.0
CWE-22,2003,17,1.1,21.4
CWE-22,2004,15,0.61,-11.8
CWE-22,2005,14,0.28,-6.7
CWE-22,2006,24,0.36,71.4
CWE-22,2007,162,2.46,575.0
CWE-22,2008,348,6.14,114.8
CWE-22,2009,321,5.56,-7.8
CWE-22,2010,274,5.87,-14.6
CWE-22,2011,106,2.54,-61.3
CWE-22,2012,119,2.22,12.3
CWE-22,2013,103,1.93,-13.4
CWE-22,2014,198,2.47,92.2
CWE-22,2015,139,2.11,-29.8
CWE-22,2016,77,1.18,-44.6
CWE-22,2017,270,1.49,250.6
CWE-22,2018,539,2.97,99.6
CWE-22,2019,474,2.5,-12.1
CWE-22,2020,428,2.23,-9.7
CWE-22,2021,529,2.41,23.6
CWE-22,2022,723,2.74,36.7
CWE-22,2023,733,2.37,1.4
CWE-22,2024,1028,2.53,40.2
CWE-22,2025,1108,2.22,7.8
CWE-22,2026,2180,3.29,96.8
CWE-221,2026,2,0.0,
CWE-223,2025,2,0.0,
CWE-223,2026,4,0.01,100.0
CWE-226,2024,2,0.0,
CWE-226,2025,6,0.01,200.0
CWE-226,2026,15,0.02,150.0
CWE-228,2021,1,0.0,
CWE-228,2022,1,0.0,0.0
CWE-228,2024,3,0.01,200.0
CWE-228,2025,4,0.01,33.3
CWE-228,2026,7,0.01,75.0
CWE-229,2022,1,0.0,
CWE-229,2024,4,0.01,300.0
CWE-229,2025,1,0.0,-75.0
CWE-229,2026,6,0.01,500.0
CWE-23,2020,2,0.01,
CWE-23,2021,2,0.01,0.0
CWE-23,2022,1,0.0,-50.0
CWE-23,2023,4,0.01,300.0
CWE-23,2024,26,0.06,550.0
CWE-23,2025,99,0.2,280.8
CWE-23,2026,125,0.19,26.3
CWE-230,2024,1,0.0,
CWE-230,2025,1,0.0,0.0
CWE-230,2026,4,0.01,300.0
CWE-231,2023,1,0.0,
CWE-231,2024,2,0.0,100.0
CWE-231,2026,1,0.0,-50.0
CWE-232,2023,1,0.0,
CWE-232,2025,3,0.01,200.0
CWE-233,2024,4,0.01,
CWE-233,2025,3,0.01,-25.0
CWE-233,2026,7,0.01,133.3
CWE-235,2026,2,0.0,
CWE-236,2026,1,0.0,
CWE-237,2024,1,0.0,
CWE-237,2025,1,0.0,0.0
CWE-239,2024,1,0.0,
CWE-239,2025,1,0.0,0.0
CWE-24,2022,1,0.0,
CWE-24,2023,9,0.03,800.0
CWE-24,2024,10,0.02,11.1
CWE-24,2025,23,0.05,130.0
CWE-24,2026,17,0.03,-26.1
CWE-240,2021,1,0.0,
CWE-240,2025,1,0.0,0.0
CWE-241,2022,1,0.0,
CWE-241,2024,3,0.01,200.0
CWE-241,2025,6,0.01,100.0
CWE-241,2026,3,0.0,-50.0
CWE-242,2021,1,0.0,
CWE-242,2023,1,0.0,0.0
CWE-242,2024,1,0.0,0.0
CWE-242,2025,1,0.0,0.0
CWE-242,2026,2,0.0,100.0
CWE-244,2025,7,0.01,
CWE-244,2026,7,0.01,0.0
CWE-248,2020,1,0.01,
CWE-248,2021,1,0.0,0.0
CWE-248,2022,3,0.01,200.0
CWE-248,2023,2,0.01,-33.3
CWE-248,2024,15,0.04,650.0
CWE-248,2025,51,0.1,240.0
CWE-248,2026,98,0.15,92.2
CWE-25,2024,2,0.0,
CWE-25,2026,2,0.0,0.0
CWE-250,2021,4,0.02,
CWE-250,2022,5,0.02,25.0
CWE-250,2023,2,0.01,-60.0
CWE-250,2024,34,0.08,1600.0
CWE-250,2025,80,0.16,135.3
CWE-250,2026,81,0.12,1.3
CWE-252,2002,1,0.05,
CWE-252,2005,1,0.02,0.0
CWE-252,2007,2,0.03,100.0
CWE-252,2009,1,0.02,-50.0
CWE-252,2010,1,0.02,0.0
CWE-252,2017,6,0.03,500.0
CWE-252,2018,4,0.02,-33.3
CWE-252,2019,7,0.04,75.0
CWE-252,2020,8,0.04,14.3
CWE-252,2021,20,0.09,150.0
CWE-252,2022,29,0.11,45.0
CWE-252,2023,15,0.05,-48.3
CWE-252,2024,22,0.05,46.7
CWE-252,2025,17,0.03,-22.7
CWE-252,2026,29,0.04,70.6
CWE-253,2023,1,0.0,
CWE-253,2024,1,0.0,0.0
CWE-253,2025,2,0.0,100.0
CWE-253,2026,8,0.01,300.0
CWE-254,2000,1,0.1,
CWE-254,2002,1,0.05,0.0
CWE-254,2006,2,0.03,100.0
CWE-254,2008,2,0.04,0.0
CWE-254,2011,1,0.02,-50.0
CWE-254,2014,6,0.07,500.0
CWE-254,2015,94,1.43,1466.7
CWE-254,2016,145,2.22,54.3
CWE-254,2017,81,0.45,-44.1
CWE-254,2018,19,0.1,-76.5
CWE-254,2019,28,0.15,47.4
CWE-255,1997,1,0.4,
CWE-255,1999,3,0.33,200.0
CWE-255,2002,8,0.37,166.7
CWE-255,2003,8,0.52,0.0
CWE-255,2004,6,0.24,-25.0
CWE-255,2005,2,0.04,-66.7
CWE-255,2006,5,0.08,150.0
CWE-255,2007,22,0.33,340.0
CWE-255,2008,48,0.85,118.2
CWE-255,2009,63,1.09,31.3
CWE-255,2010,50,1.07,-20.6
CWE-255,2011,39,0.93,-22.0
CWE-255,2012,50,0.93,28.2
CWE-255,2013,86,1.62,72.0
CWE-255,2014,112,1.4,30.2
CWE-255,2015,75,1.14,-33.0
CWE-255,2016,40,0.61,-46.7
CWE-255,2017,43,0.24,7.5
CWE-255,2018,23,0.13,-46.5
CWE-255,2019,21,0.11,-8.7
CWE-255,2025,15,0.03,-28.6
CWE-255,2026,9,0.01,-40.0
CWE-256,2022,1,0.0,
CWE-256,2023,7,0.02,600.0
CWE-256,2024,30,0.07,328.6
CWE-256,2025,48,0.1,60.0
CWE-256,2026,34,0.05,-29.2
CWE-257,2021,1,0.0,
CWE-257,2024,8,0.02,700.0
CWE-257,2025,15,0.03,87.5
CWE-257,2026,12,0.02,-20.0
CWE-258,2023,1,0.0,
CWE-258,2024,2,0.0,100.0
CWE-258,2025,2,0.0,0.0
CWE-258,2026,1,0.0,-50.0
CWE-259,2020,1,0.01,
CWE-259,2021,2,0.01,100.0
CWE-259,2023,5,0.02,150.0
CWE-259,2024,33,0.08,560.0
CWE-259,2025,41,0.08,24.2
CWE-259,2026,36,0.05,-12.2
CWE-26,2024,5,0.01,
CWE-26,2025,2,0.0,-60.0
CWE-26,2026,2,0.0,0.0
CWE-260,2023,1,0.0,
CWE-260,2025,11,0.02,1000.0
CWE-260,2026,1,0.0,-90.9
CWE-261,2023,1,0.0,
CWE-261,2024,5,0.01,400.0
CWE-261,2025,6,0.01,20.0
CWE-261,2026,8,0.01,33.3
CWE-262,2025,2,0.0,
CWE-262,2026,1,0.0,-50.0
CWE-263,2023,1,0.0,
CWE-264,1996,1,1.33,
CWE-264,1997,2,0.79,100.0
CWE-264,1998,1,0.4,-50.0
CWE-264,1999,6,0.65,500.0
CWE-264,2000,2,0.2,-66.7
CWE-264,2001,3,0.18,50.0
CWE-264,2002,31,1.43,933.3
CWE-264,2003,18,1.16,-41.9
CWE-264,2004,19,0.77,5.6
CWE-264,2005,38,0.76,100.0
CWE-264,2006,48,0.72,26.3
CWE-264,2007,198,3.0,312.5
CWE-264,2008,429,7.57,116.7
CWE-264,2009,407,7.04,-5.1
CWE-264,2010,328,7.03,-19.4
CWE-264,2011,249,5.97,-24.1
CWE-264,2012,571,10.67,129.3
CWE-264,2013,552,10.37,-3.3
CWE-264,2014,677,8.45,22.6
CWE-264,2015,523,7.93,-22.7
CWE-264,2016,581,8.92,11.1
CWE-264,2017,289,1.6,-50.3
CWE-264,2018,86,0.47,-70.2
CWE-264,2019,43,0.23,-50.0
CWE-264,2023,1,0.0,-97.7
CWE-264,2024,3,0.01,200.0
CWE-264,2025,6,0.01,100.0
CWE-264,2026,21,0.03,250.0
CWE-265,2023,1,0.0,
CWE-265,2024,1,0.0,0.0
CWE-266,2021,8,0.04,
CWE-266,2022,4,0.02,-50.0
CWE-266,2023,3,0.01,-25.0
CWE-266,2024,66,0.16,2100.0
CWE-266,2025,319,0.64,383.3
CWE-266,2026,476,0.72,49.2
CWE-267,2023,3,0.01,
CWE-267,2024,1,0.0,-66.7
CWE-267,2025,20,0.04,1900.0
CWE-267,2026,12,0.02,-40.0
CWE-268,2023,2,0.01,
CWE-268,2024,1,0.0,-50.0
CWE-268,2025,8,0.02,700.0
CWE-268,2026,2,0.0,-75.0
CWE-269,2002,3,0.14,
CWE-269,2004,1,0.04,-66.7
CWE-269,2007,1,0.02,0.0
CWE-269,2008,2,0.04,100.0
CWE-269,2009,2,0.03,0.0
CWE-269,2010,3,0.06,50.0
CWE-269,2011,2,0.05,-33.3
CWE-269,2012,4,0.07,100.0
CWE-269,2013,1,0.02,-75.0
CWE-269,2014,15,0.19,1400.0
CWE-269,2015,7,0.11,-53.3
CWE-269,2016,11,0.17,57.1
CWE-269,2017,94,0.52,754.5
CWE-269,2018,113,0.62,20.2
CWE-269,2019,155,0.82,37.2
CWE-269,2020,251,1.31,61.9
CWE-269,2021,298,1.36,18.7
CWE-269,2022,192,0.73,-35.6
CWE-269,2023,188,0.61,-2.1
CWE-269,2024,206,0.51,9.6
CWE-269,2025,263,0.53,27.7
CWE-269,2026,768,1.16,192.0
CWE-27,2024,4,0.01,
CWE-27,2025,4,0.01,0.0
CWE-27,2026,2,0.0,-50.0
CWE-270,2021,1,0.0,
CWE-270,2024,5,0.01,400.0
CWE-270,2025,6,0.01,20.0
CWE-270,2026,2,0.0,-66.7
CWE-271,2021,1,0.0,
CWE-271,2024,1,0.0,0.0
CWE-271,2025,2,0.0,100.0
CWE-271,2026,2,0.0,0.0
CWE-272,2023,2,0.01,
CWE-272,2024,2,0.0,0.0
CWE-272,2025,5,0.01,150.0
CWE-272,2026,10,0.02,100.0
CWE-273,2006,1,0.02,
CWE-273,2015,1,0.02,0.0
CWE-273,2017,1,0.01,0.0
CWE-273,2018,2,0.01,100.0
CWE-273,2019,4,0.02,100.0
CWE-273,2020,5,0.03,25.0
CWE-273,2021,1,0.0,-80.0
CWE-273,2022,3,0.01,200.0
CWE-273,2023,2,0.01,-33.3
CWE-273,2024,7,0.02,250.0
CWE-273,2025,3,0.01,-57.1
CWE-273,2026,10,0.02,233.3
CWE-274,2022,1,0.0,
CWE-274,2024,4,0.01,300.0
CWE-274,2025,4,0.01,0.0
CWE-274,2026,3,0.0,-25.0
CWE-275,2016,6,0.09,
CWE-275,2017,25,0.14,316.7
CWE-275,2018,17,0.09,-32.0
CWE-275,2019,13,0.07,-23.5
CWE-275,2023,4,0.01,-69.2
CWE-275,2026,5,0.01,25.0
CWE-276,1999,1,0.11,
CWE-276,2001,1,0.06,0.0
CWE-276,2002,2,0.09,100.0
CWE-276,2004,1,0.04,-50.0
CWE-276,2005,1,0.02,0.0
CWE-276,2010,1,0.02,0.0
CWE-276,2011,3,0.07,200.0
CWE-276,2012,2,0.04,-33.3
CWE-276,2013,2,0.04,0.0
CWE-276,2015,1,0.02,-50.0
CWE-276,2016,3,0.05,200.0
CWE-276,2017,24,0.13,700.0
CWE-276,2018,18,0.1,-25.0
CWE-276,2019,89,0.47,394.4
CWE-276,2020,200,1.04,124.7
CWE-276,2021,150,0.68,-25.0
CWE-276,2022,180,0.68,20.0
CWE-276,2023,127,0.41,-29.4
CWE-276,2024,227,0.56,78.7
CWE-276,2025,211,0.42,-7.0
CWE-276,2026,123,0.19,-41.7
CWE-277,2023,1,0.0,
CWE-277,2024,11,0.03,1000.0
CWE-277,2025,13,0.03,18.2
CWE-277,2026,6,0.01,-53.8
CWE-278,2024,2,0.0,
CWE-278,2025,1,0.0,-50.0
CWE-278,2026,2,0.0,100.0
CWE-279,2020,1,0.01,
CWE-279,2024,3,0.01,200.0
CWE-279,2025,10,0.02,233.3
CWE-279,2026,4,0.01,-60.0
CWE-28,2023,1,0.0,
CWE-280,2022,1,0.0,
CWE-280,2023,2,0.01,100.0
CWE-280,2024,21,0.05,950.0
CWE-280,2025,33,0.07,57.1
CWE-280,2026,42,0.06,27.3
CWE-281,2001,2,0.12,
CWE-281,2005,1,0.02,-50.0
CWE-281,2014,1,0.01,0.0
CWE-281,2017,22,0.12,2100.0
CWE-281,2018,4,0.02,-81.8
CWE-281,2019,13,0.07,225.0
CWE-281,2020,31,0.16,138.5
CWE-281,2021,27,0.12,-12.9
CWE-281,2022,36,0.14,33.3
CWE-281,2023,29,0.09,-19.4
CWE-281,2024,56,0.14,93.1
CWE-281,2025,50,0.1,-10.7
CWE-281,2026,16,0.02,-68.0
CWE-282,2024,3,0.01,
CWE-282,2025,9,0.02,200.0
CWE-282,2026,5,0.01,-44.4
CWE-283,2021,1,0.0,
CWE-283,2024,2,0.0,100.0
CWE-283,2025,5,0.01,150.0
CWE-283,2026,16,0.02,220.0
CWE-284,2001,1,0.06,
CWE-284,2008,1,0.02,0.0
CWE-284,2009,1,0.02,0.0
CWE-284,2012,2,0.04,100.0
CWE-284,2013,1,0.02,-50.0
CWE-284,2014,18,0.22,1700.0
CWE-284,2015,142,2.15,688.9
CWE-284,2016,362,5.55,154.9
CWE-284,2017,261,1.44,-27.9
CWE-284,2018,43,0.24,-83.5
CWE-284,2019,61,0.32,41.9
CWE-284,2020,3,0.02,-95.1
CWE-284,2021,5,0.02,66.7
CWE-284,2022,19,0.07,280.0
CWE-284,2023,89,0.29,368.4
CWE-284,2024,239,0.59,168.5
CWE-284,2025,732,1.46,206.3
CWE-284,2026,2578,3.89,252.2
CWE-285,2016,13,0.2,
CWE-285,2017,9,0.05,-30.8
CWE-285,2018,8,0.04,-11.1
CWE-285,2019,21,0.11,162.5
CWE-285,2020,1,0.01,-95.2
CWE-285,2021,1,0.0,0.0
CWE-285,2022,15,0.06,1400.0
CWE-285,2023,20,0.06,33.3
CWE-285,2024,48,0.12,140.0
CWE-285,2025,150,0.3,212.5
CWE-285,2026,370,0.56,146.7
CWE-286,2024,3,0.01,
CWE-286,2025,7,0.01,133.3
CWE-286,2026,3,0.0,-57.1
CWE-287,1999,3,0.33,
CWE-287,2001,2,0.12,-33.3
CWE-287,2002,5,0.23,150.0
CWE-287,2003,7,0.45,40.0
CWE-287,2004,6,0.24,-14.3
CWE-287,2005,6,0.12,0.0
CWE-287,2006,13,0.2,116.7
CWE-287,2007,64,0.97,392.3
CWE-287,2008,138,2.44,115.6
CWE-287,2009,209,3.62,51.4
CWE-287,2010,75,1.61,-64.1
CWE-287,2011,55,1.32,-26.7
CWE-287,2012,97,1.81,76.4
CWE-287,2013,108,2.03,11.3
CWE-287,2014,144,1.8,33.3
CWE-287,2015,33,0.5,-77.1
CWE-287,2016,41,0.63,24.2
CWE-287,2017,227,1.25,453.7
CWE-287,2018,282,1.55,24.2
CWE-287,2019,259,1.37,-8.2
CWE-287,2020,328,1.71,26.6
CWE-287,2021,277,1.26,-15.5
CWE-287,2022,340,1.29,22.7
CWE-287,2023,333,1.08,-2.1
CWE-287,2024,235,0.58,-29.4
CWE-287,2025,276,0.55,17.4
CWE-287,2026,701,1.06,154.0
CWE-288,2020,3,0.02,
CWE-288,2021,3,0.01,0.0
CWE-288,2022,1,0.0,-66.7
CWE-288,2023,7,0.02,600.0
CWE-288,2024,64,0.16,814.3
CWE-288,2025,142,0.28,121.9
CWE-288,2026,221,0.33,55.6
CWE-289,2023,3,0.01,
CWE-289,2024,1,0.0,-66.7
CWE-289,2025,9,0.02,800.0
CWE-289,2026,13,0.02,44.4
CWE-29,2023,8,0.03,
CWE-29,2024,16,0.04,100.0
CWE-29,2025,12,0.02,-25.0
CWE-29,2026,7,0.01,-41.7
CWE-290,2009,1,0.02,
CWE-290,2017,7,0.04,600.0
CWE-290,2018,11,0.06,57.1
CWE-290,2019,22,0.12,100.0
CWE-290,2020,31,0.16,40.9
CWE-290,2021,40,0.18,29.0
CWE-290,2022,39,0.15,-2.5
CWE-290,2023,34,0.11,-12.8
CWE-290,2024,110,0.27,223.5
CWE-290,2025,111,0.22,0.9
CWE-290,2026,215,0.32,93.7
CWE-291,2024,2,0.0,
CWE-291,2025,1,0.0,-50.0
CWE-291,2026,4,0.01,300.0
CWE-292,2024,1,0.0,
CWE-294,2002,1,0.05,
CWE-294,2017,2,0.01,100.0
CWE-294,2018,6,0.03,200.0
CWE-294,2019,10,0.05,66.7
CWE-294,2020,22,0.11,120.0
CWE-294,2021,15,0.07,-31.8
CWE-294,2022,36,0.14,140.0
CWE-294,2023,28,0.09,-22.2
CWE-294,2024,27,0.07,-3.6
CWE-294,2025,23,0.05,-14.8
CWE-294,2026,76,0.11,230.4
CWE-295,2002,1,0.05,
CWE-295,2003,1,0.06,0.0
CWE-295,2005,1,0.02,0.0
CWE-295,2008,1,0.02,0.0
CWE-295,2009,5,0.09,400.0
CWE-295,2010,2,0.04,-60.0
CWE-295,2011,3,0.07,50.0
CWE-295,2012,13,0.24,333.3
CWE-295,2013,1,0.02,-92.3
CWE-295,2014,3,0.04,200.0
CWE-295,2015,2,0.03,-33.3
CWE-295,2016,4,0.06,100.0
CWE-295,2017,175,0.97,4275.0
CWE-295,2018,126,0.69,-28.0
CWE-295,2019,114,0.6,-9.5
CWE-295,2020,137,0.71,20.2
CWE-295,2021,122,0.56,-10.9
CWE-295,2022,109,0.41,-10.7
CWE-295,2023,112,0.36,2.8
CWE-295,2024,114,0.28,1.8
CWE-295,2025,151,0.3,32.5
CWE-295,2026,309,0.47,104.6
CWE-296,2025,2,0.0,
CWE-296,2026,3,0.0,50.0
CWE-297,2014,1,0.01,
CWE-297,2016,1,0.02,0.0
CWE-297,2017,2,0.01,100.0
CWE-297,2018,1,0.01,-50.0
CWE-297,2019,1,0.01,0.0
CWE-297,2021,1,0.0,0.0
CWE-297,2024,4,0.01,300.0
CWE-297,2025,9,0.02,125.0
CWE-297,2026,26,0.04,188.9
CWE-298,2025,5,0.01,
CWE-298,2026,2,0.0,-60.0
CWE-299,2020,1,0.01,
CWE-299,2025,4,0.01,300.0
CWE-299,2026,5,0.01,25.0
CWE-300,2024,3,0.01,
CWE-300,2025,8,0.02,166.7
CWE-300,2026,6,0.01,-25.0
CWE-302,2021,1,0.0,
CWE-302,2024,6,0.01,500.0
CWE-302,2025,7,0.01,16.7
CWE-302,2026,10,0.02,42.9
CWE-303,2020,1,0.01,
CWE-303,2023,1,0.0,0.0
CWE-303,2024,7,0.02,600.0
CWE-303,2025,15,0.03,114.3
CWE-303,2026,23,0.03,53.3
CWE-304,2021,1,0.0,
CWE-304,2022,1,0.0,0.0
CWE-304,2024,2,0.0,100.0
CWE-304,2025,8,0.02,300.0
CWE-304,2026,10,0.02,25.0
CWE-305,2020,1,0.01,
CWE-305,2021,1,0.0,0.0
CWE-305,2022,1,0.0,0.0
CWE-305,2023,3,0.01,200.0
CWE-305,2024,12,0.03,300.0
CWE-305,2025,33,0.07,175.0
CWE-305,2026,43,0.06,30.3
CWE-306,2002,1,0.05,
CWE-306,2004,1,0.04,0.0
CWE-306,2007,1,0.02,0.0
CWE-306,2009,2,0.03,100.0
CWE-306,2012,1,0.02,-50.0
CWE-306,2014,2,0.02,100.0
CWE-306,2016,1,0.02,-50.0
CWE-306,2017,32,0.18,3100.0
CWE-306,2018,42,0.23,31.3
CWE-306,2019,174,0.92,314.3
CWE-306,2020,246,1.28,41.4
CWE-306,2021,144,0.66,-41.5
CWE-306,2022,194,0.73,34.7
CWE-306,2023,171,0.55,-11.9
CWE-306,2024,240,0.59,40.4
CWE-306,2025,408,0.82,70.0
CWE-306,2026,973,1.47,138.5
CWE-307,1998,1,0.4,
CWE-307,1999,1,0.11,0.0
CWE-307,2001,3,0.18,200.0
CWE-307,2003,1,0.06,-66.7
CWE-307,2017,9,0.05,800.0
CWE-307,2018,10,0.06,11.1
CWE-307,2019,27,0.14,170.0
CWE-307,2020,54,0.28,100.0
CWE-307,2021,52,0.24,-3.7
CWE-307,2022,54,0.2,3.8
CWE-307,2023,86,0.28,59.3
CWE-307,2024,77,0.19,-10.5
CWE-307,2025,96,0.19,24.7
CWE-307,2026,145,0.22,51.0
CWE-308,2023,2,0.01,
CWE-308,2024,1,0.0,-50.0
CWE-308,2025,1,0.0,0.0
CWE-308,2026,9,0.01,800.0
CWE-309,2025,1,0.0,
CWE-31,2024,6,0.01,
CWE-310,2000,1,0.1,
CWE-310,2001,4,0.24,300.0
CWE-310,2002,3,0.14,-25.0
CWE-310,2003,8,0.52,166.7
CWE-310,2004,2,0.08,-75.0
CWE-310,2005,2,0.04,0.0
CWE-310,2006,6,0.09,200.0
CWE-310,2007,17,0.26,183.3
CWE-310,2008,34,0.6,100.0
CWE-310,2009,78,1.35,129.4
CWE-310,2010,66,1.41,-15.4
CWE-310,2011,58,1.39,-12.1
CWE-310,2012,92,1.72,58.6
CWE-310,2013,123,2.31,33.7
CWE-310,2014,1578,19.71,1182.9
CWE-310,2015,79,1.2,-95.0
CWE-310,2016,43,0.66,-45.6
CWE-310,2017,24,0.13,-44.2
CWE-310,2018,170,0.94,608.3
CWE-310,2019,13,0.07,-92.4
CWE-310,2025,15,0.03,15.4
CWE-310,2026,19,0.03,26.7
CWE-311,2007,1,0.02,
CWE-311,2017,17,0.09,1600.0
CWE-311,2018,26,0.14,52.9
CWE-311,2019,77,0.41,196.2
CWE-311,2020,27,0.14,-64.9
CWE-311,2021,14,0.06,-48.1
CWE-311,2022,38,0.14,171.4
CWE-311,2023,46,0.15,21.1
CWE-311,2024,24,0.06,-47.8
CWE-311,2025,37,0.07,54.2
CWE-311,2026,15,0.02,-59.5
CWE-312,2001,3,0.18,
CWE-312,2002,2,0.09,-33.3
CWE-312,2004,1,0.04,-50.0
CWE-312,2005,3,0.06,200.0
CWE-312,2007,1,0.02,-66.7
CWE-312,2008,2,0.04,100.0
CWE-312,2009,7,0.12,250.0
CWE-312,2010,1,0.02,-85.7
CWE-312,2011,1,0.02,0.0
CWE-312,2015,1,0.02,0.0
CWE-312,2016,1,0.02,0.0
CWE-312,2017,5,0.03,400.0
CWE-312,2018,17,0.09,240.0
CWE-312,2019,58,0.31,241.2
CWE-312,2020,73,0.38,25.9
CWE-312,2021,121,0.55,65.8
CWE-312,2022,81,0.31,-33.1
CWE-312,2023,120,0.39,48.1
CWE-312,2024,96,0.24,-20.0
CWE-312,2025,103,0.21,7.3
CWE-312,2026,98,0.15,-4.9
CWE-313,2023,1,0.0,
CWE-313,2024,2,0.0,100.0
CWE-313,2025,1,0.0,-50.0
CWE-313,2026,5,0.01,400.0
CWE-315,2021,1,0.0,
CWE-315,2024,1,0.0,0.0
CWE-315,2026,1,0.0,0.0
CWE-316,2023,1,0.0,
CWE-316,2024,6,0.01,500.0
CWE-316,2025,10,0.02,66.7
CWE-316,2026,5,0.01,-50.0
CWE-317,2024,2,0.0,
CWE-317,2026,2,0.0,0.0
CWE-319,2002,1,0.05,
CWE-319,2004,1,0.04,0.0
CWE-319,2005,2,0.04,100.0
CWE-319,2007,2,0.03,0.0
CWE-319,2008,4,0.07,100.0
CWE-319,2012,1,0.02,-75.0
CWE-319,2017,27,0.15,2600.0
CWE-319,2018,42,0.23,55.6
CWE-319,2019,97,0.51,131.0
CWE-319,2020,103,0.54,6.2
CWE-319,2021,84,0.38,-18.4
CWE-319,2022,87,0.33,3.6
CWE-319,2023,98,0.32,12.6
CWE-319,2024,84,0.21,-14.3
CWE-319,2025,103,0.21,22.6
CWE-319,2026,112,0.17,8.7
CWE-32,2024,1,0.0,
CWE-320,2016,1,0.02,
CWE-320,2017,10,0.06,900.0
CWE-320,2018,14,0.08,40.0
CWE-320,2019,8,0.04,-42.9
CWE-320,2025,14,0.03,75.0
CWE-320,2026,28,0.04,100.0
CWE-321,2020,2,0.01,
CWE-321,2021,3,0.01,50.0
CWE-321,2022,2,0.01,-33.3
CWE-321,2023,8,0.03,300.0
CWE-321,2024,28,0.07,250.0
CWE-321,2025,64,0.13,128.6
CWE-321,2026,83,0.13,29.7
CWE-322,2024,2,0.0,
CWE-322,2025,2,0.0,0.0
CWE-322,2026,7,0.01,250.0
CWE-323,2023,1,0.0,
CWE-323,2024,5,0.01,400.0
CWE-323,2025,4,0.01,-20.0
CWE-323,2026,17,0.03,325.0
CWE-324,2022,1,0.0,
CWE-324,2024,3,0.01,200.0
CWE-324,2025,5,0.01,66.7
CWE-324,2026,4,0.01,-20.0
CWE-325,2023,2,0.01,
CWE-325,2024,1,0.0,-50.0
CWE-325,2025,7,0.01,600.0
CWE-325,2026,20,0.03,185.7
CWE-326,2001,1,0.06,
CWE-326,2002,7,0.32,600.0
CWE-326,2004,1,0.04,-85.7
CWE-326,2005,2,0.04,100.0
CWE-326,2009,1,0.02,-50.0
CWE-326,2011,1,0.02,0.0
CWE-326,2013,3,0.06,200.0
CWE-326,2014,2,0.02,-33.3
CWE-326,2016,4,0.06,100.0
CWE-326,2017,41,0.23,925.0
CWE-326,2018,40,0.22,-2.4
CWE-326,2019,36,0.19,-10.0
CWE-326,2020,38,0.2,5.6
CWE-326,2021,40,0.18,5.3
CWE-326,2022,40,0.15,0.0
CWE-326,2023,56,0.18,40.0
CWE-326,2024,45,0.11,-19.6
CWE-326,2025,33,0.07,-26.7
CWE-326,2026,31,0.05,-6.1
CWE-327,1998,1,0.4,
CWE-327,2002,1,0.05,0.0
CWE-327,2005,2,0.04,100.0
CWE-327,2007,3,0.05,50.0
CWE-327,2008,2,0.04,-33.3
CWE-327,2009,1,0.02,-50.0
CWE-327,2013,1,0.02,0.0
CWE-327,2015,3,0.05,200.0
CWE-327,2016,1,0.02,-66.7
CWE-327,2017,27,0.15,2600.0
CWE-327,2018,32,0.18,18.5
CWE-327,2019,49,0.26,53.1
CWE-327,2020,81,0.42,65.3
CWE-327,2021,76,0.35,-6.2
CWE-327,2022,56,0.21,-26.3
CWE-327,2023,56,0.18,0.0
CWE-327,2024,70,0.17,25.0
CWE-327,2025,82,0.16,17.1
CWE-327,2026,97,0.15,18.3
CWE-328,2023,1,0.0,
CWE-328,2024,5,0.01,400.0
CWE-328,2025,17,0.03,240.0
CWE-328,2026,16,0.02,-5.9
CWE-329,2025,2,0.0,
CWE-329,2026,3,0.0,50.0
CWE-330,2008,8,0.14,
CWE-330,2009,2,0.03,-75.0
CWE-330,2013,1,0.02,-50.0
CWE-330,2015,1,0.02,0.0
CWE-330,2016,1,0.02,0.0
CWE-330,2017,22,0.12,2100.0
CWE-330,2018,15,0.08,-31.8
CWE-330,2019,35,0.18,133.3
CWE-330,2020,48,0.25,37.1
CWE-330,2021,46,0.21,-4.2
CWE-330,2022,55,0.21,19.6
CWE-330,2023,39,0.13,-29.1
CWE-330,2024,21,0.05,-46.2
CWE-330,2025,19,0.04,-9.5
CWE-330,2026,42,0.06,121.1
CWE-331,2001,1,0.06,
CWE-331,2008,2,0.04,100.0
CWE-331,2016,1,0.02,-50.0
CWE-331,2017,7,0.04,600.0
CWE-331,2018,5,0.03,-28.6
CWE-331,2019,8,0.04,60.0
CWE-331,2020,9,0.05,12.5
CWE-331,2021,9,0.04,0.0
CWE-331,2022,11,0.04,22.2
CWE-331,2023,10,0.03,-9.1
CWE-331,2024,14,0.03,40.0
CWE-331,2025,18,0.04,28.6
CWE-331,2026,29,0.04,61.1
CWE-332,2014,1,0.01,
CWE-332,2016,1,0.02,0.0
CWE-332,2017,2,0.01,100.0
CWE-332,2018,1,0.01,-50.0
CWE-332,2019,3,0.02,200.0
CWE-332,2026,1,0.0,-66.7
CWE-333,2025,1,0.0,
CWE-334,2020,1,0.01,
CWE-334,2024,2,0.0,100.0
CWE-334,2025,1,0.0,-50.0
CWE-334,2026,1,0.0,0.0
CWE-335,2017,3,0.02,
CWE-335,2018,2,0.01,-33.3
CWE-335,2019,4,0.02,100.0
CWE-335,2020,2,0.01,-50.0
CWE-335,2021,4,0.02,100.0
CWE-335,2022,8,0.03,100.0
CWE-335,2023,2,0.01,-75.0
CWE-335,2024,6,0.01,200.0
CWE-335,2025,3,0.01,-50.0
CWE-335,2026,5,0.01,66.7
CWE-336,2026,2,0.0,
CWE-337,2023,1,0.0,
CWE-337,2025,4,0.01,300.0
CWE-337,2026,2,0.0,-50.0
CWE-338,2008,1,0.02,
CWE-338,2009,3,0.05,200.0
CWE-338,2017,5,0.03,66.7
CWE-338,2018,17,0.09,240.0
CWE-338,2019,12,0.06,-29.4
CWE-338,2020,3,0.02,-75.0
CWE-338,2021,14,0.06,366.7
CWE-338,2022,14,0.05,0.0
CWE-338,2023,13,0.04,-7.1
CWE-338,2024,18,0.04,38.5
CWE-338,2025,34,0.07,88.9
CWE-338,2026,54,0.08,58.8
CWE-339,2026,1,0.0,
CWE-340,2024,2,0.0,
CWE-340,2025,6,0.01,200.0
CWE-340,2026,10,0.02,66.7
CWE-341,2025,3,0.01,
CWE-341,2026,4,0.01,33.3
CWE-342,2020,1,0.01,
CWE-343,2026,2,0.0,
CWE-344,2026,1,0.0,
CWE-345,2014,4,0.05,
CWE-345,2015,10,0.15,150.0
CWE-345,2016,10,0.15,0.0
CWE-345,2017,17,0.09,70.0
CWE-345,2018,12,0.07,-29.4
CWE-345,2019,37,0.2,208.3
CWE-345,2020,49,0.25,32.4
CWE-345,2021,45,0.21,-8.2
CWE-345,2022,69,0.26,53.3
CWE-345,2023,66,0.21,-4.3
CWE-345,2024,51,0.13,-22.7
CWE-345,2025,49,0.1,-3.9
CWE-345,2026,220,0.33,349.0
CWE-346,1999,1,0.11,
CWE-346,2000,1,0.1,0.0
CWE-346,2001,1,0.06,0.0
CWE-346,2003,1,0.06,0.0
CWE-346,2004,1,0.04,0.0
CWE-346,2005,1,0.02,0.0
CWE-346,2009,1,0.02,0.0
CWE-346,2011,1,0.02,0.0
CWE-346,2012,5,0.09,400.0
CWE-346,2014,2,0.02,-60.0
CWE-346,2017,10,0.06,400.0
CWE-346,2018,15,0.08,50.0
CWE-346,2019,39,0.21,160.0
CWE-346,2020,31,0.16,-20.5
CWE-346,2021,35,0.16,12.9
CWE-346,2022,32,0.12,-8.6
CWE-346,2023,31,0.1,-3.1
CWE-346,2024,52,0.13,67.7
CWE-346,2025,70,0.14,34.6
CWE-346,2026,298,0.45,325.7
CWE-347,2002,2,0.09,
CWE-347,2005,2,0.04,0.0
CWE-347,2012,1,0.02,-50.0
CWE-347,2013,1,0.02,0.0
CWE-347,2014,1,0.01,0.0
CWE-347,2017,15,0.08,1400.0
CWE-347,2018,39,0.21,160.0
CWE-347,2019,47,0.25,20.5
CWE-347,2020,68,0.35,44.7
CWE-347,2021,67,0.31,-1.5
CWE-347,2022,52,0.2,-22.4
CWE-347,2023,54,0.17,3.8
CWE-347,2024,74,0.18,37.0
CWE-347,2025,88,0.18,18.9
CWE-347,2026,227,0.34,158.0
CWE-348,2024,4,0.01,
CWE-348,2025,10,0.02,150.0
CWE-348,2026,30,0.05,200.0
CWE-349,2020,1,0.01,
CWE-349,2023,1,0.0,0.0
CWE-349,2024,4,0.01,300.0
CWE-349,2025,12,0.02,200.0
CWE-349,2026,11,0.02,-8.3
CWE-35,2024,31,0.08,
CWE-35,2025,64,0.13,106.5
CWE-35,2026,41,0.06,-35.9
CWE-350,2020,1,0.01,
CWE-350,2021,1,0.0,0.0
CWE-350,2024,2,0.0,100.0
CWE-350,2025,3,0.01,50.0
CWE-350,2026,11,0.02,266.7
CWE-351,2024,2,0.0,
CWE-351,2025,6,0.01,200.0
CWE-351,2026,2,0.0,-66.7
CWE-352,2002,1,0.05,
CWE-352,2004,4,0.16,300.0
CWE-352,2005,4,0.08,0.0
CWE-352,2006,3,0.05,-25.0
CWE-352,2007,37,0.56,1133.3
CWE-352,2008,75,1.32,102.7
CWE-352,2009,113,1.96,50.7
CWE-352,2010,75,1.61,-33.6
CWE-352,2011,55,1.32,-26.7
CWE-352,2012,153,2.86,178.2
CWE-352,2013,119,2.24,-22.2
CWE-352,2014,244,3.05,105.0
CWE-352,2015,239,3.62,-2.0
CWE-352,2016,80,1.23,-66.5
CWE-352,2017,312,1.72,290.0
CWE-352,2018,434,2.39,39.1
CWE-352,2019,512,2.7,18.0
CWE-352,2020,387,2.01,-24.4
CWE-352,2021,423,1.93,9.3
CWE-352,2022,673,2.55,59.1
CWE-352,2023,1289,4.16,91.5
CWE-352,2024,1382,3.4,7.2
CWE-352,2025,1900,3.8,37.5
CWE-352,2026,844,1.27,-55.6
CWE-353,2021,2,0.01,
CWE-353,2023,1,0.0,-50.0
CWE-353,2024,1,0.0,0.0
CWE-353,2025,6,0.01,500.0
CWE-353,2026,13,0.02,116.7
CWE-354,2017,5,0.03,
CWE-354,2018,3,0.02,-40.0
CWE-354,2019,10,0.05,233.3
CWE-354,2020,18,0.09,80.0
CWE-354,2021,12,0.05,-33.3
CWE-354,2022,20,0.08,66.7
CWE-354,2023,22,0.07,10.0
CWE-354,2024,22,0.05,0.0
CWE-354,2025,15,0.03,-31.8
CWE-354,2026,34,0.05,126.7
CWE-356,2024,2,0.0,
CWE-356,2025,12,0.02,500.0
CWE-356,2026,4,0.01,-66.7
CWE-357,2025,5,0.01,
CWE-357,2026,3,0.0,-40.0
CWE-358,2017,7,0.04,
CWE-358,2018,11,0.06,57.1
CWE-358,2019,4,0.02,-63.6
CWE-358,2024,4,0.01,0.0
CWE-358,2025,16,0.03,300.0
CWE-358,2026,25,0.04,56.3
CWE-359,2021,2,0.01,
CWE-359,2022,4,0.02,100.0
CWE-359,2023,4,0.01,0.0
CWE-359,2024,13,0.03,225.0
CWE-359,2025,62,0.12,376.9
CWE-359,2026,35,0.05,-43.5
CWE-36,2021,1,0.0,
CWE-36,2023,5,0.02,400.0
CWE-36,2024,13,0.03,160.0
CWE-36,2025,40,0.08,207.7
CWE-36,2026,32,0.05,-20.0
CWE-361,2016,1,0.02,
CWE-361,2017,4,0.02,300.0
CWE-361,2018,2,0.01,-50.0
CWE-362,1999,1,0.11,
CWE-362,2000,1,0.1,0.0
CWE-362,2002,1,0.05,0.0
CWE-362,2003,2,0.13,100.0
CWE-362,2004,4,0.16,100.0
CWE-362,2005,1,0.02,-75.0
CWE-362,2006,6,0.09,500.0
CWE-362,2007,16,0.24,166.7
CWE-362,2008,19,0.34,18.8
CWE-362,2009,32,0.55,68.4
CWE-362,2010,32,0.69,0.0
CWE-362,2011,17,0.41,-46.9
CWE-362,2012,67,1.25,294.1
CWE-362,2013,63,1.18,-6.0
CWE-362,2014,42,0.52,-33.3
CWE-362,2015,44,0.67,4.8
CWE-362,2016,39,0.6,-11.4
CWE-362,2017,96,0.53,146.2
CWE-362,2018,101,0.56,5.2
CWE-362,2019,97,0.51,-4.0
CWE-362,2020,141,0.73,45.4
CWE-362,2021,153,0.7,8.5
CWE-362,2022,224,0.85,46.4
CWE-362,2023,149,0.48,-33.5
CWE-362,2024,262,0.64,75.8
CWE-362,2025,338,0.68,29.0
CWE-362,2026,551,0.83,63.0
CWE-363,2025,1,0.0,
CWE-363,2026,1,0.0,0.0
CWE-364,2021,1,0.0,
CWE-364,2024,1,0.0,0.0
CWE-364,2025,1,0.0,0.0
CWE-364,2026,4,0.01,300.0
CWE-366,2023,2,0.01,
CWE-366,2025,3,0.01,50.0
CWE-366,2026,3,0.0,0.0
CWE-367,2003,1,0.06,
CWE-367,2004,1,0.04,0.0
CWE-367,2015,1,0.02,0.0
CWE-367,2017,5,0.03,400.0
CWE-367,2018,5,0.03,0.0
CWE-367,2019,20,0.11,300.0
CWE-367,2020,41,0.21,105.0
CWE-367,2021,26,0.12,-36.6
CWE-367,2022,67,0.25,157.7
CWE-367,2023,85,0.27,26.9
CWE-367,2024,78,0.19,-8.2
CWE-367,2025,94,0.19,20.5
CWE-367,2026,263,0.4,179.8
CWE-369,2004,1,0.04,
CWE-369,2006,1,0.02,0.0
CWE-369,2007,3,0.05,200.0
CWE-369,2009,1,0.02,-66.7
CWE-369,2010,1,0.02,0.0
CWE-369,2011,1,0.02,0.0
CWE-369,2012,1,0.02,0.0
CWE-369,2015,2,0.03,100.0
CWE-369,2016,9,0.14,350.0
CWE-369,2017,51,0.28,466.7
CWE-369,2018,27,0.15,-47.1
CWE-369,2019,32,0.17,18.5
CWE-369,2020,14,0.07,-56.3
CWE-369,2021,78,0.36,457.1
CWE-369,2022,33,0.12,-57.7
CWE-369,2023,30,0.1,-9.1
CWE-369,2024,51,0.13,70.0
CWE-369,2025,53,0.11,3.9
CWE-369,2026,68,0.1,28.3
CWE-37,2025,1,0.0,
CWE-371,2019,1,0.01,
CWE-371,2026,2,0.0,100.0
CWE-372,2023,1,0.0,
CWE-372,2024,1,0.0,0.0
CWE-372,2026,3,0.0,200.0
CWE-377,2021,7,0.03,
CWE-377,2022,4,0.02,-42.9
CWE-377,2023,1,0.0,-75.0
CWE-377,2024,5,0.01,400.0
CWE-377,2025,7,0.01,40.0
CWE-377,2026,23,0.03,228.6
CWE-378,2021,2,0.01,
CWE-378,2023,1,0.0,-50.0
CWE-378,2024,4,0.01,300.0
CWE-378,2025,7,0.01,75.0
CWE-378,2026,5,0.01,-28.6
CWE-379,2021,5,0.02,
CWE-379,2023,2,0.01,-60.0
CWE-379,2024,1,0.0,-50.0
CWE-379,2025,5,0.01,400.0
CWE-379,2026,12,0.02,140.0
CWE-38,2026,1,0.0,
CWE-384,1999,1,0.11,
CWE-384,2001,1,0.06,0.0
CWE-384,2007,1,0.02,0.0
CWE-384,2008,1,0.02,0.0
CWE-384,2014,1,0.01,0.0
CWE-384,2017,33,0.18,3200.0
CWE-384,2018,48,0.26,45.5
CWE-384,2019,42,0.22,-12.5
CWE-384,2020,40,0.21,-4.8
CWE-384,2021,21,0.1,-47.5
CWE-384,2022,37,0.14,76.2
CWE-384,2023,34,0.11,-8.1
CWE-384,2024,38,0.09,11.8
CWE-384,2025,45,0.09,18.4
CWE-384,2026,51,0.08,13.3
CWE-385,2021,1,0.0,
CWE-385,2024,6,0.01,500.0
CWE-385,2025,7,0.01,16.7
CWE-385,2026,4,0.01,-42.9
CWE-386,2024,1,0.0,
CWE-388,2006,1,0.02,
CWE-388,2016,7,0.11,600.0
CWE-388,2017,9,0.05,28.6
CWE-388,2018,11,0.06,22.2
CWE-388,2019,5,0.03,-54.5
CWE-388,2026,3,0.0,-40.0
CWE-390,2024,3,0.01,
CWE-390,2025,5,0.01,66.7
CWE-390,2026,6,0.01,20.0
CWE-391,2022,1,0.0,
CWE-391,2024,1,0.0,0.0
CWE-391,2026,2,0.0,100.0
CWE-392,2025,4,0.01,
CWE-392,2026,2,0.0,-50.0
CWE-393,2025,1,0.0,
CWE-393,2026,1,0.0,0.0
CWE-394,2025,5,0.01,
CWE-394,2026,2,0.0,-60.0
CWE-395,2024,8,0.02,
CWE-395,2025,2,0.0,-75.0
CWE-395,2026,1,0.0,-50.0
CWE-396,2026,2,0.0,
CWE-399,2000,1,0.1,
CWE-399,2001,1,0.06,0.0
CWE-399,2002,5,0.23,400.0
CWE-399,2003,6,0.39,20.0
CWE-399,2004,3,0.12,-50.0
CWE-399,2005,31,0.62,933.3
CWE-399,2006,71,1.07,129.0
CWE-399,2007,89,1.35,25.4
CWE-399,2008,282,4.98,216.9
CWE-399,2009,214,3.7,-24.1
CWE-399,2010,192,4.11,-10.3
CWE-399,2011,282,6.76,46.9
CWE-399,2012,231,4.32,-18.1
CWE-399,2013,261,4.9,13.0
CWE-399,2014,222,2.77,-14.9
CWE-399,2015,343,5.2,54.5
CWE-399,2016,156,2.39,-54.5
CWE-399,2017,72,0.4,-53.8
CWE-399,2018,15,0.08,-79.2
CWE-399,2019,8,0.04,-46.7
CWE-399,2026,1,0.0,-87.5
CWE-40,2026,1,0.0,
CWE-400,2001,1,0.06,
CWE-400,2002,3,0.14,200.0
CWE-400,2003,1,0.06,-66.7
CWE-400,2004,1,0.04,0.0
CWE-400,2005,4,0.08,300.0
CWE-400,2006,1,0.02,-75.0
CWE-400,2007,4,0.06,300.0
CWE-400,2008,3,0.05,-25.0
CWE-400,2009,6,0.1,100.0
CWE-400,2010,5,0.11,-16.7
CWE-400,2011,17,0.41,240.0
CWE-400,2012,10,0.19,-41.2
CWE-400,2013,3,0.06,-70.0
CWE-400,2014,13,0.16,333.3
CWE-400,2016,12,0.18,-7.7
CWE-400,2017,130,0.72,983.3
CWE-400,2018,164,0.9,26.2
CWE-400,2019,121,0.64,-26.2
CWE-400,2020,192,1.0,58.7
CWE-400,2021,163,0.74,-15.1
CWE-400,2022,134,0.51,-17.8
CWE-400,2023,216,0.7,61.2
CWE-400,2024,191,0.47,-11.6
CWE-400,2025,383,0.77,100.5
CWE-400,2026,868,1.31,126.6
CWE-401,2001,2,0.12,
CWE-401,2002,1,0.05,-50.0
CWE-401,2004,2,0.08,100.0
CWE-401,2005,2,0.04,0.0
CWE-401,2007,1,0.02,-50.0
CWE-401,2008,1,0.02,0.0
CWE-401,2009,2,0.03,100.0
CWE-401,2010,2,0.04,0.0
CWE-401,2011,1,0.02,-50.0
CWE-401,2016,6,0.09,500.0
CWE-401,2017,12,0.07,100.0
CWE-401,2018,7,0.04,-41.7
CWE-401,2019,123,0.65,1657.1
CWE-401,2020,77,0.4,-37.4
CWE-401,2021,103,0.47,33.8
CWE-401,2022,125,0.47,21.4
CWE-401,2023,78,0.25,-37.6
CWE-401,2024,396,0.97,407.7
CWE-401,2025,567,1.13,43.2
CWE-401,2026,390,0.59,-31.2
CWE-402,2023,1,0.0,
CWE-402,2024,1,0.0,0.0
CWE-402,2025,8,0.02,700.0
CWE-403,2025,2,0.0,
CWE-403,2026,3,0.0,50.0
CWE-404,2010,1,0.02,
CWE-404,2015,1,0.02,0.0
CWE-404,2017,14,0.08,1300.0
CWE-404,2018,41,0.23,192.9
CWE-404,2019,11,0.06,-73.2
CWE-404,2020,31,0.16,181.8
CWE-404,2021,17,0.08,-45.2
CWE-404,2022,61,0.23,258.8
CWE-404,2023,60,0.19,-1.6
CWE-404,2024,63,0.15,5.0
CWE-404,2025,109,0.22,73.0
CWE-404,2026,198,0.3,81.7
CWE-405,2018,1,0.01,
CWE-405,2021,1,0.0,0.0
CWE-405,2022,1,0.0,0.0
CWE-405,2024,4,0.01,300.0
CWE-405,2025,15,0.03,275.0
CWE-405,2026,19,0.03,26.7
CWE-406,2021,1,0.0,
CWE-406,2022,3,0.01,200.0
CWE-406,2024,4,0.01,33.3
CWE-406,2025,1,0.0,-75.0
CWE-406,2026,3,0.0,200.0
CWE-407,2017,2,0.01,
CWE-407,2018,1,0.01,-50.0
CWE-407,2021,2,0.01,100.0
CWE-407,2022,4,0.02,100.0
CWE-407,2023,6,0.02,50.0
CWE-407,2024,6,0.01,0.0
CWE-407,2025,18,0.04,200.0
CWE-407,2026,91,0.14,405.6
CWE-408,2026,5,0.01,
CWE-409,2024,4,0.01,
CWE-409,2025,13,0.03,225.0
CWE-409,2026,81,0.12,523.1
CWE-41,2024,1,0.0,
CWE-41,2025,7,0.01,600.0
CWE-41,2026,9,0.01,28.6
CWE-410,2024,1,0.0,
CWE-410,2025,5,0.01,400.0
CWE-410,2026,3,0.0,-40.0
CWE-412,2026,3,0.0,
CWE-413,2025,4,0.01,
CWE-413,2026,2,0.0,-50.0
CWE-414,2024,1,0.0,
CWE-414,2025,1,0.0,0.0
CWE-414,2026,2,0.0,100.0
CWE-415,2002,1,0.05,
CWE-415,2003,2,0.13,100.0
CWE-415,2004,4,0.16,100.0
CWE-415,2005,2,0.04,-50.0
CWE-415,2006,1,0.02,-50.0
CWE-415,2007,1,0.02,0.0
CWE-415,2008,1,0.02,0.0
CWE-415,2010,2,0.04,100.0
CWE-415,2011,3,0.07,50.0
CWE-415,2014,5,0.06,66.7
CWE-415,2015,2,0.03,-60.0
CWE-415,2016,6,0.09,200.0
CWE-415,2017,45,0.25,650.0
CWE-415,2018,68,0.37,51.1
CWE-415,2019,52,0.27,-23.5
CWE-415,2020,49,0.25,-5.8
CWE-415,2021,74,0.34,51.0
CWE-415,2022,65,0.25,-12.2
CWE-415,2023,51,0.16,-21.5
CWE-415,2024,108,0.27,111.8
CWE-415,2025,109,0.22,0.9
CWE-415,2026,166,0.25,52.3
CWE-416,2006,2,0.03,
CWE-416,2007,1,0.02,-50.0
CWE-416,2008,3,0.05,200.0
CWE-416,2009,6,0.1,100.0
CWE-416,2010,25,0.54,316.7
CWE-416,2011,52,1.25,108.0
CWE-416,2012,79,1.48,51.9
CWE-416,2013,39,0.73,-50.6
CWE-416,2014,27,0.34,-30.8
CWE-416,2015,41,0.62,51.9
CWE-416,2016,150,2.3,265.9
CWE-416,2017,273,1.51,82.0
CWE-416,2018,404,2.23,48.0
CWE-416,2019,541,2.86,33.9
CWE-416,2020,339,1.76,-37.3
CWE-416,2021,522,2.38,54.0
CWE-416,2022,695,2.63,33.1
CWE-416,2023,529,1.71,-23.9
CWE-416,2024,1110,2.73,109.8
CWE-416,2025,1011,2.02,-8.9
CWE-416,2026,1974,2.98,95.3
CWE-417,2017,6,0.03,
CWE-417,2018,6,0.03,0.0
CWE-417,2019,2,0.01,-66.7
CWE-419,2024,3,0.01,
CWE-419,2025,1,0.0,-66.7
CWE-42,2026,1,0.0,
CWE-420,2024,1,0.0,
CWE-420,2025,14,0.03,1300.0
CWE-420,2026,9,0.01,-35.7
CWE-421,2024,1,0.0,
CWE-421,2025,2,0.0,100.0
CWE-422,2025,2,0.0,
CWE-424,2022,1,0.0,
CWE-424,2024,1,0.0,0.0
CWE-424,2025,11,0.02,1000.0
CWE-424,2026,11,0.02,0.0
CWE-425,2002,1,0.05,
CWE-425,2004,2,0.08,100.0
CWE-425,2005,8,0.16,300.0
CWE-425,2015,1,0.02,-87.5
CWE-425,2017,7,0.04,600.0
CWE-425,2018,17,0.09,142.9
CWE-425,2019,23,0.12,35.3
CWE-425,2020,18,0.09,-21.7
CWE-425,2021,18,0.08,0.0
CWE-425,2022,39,0.15,116.7
CWE-425,2023,13,0.04,-66.7
CWE-425,2024,16,0.04,23.1
CWE-425,2025,29,0.06,81.3
CWE-425,2026,23,0.03,-20.7
CWE-426,2008,1,0.02,
CWE-426,2009,2,0.03,100.0
CWE-426,2010,2,0.04,0.0
CWE-426,2011,5,0.12,150.0
CWE-426,2012,3,0.06,-40.0
CWE-426,2014,1,0.01,-66.7
CWE-426,2015,3,0.05,200.0
CWE-426,2016,8,0.12,166.7
CWE-426,2017,138,0.76,1625.0
CWE-426,2018,75,0.41,-45.7
CWE-426,2019,64,0.34,-14.7
CWE-426,2020,51,0.27,-20.3
CWE-426,2021,20,0.09,-60.8
CWE-426,2022,21,0.08,5.0
CWE-426,2023,40,0.13,90.5
CWE-426,2024,41,0.1,2.5
CWE-426,2025,66,0.13,61.0
CWE-426,2026,89,0.13,34.8
CWE-427,2005,1,0.02,
CWE-427,2016,1,0.02,0.0
CWE-427,2017,39,0.22,3800.0
CWE-427,2018,23,0.13,-41.0
CWE-427,2019,68,0.36,195.7
CWE-427,2020,99,0.52,45.6
CWE-427,2021,121,0.55,22.2
CWE-427,2022,120,0.45,-0.8
CWE-427,2023,134,0.43,11.7
CWE-427,2024,166,0.41,23.9
CWE-427,2025,207,0.41,24.7
CWE-427,2026,165,0.25,-20.3
CWE-428,2014,1,0.01,
CWE-428,2015,1,0.02,0.0
CWE-428,2016,2,0.03,100.0
CWE-428,2017,11,0.06,450.0
CWE-428,2018,16,0.09,45.5
CWE-428,2019,15,0.08,-6.3
CWE-428,2020,24,0.12,60.0
CWE-428,2021,18,0.08,-25.0
CWE-428,2022,41,0.16,127.8
CWE-428,2023,32,0.1,-22.0
CWE-428,2024,23,0.06,-28.1
CWE-428,2025,48,0.1,108.7
CWE-428,2026,204,0.31,325.0
CWE-43,2025,1,0.0,
CWE-430,2025,1,0.0,
CWE-431,2024,1,0.0,
CWE-433,2026,1,0.0,
CWE-434,2001,3,0.18,
CWE-434,2002,1,0.05,-66.7
CWE-434,2004,1,0.04,0.0
CWE-434,2005,4,0.08,300.0
CWE-434,2006,4,0.06,0.0
CWE-434,2007,1,0.02,-75.0
CWE-434,2015,1,0.02,0.0
CWE-434,2016,11,0.17,1000.0
CWE-434,2017,91,0.5,727.3
CWE-434,2018,166,0.91,82.4
CWE-434,2019,204,1.08,22.9
CWE-434,2020,219,1.14,7.4
CWE-434,2021,275,1.25,25.6
CWE-434,2022,457,1.73,66.2
CWE-434,2023,508,1.64,11.2
CWE-434,2024,712,1.75,40.2
CWE-434,2025,724,1.45,1.7
CWE-434,2026,523,0.79,-27.8
CWE-435,2025,1,0.0,
CWE-436,2018,2,0.01,
CWE-436,2019,4,0.02,100.0
CWE-436,2020,11,0.06,175.0
CWE-436,2021,6,0.03,-45.5
CWE-436,2022,8,0.03,33.3
CWE-436,2023,19,0.06,137.5
CWE-436,2024,16,0.04,-15.8
CWE-436,2025,4,0.01,-75.0
CWE-436,2026,50,0.08,1150.0
CWE-437,2025,1,0.0,
CWE-440,2022,1,0.0,
CWE-440,2024,3,0.01,200.0
CWE-440,2025,10,0.02,233.3
CWE-440,2026,10,0.02,0.0
CWE-441,2017,1,0.01,
CWE-441,2018,2,0.01,100.0
CWE-441,2019,2,0.01,0.0
CWE-441,2021,1,0.0,-50.0
CWE-441,2024,1,0.0,0.0
CWE-441,2025,27,0.05,2600.0
CWE-441,2026,66,0.1,144.4
CWE-444,2005,2,0.04,
CWE-444,2006,1,0.02,-50.0
CWE-444,2017,5,0.03,400.0
CWE-444,2018,10,0.06,100.0
CWE-444,2019,11,0.06,10.0
CWE-444,2020,48,0.25,336.4
CWE-444,2021,42,0.19,-12.5
CWE-444,2022,31,0.12,-26.2
CWE-444,2023,28,0.09,-9.7
CWE-444,2024,36,0.09,28.6
CWE-444,2025,40,0.08,11.1
CWE-444,2026,116,0.17,190.0
CWE-446,2025,2,0.0,
CWE-447,2024,1,0.0,
CWE-447,2025,1,0.0,0.0
CWE-448,2025,1,0.0,
CWE-448,2026,1,0.0,0.0
CWE-449,2025,3,0.01,
CWE-450,2024,1,0.0,
CWE-451,2022,1,0.0,
CWE-451,2024,9,0.02,800.0
CWE-451,2025,60,0.12,566.7
CWE-451,2026,220,0.33,266.7
CWE-453,2024,1,0.0,
CWE-453,2025,2,0.0,100.0
CWE-453,2026,3,0.0,50.0
CWE-454,2025,1,0.0,
CWE-454,2026,2,0.0,100.0
CWE-455,2022,1,0.0,
CWE-455,2026,1,0.0,0.0
CWE-456,2024,1,0.0,
CWE-457,2021,1,0.0,
CWE-457,2022,4,0.02,300.0
CWE-457,2023,4,0.01,0.0
CWE-457,2024,9,0.02,125.0
CWE-457,2025,26,0.05,188.9
CWE-457,2026,118,0.18,353.8
CWE-459,2000,1,0.1,
CWE-459,2002,6,0.28,500.0
CWE-459,2005,2,0.04,-66.7
CWE-459,2017,2,0.01,0.0
CWE-459,2018,7,0.04,250.0
CWE-459,2019,12,0.06,71.4
CWE-459,2020,18,0.09,50.0
CWE-459,2021,15,0.07,-16.7
CWE-459,2022,19,0.07,26.7
CWE-459,2023,15,0.05,-21.1
CWE-459,2024,38,0.09,153.3
CWE-459,2025,25,0.05,-34.2
CWE-459,2026,38,0.06,52.0
CWE-46,2026,1,0.0,
CWE-460,2022,1,0.0,
CWE-460,2024,2,0.0,100.0
CWE-460,2025,2,0.0,0.0
CWE-460,2026,6,0.01,200.0
CWE-462,2025,1,0.0,
CWE-463,2024,2,0.0,
CWE-465,2024,1,0.0,
CWE-466,2024,1,0.0,
CWE-466,2026,6,0.01,500.0
CWE-467,2025,1,0.0,
CWE-467,2026,1,0.0,0.0
CWE-468,2024,2,0.0,
CWE-468,2026,2,0.0,0.0
CWE-469,2026,1,0.0,
CWE-470,2004,1,0.04,
CWE-470,2018,3,0.02,200.0
CWE-470,2019,4,0.02,33.3
CWE-470,2020,1,0.01,-75.0
CWE-470,2021,2,0.01,100.0
CWE-470,2022,3,0.01,50.0
CWE-470,2023,5,0.02,66.7
CWE-470,2024,11,0.03,120.0
CWE-470,2025,9,0.02,-18.2
CWE-470,2026,42,0.06,366.7
CWE-471,2018,1,0.01,
CWE-471,2020,1,0.01,0.0
CWE-471,2021,3,0.01,200.0
CWE-471,2025,4,0.01,33.3
CWE-471,2026,5,0.01,25.0
CWE-472,2021,5,0.02,
CWE-472,2024,5,0.01,0.0
CWE-472,2025,25,0.05,400.0
CWE-472,2026,83,0.13,232.0
CWE-473,2024,1,0.0,
CWE-474,2026,3,0.0,
CWE-475,2024,2,0.0,
CWE-475,2025,1,0.0,-50.0
CWE-475,2026,2,0.0,100.0
CWE-476,2001,1,0.06,
CWE-476,2002,2,0.09,100.0
CWE-476,2004,7,0.28,250.0
CWE-476,2005,3,0.06,-57.1
CWE-476,2006,3,0.05,0.0
CWE-476,2007,3,0.05,0.0
CWE-476,2008,4,0.07,33.3
CWE-476,2009,8,0.14,100.0
CWE-476,2010,17,0.36,112.5
CWE-476,2011,15,0.36,-11.8
CWE-476,2012,8,0.15,-46.7
CWE-476,2013,8,0.15,0.0
CWE-476,2014,15,0.19,87.5
CWE-476,2015,10,0.15,-33.3
CWE-476,2016,80,1.23,700.0
CWE-476,2017,338,1.87,322.5
CWE-476,2018,327,1.8,-3.3
CWE-476,2019,232,1.23,-29.1
CWE-476,2020,177,0.92,-23.7
CWE-476,2021,356,1.62,101.1
CWE-476,2022,370,1.4,3.9
CWE-476,2023,238,0.77,-35.7
CWE-476,2024,1109,2.72,366.0
CWE-476,2025,1174,2.35,5.9
CWE-476,2026,832,1.26,-29.1
CWE-477,2025,1,0.0,
CWE-477,2026,1,0.0,0.0
CWE-479,2026,1,0.0,
CWE-480,2025,1,0.0,
CWE-480,2026,5,0.01,400.0
CWE-484,2026,1,0.0,
CWE-488,2024,5,0.01,
CWE-488,2025,7,0.01,40.0
CWE-488,2026,16,0.02,128.6
CWE-489,2021,3,0.01,
CWE-489,2022,2,0.01,-33.3
CWE-489,2024,11,0.03,450.0
CWE-489,2025,13,0.03,18.2
CWE-489,2026,15,0.02,15.4
CWE-491,2024,1,0.0,
CWE-491,2025,3,0.01,200.0
CWE-494,2001,1,0.06,
CWE-494,2002,1,0.05,0.0
CWE-494,2008,2,0.04,100.0
CWE-494,2017,4,0.02,100.0
CWE-494,2018,2,0.01,-50.0
CWE-494,2019,11,0.06,450.0
CWE-494,2020,26,0.14,136.4
CWE-494,2021,9,0.04,-65.4
CWE-494,2022,18,0.07,100.0
CWE-494,2023,20,0.06,11.1
CWE-494,2024,15,0.04,-25.0
CWE-494,2025,28,0.06,86.7
CWE-494,2026,38,0.06,35.7
CWE-495,2025,1,0.0,
CWE-497,2021,3,0.01,
CWE-497,2023,2,0.01,-33.3
CWE-497,2024,28,0.07,1300.0
CWE-497,2025,164,0.33,485.7
CWE-497,2026,137,0.21,-16.5
CWE-5,2025,1,0.0,
CWE-5,2026,1,0.0,0.0
CWE-50,2026,1,0.0,
CWE-501,2024,1,0.0,
CWE-501,2025,4,0.01,300.0
CWE-501,2026,4,0.01,0.0
CWE-502,2003,1,0.06,
CWE-502,2007,1,0.02,0.0
CWE-502,2010,2,0.04,100.0
CWE-502,2011,2,0.05,0.0
CWE-502,2012,3,0.06,50.0
CWE-502,2013,2,0.04,-33.3
CWE-502,2015,3,0.05,50.0
CWE-502,2016,9,0.14,200.0
CWE-502,2017,68,0.38,655.6
CWE-502,2018,121,0.67,77.9
CWE-502,2019,126,0.67,4.1
CWE-502,2020,150,0.78,19.0
CWE-502,2021,198,0.9,32.0
CWE-502,2022,169,0.64,-14.6
CWE-502,2023,228,0.74,34.9
CWE-502,2024,404,0.99,77.2
CWE-502,2025,601,1.2,48.8
CWE-502,2026,845,1.27,40.6
CWE-506,2020,1,0.01,
CWE-506,2024,1,0.0,0.0
CWE-506,2025,22,0.04,2100.0
CWE-506,2026,25,0.04,13.6
CWE-507,2021,1,0.0,
CWE-514,2026,1,0.0,
CWE-520,2026,4,0.01,
CWE-521,2012,1,0.02,
CWE-521,2017,10,0.06,900.0
CWE-521,2018,15,0.08,50.0
CWE-521,2019,18,0.1,20.0
CWE-521,2020,31,0.16,72.2
CWE-521,2021,18,0.08,-41.9
CWE-521,2022,32,0.12,77.8
CWE-521,2023,29,0.09,-9.4
CWE-521,2024,29,0.07,0.0
CWE-521,2025,43,0.09,48.3
CWE-521,2026,17,0.03,-60.5
CWE-522,2000,1,0.1,
CWE-522,2005,1,0.02,0.0
CWE-522,2007,1,0.02,0.0
CWE-522,2012,2,0.04,100.0
CWE-522,2013,4,0.08,100.0
CWE-522,2014,1,0.01,-75.0
CWE-522,2015,2,0.03,100.0
CWE-522,2016,1,0.02,-50.0
CWE-522,2017,36,0.2,3500.0
CWE-522,2018,114,0.63,216.7
CWE-522,2019,158,0.83,38.6
CWE-522,2020,154,0.8,-2.5
CWE-522,2021,118,0.54,-23.4
CWE-522,2022,145,0.55,22.9
CWE-522,2023,122,0.39,-15.9
CWE-522,2024,121,0.3,-0.8
CWE-522,2025,114,0.23,-5.8
CWE-522,2026,179,0.27,57.0
CWE-523,2022,1,0.0,
CWE-523,2023,2,0.01,100.0
CWE-523,2024,3,0.01,50.0
CWE-523,2025,6,0.01,100.0
CWE-523,2026,4,0.01,-33.3
CWE-524,2022,1,0.0,
CWE-524,2024,4,0.01,300.0
CWE-524,2025,11,0.02,175.0
CWE-524,2026,28,0.04,154.5
CWE-525,2021,1,0.0,
CWE-525,2024,3,0.01,200.0
CWE-525,2025,11,0.02,266.7
CWE-525,2026,6,0.01,-45.5
CWE-526,2023,1,0.0,
CWE-526,2024,2,0.0,100.0
CWE-526,2025,6,0.01,200.0
CWE-526,2026,6,0.01,0.0
CWE-527,2021,1,0.0,
CWE-527,2024,1,0.0,0.0
CWE-527,2026,1,0.0,0.0
CWE-530,2024,4,0.01,
CWE-530,2025,3,0.01,-25.0
CWE-531,2025,2,0.0,
CWE-532,2001,1,0.06,
CWE-532,2011,1,0.02,0.0
CWE-532,2013,1,0.02,0.0
CWE-532,2016,7,0.11,600.0
CWE-532,2017,29,0.16,314.3
CWE-532,2018,63,0.35,117.2
CWE-532,2019,92,0.49,46.0
CWE-532,2020,88,0.46,-4.3
CWE-532,2021,81,0.37,-8.0
CWE-532,2022,113,0.43,39.5
CWE-532,2023,134,0.43,18.6
CWE-532,2024,181,0.44,35.1
CWE-532,2025,159,0.32,-12.2
CWE-532,2026,182,0.27,14.5
CWE-533,2026,1,0.0,
CWE-534,2017,1,0.01,
CWE-534,2018,1,0.01,0.0
CWE-538,2017,1,0.01,
CWE-538,2018,3,0.02,200.0
CWE-538,2019,4,0.02,33.3
CWE-538,2021,1,0.0,-75.0
CWE-538,2023,1,0.0,0.0
CWE-538,2024,6,0.01,500.0
CWE-538,2025,20,0.04,233.3
CWE-538,2026,21,0.03,5.0
CWE-539,2021,1,0.0,
CWE-539,2023,1,0.0,0.0
CWE-539,2025,1,0.0,0.0
CWE-539,2026,3,0.0,200.0
CWE-540,2021,1,0.0,
CWE-540,2024,1,0.0,0.0
CWE-540,2025,6,0.01,500.0
CWE-540,2026,5,0.01,-16.7
CWE-544,2023,1,0.0,
CWE-544,2024,2,0.0,100.0
CWE-544,2025,1,0.0,-50.0
CWE-547,2023,1,0.0,
CWE-547,2024,3,0.01,200.0
CWE-547,2025,4,0.01,33.3
CWE-547,2026,1,0.0,-75.0
CWE-548,2021,2,0.01,
CWE-548,2022,1,0.0,-50.0
CWE-548,2024,2,0.0,100.0
CWE-548,2025,13,0.03,550.0
CWE-548,2026,8,0.01,-38.5
CWE-549,2024,1,0.0,
CWE-549,2025,6,0.01,500.0
CWE-549,2026,2,0.0,-66.7
CWE-550,2023,1,0.0,
CWE-550,2026,1,0.0,0.0
CWE-551,2026,7,0.01,
CWE-552,2005,1,0.02,
CWE-552,2009,1,0.02,0.0
CWE-552,2016,1,0.02,0.0
CWE-552,2017,10,0.06,900.0
CWE-552,2018,4,0.02,-60.0
CWE-552,2019,14,0.07,250.0
CWE-552,2020,30,0.16,114.3
CWE-552,2021,38,0.17,26.7
CWE-552,2022,69,0.26,81.6
CWE-552,2023,56,0.18,-18.8
CWE-552,2024,53,0.13,-5.4
CWE-552,2025,67,0.13,26.4
CWE-552,2026,65,0.1,-3.0
CWE-553,2026,1,0.0,
CWE-555,2025,1,0.0,
CWE-556,2024,1,0.0,
CWE-557,2026,2,0.0,
CWE-561,2024,2,0.0,
CWE-561,2025,1,0.0,-50.0
CWE-561,2026,1,0.0,0.0
CWE-562,2024,1,0.0,
CWE-562,2026,2,0.0,100.0
CWE-563,2024,1,0.0,
CWE-564,2025,1,0.0,
CWE-564,2026,4,0.01,300.0
CWE-565,2008,1,0.02,
CWE-565,2011,1,0.02,0.0
CWE-565,2017,3,0.02,200.0
CWE-565,2018,2,0.01,-33.3
CWE-565,2019,6,0.03,200.0
CWE-565,2020,5,0.03,-16.7
CWE-565,2021,3,0.01,-40.0
CWE-565,2022,11,0.04,266.7
CWE-565,2023,6,0.02,-45.5
CWE-565,2024,8,0.02,33.3
CWE-565,2025,7,0.01,-12.5
CWE-565,2026,10,0.02,42.9
CWE-566,2025,3,0.01,
CWE-566,2026,1,0.0,-66.7
CWE-567,2021,1,0.0,
CWE-567,2023,1,0.0,0.0
CWE-567,2025,1,0.0,0.0
CWE-567,2026,5,0.01,400.0
CWE-57,2024,1,0.0,
CWE-570,2024,1,0.0,
CWE-571,2022,1,0.0,
CWE-573,2021,1,0.0,
CWE-573,2025,1,0.0,0.0
CWE-573,2026,4,0.01,300.0
CWE-59,1998,1,0.4,
CWE-59,1999,3,0.33,200.0
CWE-59,2000,3,0.29,0.0
CWE-59,2001,7,0.42,133.3
CWE-59,2002,6,0.28,-14.3
CWE-59,2003,6,0.39,0.0
CWE-59,2004,5,0.2,-16.7
CWE-59,2005,13,0.26,160.0
CWE-59,2006,2,0.03,-84.6
CWE-59,2007,22,0.33,1000.0
CWE-59,2008,172,3.04,681.8
CWE-59,2009,32,0.55,-81.4
CWE-59,2010,25,0.54,-21.9
CWE-59,2011,33,0.79,32.0
CWE-59,2012,17,0.32,-48.5
CWE-59,2013,19,0.36,11.8
CWE-59,2014,59,0.74,210.5
CWE-59,2015,23,0.35,-61.0
CWE-59,2016,8,0.12,-65.2
CWE-59,2017,36,0.2,350.0
CWE-59,2018,49,0.27,36.1
CWE-59,2019,108,0.57,120.4
CWE-59,2020,102,0.53,-5.6
CWE-59,2021,97,0.44,-4.9
CWE-59,2022,92,0.35,-5.2
CWE-59,2023,70,0.23,-23.9
CWE-59,2024,116,0.28,65.7
CWE-59,2025,131,0.26,12.9
CWE-59,2026,291,0.44,122.1
CWE-590,2023,1,0.0,
CWE-590,2025,6,0.01,500.0
CWE-590,2026,5,0.01,-16.7
CWE-591,2024,1,0.0,
CWE-591,2025,10,0.02,900.0
CWE-592,2024,1,0.0,
CWE-592,2025,1,0.0,0.0
CWE-592,2026,1,0.0,0.0
CWE-597,2022,1,0.0,
CWE-598,2021,1,0.0,
CWE-598,2024,1,0.0,0.0
CWE-598,2025,22,0.04,2100.0
CWE-598,2026,34,0.05,54.5
CWE-599,2024,3,0.01,
CWE-599,2025,5,0.01,66.7
CWE-599,2026,2,0.0,-60.0
CWE-600,2024,1,0.0,
CWE-601,2004,1,0.04,
CWE-601,2005,3,0.06,200.0
CWE-601,2008,3,0.05,0.0
CWE-601,2009,1,0.02,-66.7
CWE-601,2012,1,0.02,0.0
CWE-601,2015,2,0.03,100.0
CWE-601,2016,13,0.2,550.0
CWE-601,2017,93,0.51,615.4
CWE-601,2018,84,0.46,-9.7
CWE-601,2019,113,0.6,34.5
CWE-601,2020,96,0.5,-15.0
CWE-601,2021,128,0.58,33.3
CWE-601,2022,144,0.54,12.5
CWE-601,2023,181,0.58,25.7
CWE-601,2024,167,0.41,-7.7
CWE-601,2025,242,0.48,44.9
CWE-601,2026,321,0.48,32.6
CWE-602,2022,1,0.0,
CWE-602,2024,5,0.01,400.0
CWE-602,2025,35,0.07,600.0
CWE-602,2026,68,0.1,94.3
CWE-603,2024,1,0.0,
CWE-603,2025,6,0.01,500.0
CWE-603,2026,9,0.01,50.0
CWE-605,2024,1,0.0,
CWE-605,2026,2,0.0,100.0
CWE-606,2024,3,0.01,
CWE-606,2025,4,0.01,33.3
CWE-606,2026,19,0.03,375.0
CWE-61,2020,2,0.01,
CWE-61,2024,11,0.03,450.0
CWE-61,2025,27,0.05,145.5
CWE-61,2026,53,0.08,96.3
CWE-610,2017,2,0.01,
CWE-610,2018,1,0.01,-50.0
CWE-610,2019,30,0.16,2900.0
CWE-610,2020,12,0.06,-60.0
CWE-610,2021,28,0.13,133.3
CWE-610,2022,36,0.14,28.6
CWE-610,2023,29,0.09,-19.4
CWE-610,2024,24,0.06,-17.2
CWE-610,2025,21,0.04,-12.5
CWE-610,2026,25,0.04,19.0
CWE-611,2005,1,0.02,
CWE-611,2009,1,0.02,0.0
CWE-611,2010,1,0.02,0.0
CWE-611,2011,1,0.02,0.0
CWE-611,2012,4,0.07,300.0
CWE-611,2013,4,0.08,0.0
CWE-611,2014,2,0.02,-50.0
CWE-611,2015,2,0.03,0.0
CWE-611,2016,16,0.25,700.0
CWE-611,2017,106,0.59,562.5
CWE-611,2018,185,1.02,74.5
CWE-611,2019,132,0.7,-28.6
CWE-611,2020,108,0.56,-18.2
CWE-611,2021,117,0.53,8.3
CWE-611,2022,124,0.47,6.0
CWE-611,2023,129,0.42,4.0
CWE-611,2024,111,0.27,-14.0
CWE-611,2025,109,0.22,-1.8
CWE-611,2026,120,0.18,10.1
CWE-612,2023,1,0.0,
CWE-612,2026,4,0.01,300.0
CWE-613,2014,1,0.01,
CWE-613,2017,13,0.07,1200.0
CWE-613,2018,13,0.07,0.0
CWE-613,2019,22,0.12,69.2
CWE-613,2020,48,0.25,118.2
CWE-613,2021,53,0.24,10.4
CWE-613,2022,49,0.19,-7.5
CWE-613,2023,64,0.21,30.6
CWE-613,2024,68,0.17,6.3
CWE-613,2025,83,0.17,22.1
CWE-613,2026,153,0.23,84.3
CWE-614,2023,3,0.01,
CWE-614,2024,6,0.01,100.0
CWE-614,2025,14,0.03,133.3
CWE-614,2026,15,0.02,7.1
CWE-615,2026,2,0.0,
CWE-616,2024,3,0.01,
CWE-616,2025,2,0.0,-33.3
CWE-616,2026,2,0.0,0.0
CWE-617,2006,3,0.05,
CWE-617,2007,1,0.02,-66.7
CWE-617,2010,1,0.02,0.0
CWE-617,2016,2,0.03,100.0
CWE-617,2017,39,0.22,1850.0
CWE-617,2018,25,0.14,-35.9
CWE-617,2019,35,0.18,40.0
CWE-617,2020,30,0.16,-14.3
CWE-617,2021,76,0.35,153.3
CWE-617,2022,145,0.55,90.8
CWE-617,2023,68,0.22,-53.1
CWE-617,2024,53,0.13,-22.1
CWE-617,2025,132,0.26,149.1
CWE-617,2026,166,0.25,25.8
CWE-618,2025,1,0.0,
CWE-620,2021,1,0.0,
CWE-620,2022,1,0.0,0.0
CWE-620,2023,2,0.01,100.0
CWE-620,2024,6,0.01,200.0
CWE-620,2025,34,0.07,466.7
CWE-620,2026,24,0.04,-29.4
CWE-622,2024,2,0.0,
CWE-623,2025,1,0.0,
CWE-624,2024,1,0.0,
CWE-624,2026,1,0.0,0.0
CWE-625,2024,1,0.0,
CWE-625,2026,6,0.01,500.0
CWE-626,2026,1,0.0,
CWE-627,2026,3,0.0,
CWE-628,2025,1,0.0,
CWE-636,2023,1,0.0,
CWE-636,2024,2,0.0,100.0
CWE-636,2025,1,0.0,-50.0
CWE-636,2026,30,0.05,2900.0
CWE-639,2017,14,0.08,
CWE-639,2018,8,0.04,-42.9
CWE-639,2019,47,0.25,487.5
CWE-639,2020,43,0.22,-8.5
CWE-639,2021,72,0.33,67.4
CWE-639,2022,126,0.48,75.0
CWE-639,2023,129,0.42,2.4
CWE-639,2024,271,0.67,110.1
CWE-639,2025,387,0.77,42.8
CWE-639,2026,1190,1.8,207.5
CWE-64,2021,1,0.0,
CWE-64,2025,5,0.01,400.0
CWE-640,2016,3,0.05,
CWE-640,2017,19,0.1,533.3
CWE-640,2018,24,0.13,26.3
CWE-640,2019,18,0.1,-25.0
CWE-640,2020,13,0.07,-27.8
CWE-640,2021,18,0.08,38.5
CWE-640,2022,17,0.06,-5.6
CWE-640,2023,26,0.08,52.9
CWE-640,2024,34,0.08,30.8
CWE-640,2025,39,0.08,14.7
CWE-640,2026,63,0.1,61.5
CWE-641,2023,1,0.0,
CWE-641,2025,3,0.01,200.0
CWE-641,2026,4,0.01,33.3
CWE-642,2018,2,0.01,
CWE-642,2024,1,0.0,-50.0
CWE-642,2025,4,0.01,300.0
CWE-642,2026,3,0.0,-25.0
CWE-643,2022,1,0.0,
CWE-643,2024,1,0.0,0.0
CWE-643,2025,3,0.01,200.0
CWE-643,2026,4,0.01,33.3
CWE-644,2021,1,0.0,
CWE-644,2023,1,0.0,0.0
CWE-644,2024,1,0.0,0.0
CWE-644,2025,14,0.03,1300.0
CWE-644,2026,24,0.04,71.4
CWE-645,2023,1,0.0,
CWE-645,2025,2,0.0,100.0
CWE-645,2026,2,0.0,0.0
CWE-646,2025,3,0.01,
CWE-646,2026,1,0.0,-66.7
CWE-647,2025,4,0.01,
CWE-647,2026,7,0.01,75.0
CWE-648,2022,3,0.01,
CWE-648,2023,2,0.01,-33.3
CWE-648,2024,3,0.01,50.0
CWE-648,2025,11,0.02,266.7
CWE-648,2026,12,0.02,9.1
CWE-649,2021,1,0.0,
CWE-649,2024,2,0.0,100.0
CWE-649,2026,1,0.0,-50.0
CWE-65,2026,1,0.0,
CWE-650,2024,2,0.0,
CWE-650,2025,2,0.0,0.0
CWE-650,2026,3,0.0,50.0
CWE-653,2024,6,0.01,
CWE-653,2025,27,0.05,350.0
CWE-653,2026,19,0.03,-29.6
CWE-655,2026,1,0.0,
CWE-656,2024,1,0.0,
CWE-656,2025,3,0.01,200.0
CWE-656,2026,3,0.0,0.0
CWE-657,2021,2,0.01,
CWE-657,2024,1,0.0,-50.0
CWE-657,2025,1,0.0,0.0
CWE-657,2026,2,0.0,100.0
CWE-66,2024,1,0.0,
CWE-662,2017,1,0.01,
CWE-662,2019,6,0.03,500.0
CWE-662,2020,4,0.02,-33.3
CWE-662,2021,16,0.07,300.0
CWE-662,2022,6,0.02,-62.5
CWE-662,2023,12,0.04,100.0
CWE-662,2024,3,0.01,-75.0
CWE-662,2025,2,0.0,-33.3
CWE-662,2026,2,0.0,0.0
CWE-664,2017,1,0.01,
CWE-664,2019,1,0.01,0.0
CWE-664,2023,1,0.0,0.0
CWE-664,2024,2,0.0,100.0
CWE-664,2025,6,0.01,200.0
CWE-664,2026,11,0.02,83.3
CWE-665,1999,1,0.11,
CWE-665,2001,1,0.06,0.0
CWE-665,2007,1,0.02,0.0
CWE-665,2008,2,0.04,100.0
CWE-665,2010,1,0.02,-50.0
CWE-665,2011,1,0.02,0.0
CWE-665,2012,2,0.04,100.0
CWE-665,2013,2,0.04,0.0
CWE-665,2014,2,0.02,0.0
CWE-665,2016,1,0.02,-50.0
CWE-665,2017,22,0.12,2100.0
CWE-665,2018,27,0.15,22.7
CWE-665,2019,34,0.18,25.9
CWE-665,2020,44,0.23,29.4
CWE-665,2021,37,0.17,-15.9
CWE-665,2022,41,0.16,10.8
CWE-665,2023,37,0.12,-9.8
CWE-665,2024,33,0.08,-10.8
CWE-665,2025,13,0.03,-60.6
CWE-665,2026,17,0.03,30.8
CWE-666,2026,3,0.0,
CWE-667,2000,1,0.1,
CWE-667,2001,2,0.12,100.0
CWE-667,2002,5,0.23,150.0
CWE-667,2004,1,0.04,-80.0
CWE-667,2005,3,0.06,200.0
CWE-667,2006,4,0.06,33.3
CWE-667,2008,1,0.02,-75.0
CWE-667,2009,6,0.1,500.0
CWE-667,2010,2,0.04,-66.7
CWE-667,2018,3,0.02,50.0
CWE-667,2019,14,0.07,366.7
CWE-667,2020,13,0.07,-7.1
CWE-667,2021,17,0.08,30.8
CWE-667,2022,35,0.13,105.9
CWE-667,2023,30,0.1,-14.3
CWE-667,2024,231,0.57,670.0
CWE-667,2025,200,0.4,-13.4
CWE-667,2026,120,0.18,-40.0
CWE-668,2001,2,0.12,
CWE-668,2004,1,0.04,-50.0
CWE-668,2011,2,0.05,100.0
CWE-668,2012,1,0.02,-50.0
CWE-668,2013,1,0.02,0.0
CWE-668,2016,2,0.03,100.0
CWE-668,2017,18,0.1,800.0
CWE-668,2018,25,0.14,38.9
CWE-668,2019,54,0.29,116.0
CWE-668,2020,52,0.27,-3.7
CWE-668,2021,101,0.46,94.2
CWE-668,2022,134,0.51,32.7
CWE-668,2023,179,0.58,33.6
CWE-668,2024,41,0.1,-77.1
CWE-668,2025,15,0.03,-63.4
CWE-668,2026,50,0.08,233.3
CWE-669,2002,1,0.05,
CWE-669,2004,1,0.04,0.0
CWE-669,2016,1,0.02,0.0
CWE-669,2017,1,0.01,0.0
CWE-669,2019,9,0.05,800.0
CWE-669,2020,9,0.05,0.0
CWE-669,2021,9,0.04,0.0
CWE-669,2022,9,0.03,0.0
CWE-669,2023,5,0.02,-44.4
CWE-669,2024,4,0.01,-20.0
CWE-669,2025,17,0.03,325.0
CWE-669,2026,42,0.06,147.1
CWE-67,2024,2,0.0,
CWE-67,2025,1,0.0,-50.0
CWE-67,2026,2,0.0,100.0
CWE-670,2017,1,0.01,
CWE-670,2018,3,0.02,200.0
CWE-670,2019,4,0.02,33.3
CWE-670,2020,12,0.06,200.0
CWE-670,2021,13,0.06,8.3
CWE-670,2022,11,0.04,-15.4
CWE-670,2023,18,0.06,63.6
CWE-670,2024,27,0.07,50.0
CWE-670,2025,10,0.02,-63.0
CWE-670,2026,34,0.05,240.0
CWE-671,2022,1,0.0,
CWE-671,2025,1,0.0,0.0
CWE-671,2026,2,0.0,100.0
CWE-672,2017,2,0.01,
CWE-672,2019,3,0.02,50.0
CWE-672,2020,7,0.04,133.3
CWE-672,2021,1,0.0,-85.7
CWE-672,2022,8,0.03,700.0
CWE-672,2023,3,0.01,-62.5
CWE-672,2024,14,0.03,366.7
CWE-672,2025,12,0.02,-14.3
CWE-672,2026,17,0.03,41.7
CWE-673,2025,1,0.0,
CWE-674,2007,2,0.03,
CWE-674,2016,1,0.02,-50.0
CWE-674,2017,16,0.09,1500.0
CWE-674,2018,17,0.09,6.3
CWE-674,2019,51,0.27,200.0
CWE-674,2020,28,0.15,-45.1
CWE-674,2021,36,0.16,28.6
CWE-674,2022,46,0.17,27.8
CWE-674,2023,22,0.07,-52.2
CWE-674,2024,30,0.07,36.4
CWE-674,2025,55,0.11,83.3
CWE-674,2026,183,0.28,232.7
CWE-676,2024,3,0.01,
CWE-676,2026,4,0.01,33.3
CWE-680,2024,5,0.01,
CWE-680,2025,11,0.02,120.0
CWE-680,2026,7,0.01,-36.4
CWE-681,2007,2,0.03,
CWE-681,2008,2,0.04,0.0
CWE-681,2009,1,0.02,-50.0
CWE-681,2010,1,0.02,0.0
CWE-681,2016,1,0.02,0.0
CWE-681,2017,2,0.01,100.0
CWE-681,2018,3,0.02,50.0
CWE-681,2019,8,0.04,166.7
CWE-681,2020,5,0.03,-37.5
CWE-681,2021,21,0.1,320.0
CWE-681,2022,15,0.06,-28.6
CWE-681,2023,5,0.02,-66.7
CWE-681,2024,5,0.01,0.0
CWE-681,2025,2,0.0,-60.0
CWE-681,2026,21,0.03,950.0
CWE-682,2012,2,0.04,
CWE-682,2017,15,0.08,650.0
CWE-682,2018,9,0.05,-40.0
CWE-682,2019,10,0.05,11.1
CWE-682,2020,7,0.04,-30.0
CWE-682,2021,9,0.04,28.6
CWE-682,2022,23,0.09,155.6
CWE-682,2023,10,0.03,-56.5
CWE-682,2024,9,0.02,-10.0
CWE-682,2025,5,0.01,-44.4
CWE-682,2026,19,0.03,280.0
CWE-683,2025,1,0.0,
CWE-683,2026,1,0.0,0.0
CWE-684,2024,2,0.0,
CWE-684,2025,6,0.01,200.0
CWE-684,2026,7,0.01,16.7
CWE-686,2024,1,0.0,
CWE-686,2026,1,0.0,0.0
CWE-688,2026,2,0.0,
CWE-689,2025,1,0.0,
CWE-69,2024,1,0.0,
CWE-69,2026,1,0.0,0.0
CWE-690,2022,1,0.0,
CWE-690,2025,1,0.0,0.0
CWE-690,2026,1,0.0,0.0
CWE-691,2023,1,0.0,
CWE-691,2024,5,0.01,400.0
CWE-691,2025,9,0.02,80.0
CWE-691,2026,5,0.01,-44.4
CWE-692,2024,1,0.0,
CWE-692,2025,2,0.0,100.0
CWE-692,2026,3,0.0,50.0
CWE-693,2016,1,0.02,
CWE-693,2017,1,0.01,0.0
CWE-693,2018,19,0.1,1800.0
CWE-693,2019,8,0.04,-57.9
CWE-693,2020,1,0.01,-87.5
CWE-693,2021,3,0.01,200.0
CWE-693,2022,1,0.0,-66.7
CWE-693,2023,3,0.01,200.0
CWE-693,2024,21,0.05,600.0
CWE-693,2025,94,0.19,347.6
CWE-693,2026,317,0.48,237.2
CWE-694,2024,1,0.0,
CWE-694,2025,2,0.0,100.0
CWE-694,2026,3,0.0,50.0
CWE-696,2024,2,0.0,
CWE-696,2025,7,0.01,250.0
CWE-696,2026,18,0.03,157.1
CWE-697,2005,1,0.02,
CWE-697,2011,1,0.02,0.0
CWE-697,2017,1,0.01,0.0
CWE-697,2020,14,0.07,1300.0
CWE-697,2021,24,0.11,71.4
CWE-697,2022,22,0.08,-8.3
CWE-697,2023,39,0.13,77.3
CWE-697,2024,18,0.04,-53.8
CWE-697,2025,9,0.02,-50.0
CWE-697,2026,17,0.03,88.9
CWE-698,2024,6,0.01,
CWE-698,2025,2,0.0,-66.7
CWE-698,2026,6,0.01,200.0
CWE-701,2026,3,0.0,
CWE-703,2023,4,0.01,
CWE-703,2024,8,0.02,100.0
CWE-703,2025,22,0.04,175.0
CWE-703,2026,25,0.04,13.6
CWE-704,2010,1,0.02,
CWE-704,2011,5,0.12,400.0
CWE-704,2012,3,0.06,-40.0
CWE-704,2015,1,0.02,-66.7
CWE-704,2016,8,0.12,700.0
CWE-704,2017,32,0.18,300.0
CWE-704,2018,93,0.51,190.6
CWE-704,2019,19,0.1,-79.6
CWE-704,2020,6,0.03,-68.4
CWE-704,2021,8,0.04,33.3
CWE-704,2022,21,0.08,162.5
CWE-704,2023,10,0.03,-52.4
CWE-704,2024,9,0.02,-10.0
CWE-704,2025,16,0.03,77.8
CWE-704,2026,26,0.04,62.5
CWE-705,2025,1,0.0,
CWE-705,2026,3,0.0,200.0
CWE-706,2018,2,0.01,
CWE-706,2019,10,0.05,400.0
CWE-706,2020,9,0.05,-10.0
CWE-706,2021,12,0.05,33.3
CWE-706,2022,8,0.03,-33.3
CWE-706,2023,5,0.02,-37.5
CWE-706,2024,13,0.03,160.0
CWE-706,2025,12,0.02,-7.7
CWE-706,2026,40,0.06,233.3
CWE-707,2018,1,0.01,
CWE-707,2019,1,0.01,0.0
CWE-707,2022,51,0.19,5000.0
CWE-707,2024,2,0.0,-96.1
CWE-707,2025,3,0.01,50.0
CWE-707,2026,3,0.0,0.0
CWE-708,2021,1,0.0,
CWE-708,2024,1,0.0,0.0
CWE-708,2025,3,0.01,200.0
CWE-708,2026,3,0.0,0.0
CWE-710,2021,1,0.0,
CWE-710,2025,1,0.0,0.0
CWE-73,2020,2,0.01,
CWE-73,2021,2,0.01,0.0
CWE-73,2022,4,0.02,100.0
CWE-73,2023,7,0.02,75.0
CWE-73,2024,23,0.06,228.6
CWE-73,2025,114,0.23,395.7
CWE-73,2026,236,0.36,107.0
CWE-732,2001,1,0.06,
CWE-732,2004,1,0.04,0.0
CWE-732,2005,1,0.02,0.0
CWE-732,2007,2,0.03,100.0
CWE-732,2008,5,0.09,150.0
CWE-732,2009,10,0.17,100.0
CWE-732,2010,1,0.02,-90.0
CWE-732,2011,1,0.02,0.0
CWE-732,2013,2,0.04,100.0
CWE-732,2017,83,0.46,4050.0
CWE-732,2018,214,1.18,157.8
CWE-732,2019,206,1.09,-3.7
CWE-732,2020,161,0.84,-21.8
CWE-732,2021,150,0.68,-6.8
CWE-732,2022,121,0.46,-19.3
CWE-732,2023,148,0.48,22.3
CWE-732,2024,127,0.31,-14.2
CWE-732,2025,178,0.36,40.2
CWE-732,2026,143,0.22,-19.7
CWE-733,2025,4,0.01,
CWE-74,2004,1,0.04,
CWE-74,2005,3,0.06,200.0
CWE-74,2007,1,0.02,-66.7
CWE-74,2008,1,0.02,0.0
CWE-74,2009,1,0.02,0.0
CWE-74,2011,2,0.05,100.0
CWE-74,2012,1,0.02,-50.0
CWE-74,2013,1,0.02,0.0
CWE-74,2014,2,0.02,100.0
CWE-74,2015,16,0.24,700.0
CWE-74,2016,10,0.15,-37.5
CWE-74,2017,66,0.36,560.0
CWE-74,2018,45,0.25,-31.8
CWE-74,2019,96,0.51,113.3
CWE-74,2020,179,0.93,86.5
CWE-74,2021,141,0.64,-21.2
CWE-74,2022,82,0.31,-41.8
CWE-74,2023,155,0.5,89.0
CWE-74,2024,137,0.34,-11.6
CWE-74,2025,1234,2.47,800.7
CWE-74,2026,1250,1.89,1.3
CWE-749,2017,1,0.01,
CWE-749,2018,3,0.02,200.0
CWE-749,2019,2,0.01,-33.3
CWE-749,2020,3,0.02,50.0
CWE-749,2023,8,0.03,166.7
CWE-749,2024,22,0.05,175.0
CWE-749,2025,25,0.05,13.6
CWE-749,2026,39,0.06,56.0
CWE-75,2021,1,0.0,
CWE-75,2022,1,0.0,0.0
CWE-75,2023,1,0.0,0.0
CWE-75,2024,8,0.02,700.0
CWE-75,2025,2,0.0,-75.0
CWE-75,2026,5,0.01,150.0
CWE-754,2014,1,0.01,
CWE-754,2017,12,0.07,1100.0
CWE-754,2018,7,0.04,-41.7
CWE-754,2019,32,0.17,357.1
CWE-754,2020,45,0.23,40.6
CWE-754,2021,54,0.25,20.0
CWE-754,2022,58,0.22,7.4
CWE-754,2023,54,0.17,-6.9
CWE-754,2024,101,0.25,87.0
CWE-754,2025,78,0.16,-22.8
CWE-754,2026,121,0.18,55.1
CWE-755,2006,1,0.02,
CWE-755,2014,1,0.01,0.0
CWE-755,2017,14,0.08,1300.0
CWE-755,2018,17,0.09,21.4
CWE-755,2019,69,0.36,305.9
CWE-755,2020,72,0.37,4.3
CWE-755,2021,79,0.36,9.7
CWE-755,2022,91,0.34,15.2
CWE-755,2023,70,0.23,-23.1
CWE-755,2024,64,0.16,-8.6
CWE-755,2025,27,0.05,-57.8
CWE-755,2026,23,0.03,-14.8
CWE-757,2020,1,0.01,
CWE-757,2021,1,0.0,0.0
CWE-757,2024,2,0.0,100.0
CWE-757,2025,4,0.01,100.0
CWE-757,2026,10,0.02,150.0
CWE-758,2023,1,0.0,
CWE-758,2025,2,0.0,100.0
CWE-758,2026,10,0.02,400.0
CWE-759,2022,1,0.0,
CWE-759,2023,1,0.0,0.0
CWE-759,2025,3,0.01,200.0
CWE-759,2026,8,0.01,166.7
CWE-76,2023,1,0.0,
CWE-76,2024,3,0.01,200.0
CWE-76,2026,4,0.01,33.3
CWE-760,2020,1,0.01,
CWE-760,2023,1,0.0,0.0
CWE-760,2024,1,0.0,0.0
CWE-760,2025,1,0.0,0.0
CWE-760,2026,1,0.0,0.0
CWE-761,2024,1,0.0,
CWE-762,2025,4,0.01,
CWE-762,2026,1,0.0,-75.0
CWE-763,2007,1,0.02,
CWE-763,2015,1,0.02,0.0
CWE-763,2017,1,0.01,0.0
CWE-763,2018,3,0.02,200.0
CWE-763,2019,5,0.03,66.7
CWE-763,2020,14,0.07,180.0
CWE-763,2021,14,0.06,0.0
CWE-763,2022,10,0.04,-28.6
CWE-763,2023,10,0.03,0.0
CWE-763,2024,16,0.04,60.0
CWE-763,2025,8,0.02,-50.0
CWE-763,2026,13,0.02,62.5
CWE-767,2024,2,0.0,
CWE-768,2026,1,0.0,
CWE-769,2017,2,0.01,
CWE-77,2005,2,0.04,
CWE-77,2010,2,0.04,0.0
CWE-77,2012,1,0.02,-50.0
CWE-77,2013,1,0.02,0.0
CWE-77,2014,14,0.17,1300.0
CWE-77,2015,39,0.59,178.6
CWE-77,2016,29,0.44,-25.6
CWE-77,2017,100,0.55,244.8
CWE-77,2018,48,0.26,-52.0
CWE-77,2019,89,0.47,85.4
CWE-77,2020,116,0.6,30.3
CWE-77,2021,276,1.26,137.9
CWE-77,2022,201,0.76,-27.2
CWE-77,2023,445,1.44,121.4
CWE-77,2024,445,1.09,0.0
CWE-77,2025,590,1.18,32.6
CWE-77,2026,674,1.02,14.2
CWE-770,2001,1,0.06,
CWE-770,2005,2,0.04,100.0
CWE-770,2008,3,0.05,50.0
CWE-770,2009,4,0.07,33.3
CWE-770,2011,1,0.02,-75.0
CWE-770,2016,2,0.03,100.0
CWE-770,2017,38,0.21,1800.0
CWE-770,2018,36,0.2,-5.3
CWE-770,2019,97,0.51,169.4
CWE-770,2020,59,0.31,-39.2
CWE-770,2021,103,0.47,74.6
CWE-770,2022,176,0.67,70.9
CWE-770,2023,140,0.45,-20.5
CWE-770,2024,252,0.62,80.0
CWE-770,2025,337,0.67,33.7
CWE-770,2026,736,1.11,118.4
CWE-771,2025,1,0.0,
CWE-771,2026,2,0.0,100.0
CWE-772,1999,1,0.11,
CWE-772,2001,1,0.06,0.0
CWE-772,2003,1,0.06,0.0
CWE-772,2007,2,0.03,100.0
CWE-772,2008,2,0.04,0.0
CWE-772,2009,2,0.03,0.0
CWE-772,2011,2,0.05,0.0
CWE-772,2013,1,0.02,-50.0
CWE-772,2015,7,0.11,600.0
CWE-772,2016,13,0.2,85.7
CWE-772,2017,167,0.92,1184.6
CWE-772,2018,114,0.63,-31.7
CWE-772,2019,23,0.12,-79.8
CWE-772,2020,12,0.06,-47.8
CWE-772,2021,16,0.07,33.3
CWE-772,2022,15,0.06,-6.3
CWE-772,2023,5,0.02,-66.7
CWE-772,2024,19,0.05,280.0
CWE-772,2025,14,0.03,-26.3
CWE-772,2026,36,0.05,157.1
CWE-774,2018,1,0.01,
CWE-774,2025,1,0.0,0.0
CWE-774,2026,1,0.0,0.0
CWE-775,2016,1,0.02,
CWE-775,2025,2,0.0,100.0
CWE-775,2026,2,0.0,0.0
CWE-776,2003,1,0.06,
CWE-776,2008,1,0.02,0.0
CWE-776,2009,1,0.02,0.0
CWE-776,2011,2,0.05,100.0
CWE-776,2017,1,0.01,-50.0
CWE-776,2019,8,0.04,700.0
CWE-776,2020,12,0.06,50.0
CWE-776,2021,8,0.04,-33.3
CWE-776,2022,10,0.04,25.0
CWE-776,2023,5,0.02,-50.0
CWE-776,2024,8,0.02,60.0
CWE-776,2025,4,0.01,-50.0
CWE-776,2026,19,0.03,375.0
CWE-777,2026,3,0.0,
CWE-778,2024,2,0.0,
CWE-778,2025,4,0.01,100.0
CWE-778,2026,12,0.02,200.0
CWE-779,2024,1,0.0,
CWE-779,2025,2,0.0,100.0
CWE-779,2026,5,0.01,150.0
CWE-78,1996,1,1.33,
CWE-78,2001,1,0.06,0.0
CWE-78,2002,3,0.14,200.0
CWE-78,2003,1,0.06,-66.7
CWE-78,2004,1,0.04,0.0
CWE-78,2005,1,0.02,0.0
CWE-78,2006,2,0.03,100.0
CWE-78,2007,6,0.09,200.0
CWE-78,2008,6,0.11,0.0
CWE-78,2009,18,0.31,200.0
CWE-78,2010,13,0.28,-27.8
CWE-78,2011,14,0.34,7.7
CWE-78,2012,15,0.28,7.1
CWE-78,2013,33,0.62,120.0
CWE-78,2014,48,0.6,45.5
CWE-78,2015,34,0.52,-29.2
CWE-78,2016,30,0.46,-11.8
CWE-78,2017,154,0.85,413.3
CWE-78,2018,326,1.8,111.7
CWE-78,2019,379,2.0,16.3
CWE-78,2020,523,2.72,38.0
CWE-78,2021,462,2.1,-11.7
CWE-78,2022,550,2.08,19.0
CWE-78,2023,505,1.63,-8.2
CWE-78,2024,738,1.81,46.1
CWE-78,2025,811,1.62,9.9
CWE-78,2026,1308,1.97,61.3
CWE-780,2025,1,0.0,
CWE-782,2024,8,0.02,
CWE-782,2025,6,0.01,-25.0
CWE-782,2026,17,0.03,183.3
CWE-783,2024,1,0.0,
CWE-783,2025,3,0.01,200.0
CWE-783,2026,3,0.0,0.0
CWE-784,2026,1,0.0,
CWE-786,2024,1,0.0,
CWE-786,2026,1,0.0,0.0
CWE-787,2002,1,0.05,
CWE-787,2003,2,0.13,100.0
CWE-787,2004,5,0.2,150.0
CWE-787,2005,3,0.06,-40.0
CWE-787,2006,5,0.08,66.7
CWE-787,2007,7,0.11,40.0
CWE-787,2008,6,0.11,-14.3
CWE-787,2009,13,0.22,116.7
CWE-787,2010,27,0.58,107.7
CWE-787,2011,30,0.72,11.1
CWE-787,2012,32,0.6,6.7
CWE-787,2013,20,0.38,-37.5
CWE-787,2014,14,0.17,-30.0
CWE-787,2015,21,0.32,50.0
CWE-787,2016,160,2.46,661.9
CWE-787,2017,242,1.34,51.3
CWE-787,2018,795,4.38,228.5
CWE-787,2019,1096,5.79,37.9
CWE-787,2020,1171,6.09,6.8
CWE-787,2021,1477,6.73,26.1
CWE-787,2022,2142,8.1,45.0
CWE-787,2023,1907,6.16,-11.0
CWE-787,2024,1934,4.75,1.4
CWE-787,2025,1119,2.24,-42.1
CWE-787,2026,1275,1.92,13.9
CWE-788,2021,2,0.01,
CWE-788,2022,5,0.02,150.0
CWE-788,2023,1,0.0,-80.0
CWE-788,2024,3,0.01,200.0
CWE-788,2025,1,0.0,-66.7
CWE-788,2026,3,0.0,200.0
CWE-789,2021,2,0.01,
CWE-789,2022,5,0.02,150.0
CWE-789,2023,1,0.0,-80.0
CWE-789,2024,5,0.01,400.0
CWE-789,2025,13,0.03,160.0
CWE-789,2026,109,0.16,738.5
CWE-79,2000,1,0.1,
CWE-79,2002,34,1.57,3300.0
CWE-79,2003,34,2.2,0.0
CWE-79,2004,24,0.97,-29.4
CWE-79,2005,42,0.84,75.0
CWE-79,2006,121,1.82,188.1
CWE-79,2007,356,5.4,194.2
CWE-79,2008,791,13.97,122.2
CWE-79,2009,822,14.23,3.9
CWE-79,2010,594,12.73,-27.7
CWE-79,2011,459,11.0,-22.7
CWE-79,2012,729,13.62,58.8
CWE-79,2013,615,11.55,-15.6
CWE-79,2014,1026,12.81,66.8
CWE-79,2015,726,11.01,-29.2
CWE-79,2016,472,7.24,-35.0
CWE-79,2017,1475,8.14,212.5
CWE-79,2018,2013,11.09,36.5
CWE-79,2019,2332,12.31,15.8
CWE-79,2020,2156,11.22,-7.5
CWE-79,2021,2665,12.14,23.6
CWE-79,2022,3211,12.15,20.5
CWE-79,2023,4685,15.14,45.9
CWE-79,2024,7305,17.95,55.9
CWE-79,2025,8266,16.54,13.2
CWE-79,2026,5830,8.79,-29.5
CWE-790,2024,3,0.01,
CWE-790,2025,1,0.0,-66.7
CWE-790,2026,3,0.0,200.0
CWE-791,2024,3,0.01,
CWE-791,2025,11,0.02,266.7
CWE-791,2026,15,0.02,36.4
CWE-792,2025,1,0.0,
CWE-794,2026,1,0.0,
CWE-798,2001,1,0.06,
CWE-798,2005,3,0.06,200.0
CWE-798,2007,3,0.05,0.0
CWE-798,2008,3,0.05,0.0
CWE-798,2010,3,0.06,0.0
CWE-798,2012,1,0.02,-66.7
CWE-798,2013,1,0.02,0.0
CWE-798,2016,11,0.17,1000.0
CWE-798,2017,94,0.52,754.5
CWE-798,2018,142,0.78,51.1
CWE-798,2019,127,0.67,-10.6
CWE-798,2020,180,0.94,41.7
CWE-798,2021,161,0.73,-10.6
CWE-798,2022,192,0.73,19.3
CWE-798,2023,172,0.56,-10.4
CWE-798,2024,190,0.47,10.5
CWE-798,2025,184,0.37,-3.2
CWE-798,2026,205,0.31,11.4
CWE-799,2021,3,0.01,
CWE-799,2023,1,0.0,-66.7
CWE-799,2024,6,0.01,500.0
CWE-799,2025,11,0.02,83.3
CWE-799,2026,14,0.02,27.3
CWE-80,2020,1,0.01,
CWE-80,2021,1,0.0,0.0
CWE-80,2022,1,0.0,0.0
CWE-80,2023,6,0.02,500.0
CWE-80,2024,52,0.13,766.7
CWE-80,2025,91,0.18,75.0
CWE-80,2026,94,0.14,3.3
CWE-804,2024,2,0.0,
CWE-804,2025,1,0.0,-50.0
CWE-804,2026,6,0.01,500.0
CWE-805,2021,2,0.01,
CWE-805,2024,2,0.0,0.0
CWE-805,2025,15,0.03,650.0
CWE-805,2026,13,0.02,-13.3
CWE-807,2021,1,0.0,
CWE-807,2024,2,0.0,100.0
CWE-807,2025,15,0.03,650.0
CWE-807,2026,45,0.07,200.0
CWE-81,2025,2,0.0,
CWE-81,2026,1,0.0,-50.0
CWE-82,2024,1,0.0,
CWE-82,2025,1,0.0,0.0
CWE-820,2025,5,0.01,
CWE-820,2026,3,0.0,-40.0
CWE-821,2024,2,0.0,
CWE-821,2025,2,0.0,0.0
CWE-821,2026,3,0.0,50.0
CWE-822,2020,1,0.01,
CWE-822,2021,4,0.02,300.0
CWE-822,2022,3,0.01,-25.0
CWE-822,2024,11,0.03,266.7
CWE-822,2025,38,0.08,245.5
CWE-822,2026,72,0.11,89.5
CWE-823,2022,1,0.0,
CWE-823,2024,2,0.0,100.0
CWE-823,2025,20,0.04,900.0
CWE-823,2026,12,0.02,-40.0
CWE-824,2003,1,0.06,
CWE-824,2006,2,0.03,100.0
CWE-824,2007,6,0.09,200.0
CWE-824,2009,4,0.07,-33.3
CWE-824,2010,1,0.02,-75.0
CWE-824,2011,2,0.05,100.0
CWE-824,2014,1,0.01,-50.0
CWE-824,2015,1,0.02,0.0
CWE-824,2016,2,0.03,100.0
CWE-824,2017,3,0.02,50.0
CWE-824,2018,15,0.08,400.0
CWE-824,2019,10,0.05,-33.3
CWE-824,2020,19,0.1,90.0
CWE-824,2021,38,0.17,100.0
CWE-824,2022,38,0.14,0.0
CWE-824,2023,44,0.14,15.8
CWE-824,2024,30,0.07,-31.8
CWE-824,2025,32,0.06,6.7
CWE-824,2026,17,0.03,-46.9
CWE-825,2023,1,0.0,
CWE-825,2024,2,0.0,100.0
CWE-825,2025,9,0.02,350.0
CWE-825,2026,11,0.02,22.2
CWE-826,2024,1,0.0,
CWE-826,2025,2,0.0,100.0
CWE-826,2026,1,0.0,-50.0
CWE-828,2024,2,0.0,
CWE-829,2004,2,0.08,
CWE-829,2010,1,0.02,-50.0
CWE-829,2017,2,0.01,100.0
CWE-829,2018,9,0.05,350.0
CWE-829,2019,9,0.05,0.0
CWE-829,2020,11,0.06,22.2
CWE-829,2021,26,0.12,136.4
CWE-829,2022,19,0.07,-26.9
CWE-829,2023,18,0.06,-5.3
CWE-829,2024,20,0.05,11.1
CWE-829,2025,37,0.07,85.0
CWE-829,2026,90,0.14,143.2
CWE-83,2024,1,0.0,
CWE-83,2025,4,0.01,300.0
CWE-83,2026,7,0.01,75.0
CWE-830,2023,1,0.0,
CWE-830,2024,3,0.01,200.0
CWE-830,2025,4,0.01,33.3
CWE-832,2024,1,0.0,
CWE-833,2022,1,0.0,
CWE-833,2024,1,0.0,0.0
CWE-833,2025,6,0.01,500.0
CWE-833,2026,3,0.0,-50.0
CWE-834,2016,1,0.02,
CWE-834,2017,28,0.15,2700.0
CWE-834,2018,10,0.06,-64.3
CWE-834,2019,3,0.02,-70.0
CWE-834,2020,3,0.02,0.0
CWE-834,2021,13,0.06,333.3
CWE-834,2022,4,0.02,-69.2
CWE-834,2023,10,0.03,150.0
CWE-834,2024,5,0.01,-50.0
CWE-834,2025,4,0.01,-20.0
CWE-834,2026,9,0.01,125.0
CWE-835,2004,2,0.08,
CWE-835,2005,2,0.04,0.0
CWE-835,2006,1,0.02,-50.0
CWE-835,2009,2,0.03,100.0
CWE-835,2010,2,0.04,0.0
CWE-835,2011,3,0.07,50.0
CWE-835,2012,3,0.06,0.0
CWE-835,2013,1,0.02,-66.7
CWE-835,2016,9,0.14,800.0
CWE-835,2017,92,0.51,922.2
CWE-835,2018,106,0.58,15.2
CWE-835,2019,51,0.27,-51.9
CWE-835,2020,51,0.27,0.0
CWE-835,2021,74,0.34,45.1
CWE-835,2022,56,0.21,-24.3
CWE-835,2023,58,0.19,3.6
CWE-835,2024,84,0.21,44.8
CWE-835,2025,67,0.13,-20.2
CWE-835,2026,176,0.27,162.7
CWE-836,2023,1,0.0,
CWE-836,2025,3,0.01,200.0
CWE-836,2026,3,0.0,0.0
CWE-837,2023,1,0.0,
CWE-837,2024,1,0.0,0.0
CWE-837,2025,8,0.02,700.0
CWE-837,2026,3,0.0,-62.5
CWE-838,2018,1,0.01,
CWE-838,2019,2,0.01,100.0
CWE-838,2020,2,0.01,0.0
CWE-838,2024,3,0.01,50.0
CWE-838,2025,1,0.0,-66.7
CWE-838,2026,2,0.0,100.0
CWE-839,2023,1,0.0,
CWE-839,2026,1,0.0,0.0
CWE-84,2025,11,0.02,
CWE-84,2026,2,0.0,-81.8
CWE-840,2022,1,0.0,
CWE-840,2023,4,0.01,300.0
CWE-840,2024,4,0.01,0.0
CWE-840,2025,6,0.01,50.0
CWE-840,2026,27,0.04,350.0
CWE-841,2023,2,0.01,
CWE-841,2024,1,0.0,-50.0
CWE-841,2025,8,0.02,700.0
CWE-841,2026,23,0.03,187.5
CWE-842,2024,1,0.0,
CWE-842,2026,1,0.0,0.0
CWE-843,2010,2,0.04,
CWE-843,2011,2,0.05,0.0
CWE-843,2012,1,0.02,-50.0
CWE-843,2013,1,0.02,0.0
CWE-843,2014,2,0.02,100.0
CWE-843,2016,8,0.12,300.0
CWE-843,2017,11,0.06,37.5
CWE-843,2018,9,0.05,-18.2
CWE-843,2019,41,0.22,355.6
CWE-843,2020,58,0.3,41.5
CWE-843,2021,71,0.32,22.4
CWE-843,2022,51,0.19,-28.2
CWE-843,2023,80,0.26,56.9
CWE-843,2024,85,0.21,6.3
CWE-843,2025,99,0.2,16.5
CWE-843,2026,186,0.28,87.9
CWE-85,2025,1,0.0,
CWE-86,2024,2,0.0,
CWE-86,2025,3,0.01,50.0
CWE-86,2026,1,0.0,-66.7
CWE-862,2005,1,0.02,
CWE-862,2006,1,0.02,0.0
CWE-862,2009,4,0.07,300.0
CWE-862,2012,1,0.02,-75.0
CWE-862,2016,2,0.03,100.0
CWE-862,2017,42,0.23,2000.0
CWE-862,2018,61,0.34,45.2
CWE-862,2019,188,0.99,208.2
CWE-862,2020,256,1.33,36.2
CWE-862,2021,231,1.05,-9.8
CWE-862,2022,438,1.66,89.6
CWE-862,2023,786,2.54,79.5
CWE-862,2024,1806,4.44,129.8
CWE-862,2025,2227,4.46,23.3
CWE-862,2026,2959,4.46,32.9
CWE-863,2001,1,0.06,
CWE-863,2005,1,0.02,0.0
CWE-863,2006,1,0.02,0.0
CWE-863,2007,1,0.02,0.0
CWE-863,2008,3,0.05,200.0
CWE-863,2009,4,0.07,33.3
CWE-863,2010,2,0.04,-50.0
CWE-863,2011,2,0.05,0.0
CWE-863,2012,1,0.02,-50.0
CWE-863,2013,3,0.06,200.0
CWE-863,2014,2,0.02,-33.3
CWE-863,2015,1,0.02,-50.0
CWE-863,2016,2,0.03,100.0
CWE-863,2017,28,0.15,1300.0
CWE-863,2018,105,0.58,275.0
CWE-863,2019,105,0.55,0.0
CWE-863,2020,173,0.9,64.8
CWE-863,2021,266,1.21,53.8
CWE-863,2022,236,0.89,-11.3
CWE-863,2023,293,0.95,24.2
CWE-863,2024,326,0.8,11.3
CWE-863,2025,463,0.93,42.0
CWE-863,2026,1234,1.86,166.5
CWE-87,2023,1,0.0,
CWE-87,2024,2,0.0,100.0
CWE-87,2025,2,0.0,0.0
CWE-87,2026,10,0.02,400.0
CWE-88,1994,1,3.85,
CWE-88,2001,3,0.18,200.0
CWE-88,2002,1,0.05,-66.7
CWE-88,2004,6,0.24,500.0
CWE-88,2005,1,0.02,-83.3
CWE-88,2006,9,0.14,800.0
CWE-88,2007,1,0.02,-88.9
CWE-88,2016,1,0.02,0.0
CWE-88,2017,2,0.01,100.0
CWE-88,2018,14,0.08,600.0
CWE-88,2019,39,0.21,178.6
CWE-88,2020,22,0.11,-43.6
CWE-88,2021,26,0.12,18.2
CWE-88,2022,41,0.16,57.7
CWE-88,2023,16,0.05,-61.0
CWE-88,2024,32,0.08,100.0
CWE-88,2025,47,0.09,46.9
CWE-88,2026,123,0.19,161.7
CWE-882,2026,1,0.0,
CWE-89,2002,7,0.32,
CWE-89,2003,13,0.84,85.7
CWE-89,2004,10,0.4,-23.1
CWE-89,2005,51,1.02,410.0
CWE-89,2006,97,1.46,90.2
CWE-89,2007,253,3.84,160.8
CWE-89,2008,1090,19.24,330.8
CWE-89,2009,948,16.41,-13.0
CWE-89,2010,515,11.03,-45.7
CWE-89,2011,289,6.93,-43.9
CWE-89,2012,236,4.41,-18.3
CWE-89,2013,145,2.72,-38.6
CWE-89,2014,295,3.68,103.4
CWE-89,2015,213,3.23,-27.8
CWE-89,2016,89,1.37,-58.2
CWE-89,2017,504,2.78,466.3
CWE-89,2018,502,2.77,-0.4
CWE-89,2019,543,2.87,8.2
CWE-89,2020,460,2.39,-15.3
CWE-89,2021,731,3.33,58.9
CWE-89,2022,1728,6.54,136.4
CWE-89,2023,2010,6.49,16.3
CWE-89,2024,2631,6.46,30.9
CWE-89,2025,2940,5.88,11.7
CWE-89,2026,2342,3.53,-20.3
CWE-90,2017,6,0.03,
CWE-90,2018,3,0.02,-50.0
CWE-90,2019,1,0.01,-66.7
CWE-90,2021,1,0.0,0.0
CWE-90,2023,3,0.01,200.0
CWE-90,2024,1,0.0,-66.7
CWE-90,2025,8,0.02,700.0
CWE-90,2026,44,0.07,450.0
CWE-908,2007,1,0.02,
CWE-908,2008,6,0.11,500.0
CWE-908,2009,2,0.03,-66.7
CWE-908,2010,6,0.13,200.0
CWE-908,2011,12,0.29,100.0
CWE-908,2015,3,0.05,-75.0
CWE-908,2016,2,0.03,-33.3
CWE-908,2017,4,0.02,100.0
CWE-908,2018,12,0.07,200.0
CWE-908,2019,62,0.33,416.7
CWE-908,2020,42,0.22,-32.3
CWE-908,2021,68,0.31,61.9
CWE-908,2022,42,0.16,-38.2
CWE-908,2023,24,0.08,-42.9
CWE-908,2024,168,0.41,600.0
CWE-908,2025,151,0.3,-10.1
CWE-908,2026,172,0.26,13.9
CWE-909,2005,1,0.02,
CWE-909,2009,1,0.02,0.0
CWE-909,2010,5,0.11,400.0
CWE-909,2011,3,0.07,-40.0
CWE-909,2017,1,0.01,-66.7
CWE-909,2018,3,0.02,200.0
CWE-909,2019,17,0.09,466.7
CWE-909,2020,8,0.04,-52.9
CWE-909,2021,20,0.09,150.0
CWE-909,2022,9,0.03,-55.0
CWE-909,2024,8,0.02,-11.1
CWE-909,2025,9,0.02,12.5
CWE-909,2026,2,0.0,-77.8
CWE-91,2008,1,0.02,
CWE-91,2016,1,0.02,0.0
CWE-91,2017,6,0.03,500.0
CWE-91,2018,8,0.04,33.3
CWE-91,2019,12,0.06,50.0
CWE-91,2020,13,0.07,8.3
CWE-91,2021,15,0.07,15.4
CWE-91,2022,11,0.04,-26.7
CWE-91,2023,11,0.04,0.0
CWE-91,2024,9,0.02,-18.2
CWE-91,2025,12,0.02,33.3
CWE-91,2026,31,0.05,158.3
CWE-910,2026,1,0.0,
CWE-911,2022,1,0.0,
CWE-911,2023,1,0.0,0.0
CWE-911,2024,2,0.0,100.0
CWE-911,2025,1,0.0,-50.0
CWE-911,2026,2,0.0,100.0
CWE-912,2020,1,0.01,
CWE-912,2021,1,0.0,0.0
CWE-912,2022,2,0.01,100.0
CWE-912,2023,3,0.01,50.0
CWE-912,2024,9,0.02,200.0
CWE-912,2025,17,0.03,88.9
CWE-912,2026,17,0.03,0.0
CWE-913,2012,1,0.02,
CWE-913,2017,1,0.01,0.0
CWE-913,2019,3,0.02,200.0
CWE-913,2020,5,0.03,66.7
CWE-913,2021,10,0.05,100.0
CWE-913,2022,9,0.03,-10.0
CWE-913,2023,11,0.04,22.2
CWE-913,2024,4,0.01,-63.6
CWE-913,2025,18,0.04,350.0
CWE-913,2026,20,0.03,11.1
CWE-914,2024,2,0.0,
CWE-915,2023,1,0.0,
CWE-915,2024,2,0.0,100.0
CWE-915,2025,10,0.02,400.0
CWE-915,2026,71,0.11,610.0
CWE-916,2001,1,0.06,
CWE-916,2002,1,0.05,0.0
CWE-916,2005,1,0.02,0.0
CWE-916,2006,1,0.02,0.0
CWE-916,2008,1,0.02,0.0
CWE-916,2017,1,0.01,0.0
CWE-916,2018,5,0.03,400.0
CWE-916,2019,9,0.05,80.0
CWE-916,2020,9,0.05,0.0
CWE-916,2021,17,0.08,88.9
CWE-916,2022,10,0.04,-41.2
CWE-916,2023,12,0.04,20.0
CWE-916,2024,11,0.03,-8.3
CWE-916,2025,10,0.02,-9.1
CWE-916,2026,16,0.02,60.0
CWE-917,2010,1,0.02,
CWE-917,2018,3,0.02,200.0
CWE-917,2019,61,0.32,1933.3
CWE-917,2020,68,0.35,11.5
CWE-917,2021,6,0.03,-91.2
CWE-917,2022,11,0.04,83.3
CWE-917,2023,9,0.03,-18.2
CWE-917,2024,7,0.02,-22.2
CWE-917,2025,2,0.0,-71.4
CWE-917,2026,21,0.03,950.0
CWE-918,2003,1,0.06,
CWE-918,2004,1,0.04,0.0
CWE-918,2010,1,0.02,0.0
CWE-918,2016,8,0.12,700.0
CWE-918,2017,42,0.23,425.0
CWE-918,2018,67,0.37,59.5
CWE-918,2019,92,0.49,37.3
CWE-918,2020,113,0.59,22.8
CWE-918,2021,175,0.8,54.9
CWE-918,2022,205,0.78,17.1
CWE-918,2023,220,0.71,7.3
CWE-918,2024,349,0.86,58.6
CWE-918,2025,538,1.08,54.2
CWE-918,2026,1403,2.12,160.8
CWE-92,2024,11,0.03,
CWE-920,2017,1,0.01,
CWE-920,2018,1,0.01,0.0
CWE-920,2020,1,0.01,0.0
CWE-920,2024,1,0.0,0.0
CWE-921,2024,1,0.0,
CWE-921,2025,3,0.01,200.0
CWE-922,2017,4,0.02,
CWE-922,2019,12,0.06,200.0
CWE-922,2020,24,0.12,100.0
CWE-922,2021,30,0.14,25.0
CWE-922,2022,18,0.07,-40.0
CWE-922,2023,21,0.07,16.7
CWE-922,2024,81,0.2,285.7
CWE-922,2025,40,0.08,-50.6
CWE-922,2026,12,0.02,-70.0
CWE-923,2024,4,0.01,
CWE-923,2025,14,0.03,250.0
CWE-923,2026,20,0.03,42.9
CWE-924,2018,2,0.01,
CWE-924,2020,2,0.01,0.0
CWE-924,2021,3,0.01,50.0
CWE-924,2022,2,0.01,-33.3
CWE-924,2023,7,0.02,250.0
CWE-924,2024,5,0.01,-28.6
CWE-924,2025,3,0.01,-40.0
CWE-924,2026,6,0.01,100.0
CWE-925,2024,1,0.0,
CWE-925,2026,2,0.0,100.0
CWE-926,2024,8,0.02,
CWE-926,2025,29,0.06,262.5
CWE-926,2026,20,0.03,-31.0
CWE-927,2024,7,0.02,
CWE-927,2025,1,0.0,-85.7
CWE-93,2007,1,0.02,
CWE-93,2016,3,0.05,200.0
CWE-93,2017,10,0.06,233.3
CWE-93,2018,7,0.04,-30.0
CWE-93,2019,11,0.06,57.1
CWE-93,2021,2,0.01,-81.8
CWE-93,2022,1,0.0,-50.0
CWE-93,2023,1,0.0,0.0
CWE-93,2024,8,0.02,700.0
CWE-93,2025,22,0.04,175.0
CWE-93,2026,125,0.19,468.2
CWE-939,2024,3,0.01,
CWE-939,2025,3,0.01,0.0
CWE-939,2026,10,0.02,233.3
CWE-94,1996,1,1.33,
CWE-94,1999,3,0.33,200.0
CWE-94,2000,1,0.1,-66.7
CWE-94,2001,2,0.12,100.0
CWE-94,2002,12,0.55,500.0
CWE-94,2003,14,0.9,16.7
CWE-94,2004,6,0.24,-57.1
CWE-94,2005,28,0.56,366.7
CWE-94,2006,180,2.7,542.9
CWE-94,2007,295,4.47,63.9
CWE-94,2008,308,5.44,4.4
CWE-94,2009,315,5.45,2.3
CWE-94,2010,249,5.34,-21.0
CWE-94,2011,101,2.42,-59.4
CWE-94,2012,132,2.47,30.7
CWE-94,2013,138,2.59,4.5
CWE-94,2014,188,2.35,36.2
CWE-94,2015,50,0.76,-73.4
CWE-94,2016,23,0.35,-54.0
CWE-94,2017,89,0.49,287.0
CWE-94,2018,157,0.86,76.4
CWE-94,2019,124,0.65,-21.0
CWE-94,2020,86,0.45,-30.6
CWE-94,2021,125,0.57,45.3
CWE-94,2022,140,0.53,12.0
CWE-94,2023,267,0.86,90.7
CWE-94,2024,568,1.4,112.7
CWE-94,2025,583,1.17,2.6
CWE-94,2026,922,1.39,58.1
CWE-940,2022,2,0.01,
CWE-940,2023,1,0.0,-50.0
CWE-940,2024,7,0.02,600.0
CWE-940,2025,9,0.02,28.6
CWE-940,2026,16,0.02,77.8
CWE-941,2022,1,0.0,
CWE-941,2024,1,0.0,0.0
CWE-941,2025,1,0.0,0.0
CWE-941,2026,3,0.0,200.0
CWE-942,2023,3,0.01,
CWE-942,2024,6,0.01,100.0
CWE-942,2025,14,0.03,133.3
CWE-942,2026,41,0.06,192.9
CWE-943,2017,1,0.01,
CWE-943,2019,1,0.01,0.0
CWE-943,2024,1,0.0,0.0
CWE-943,2025,5,0.01,400.0
CWE-943,2026,75,0.11,1400.0
CWE-95,2022,2,0.01,
CWE-95,2023,1,0.0,-50.0
CWE-95,2024,5,0.01,400.0
CWE-95,2025,18,0.04,260.0
CWE-95,2026,60,0.09,233.3
CWE-96,2024,1,0.0,
CWE-96,2025,8,0.02,700.0
CWE-96,2026,3,0.0,-62.5
CWE-97,2024,3,0.01,
CWE-97,2025,4,0.01,33.3
CWE-98,2022,1,0.0,
CWE-98,2023,3,0.01,200.0
CWE-98,2024,63,0.15,2000.0
CWE-98,2025,572,1.14,807.9
CWE-98,2026,567,0.86,-0.9
CWE-99,2017,1,0.01,
CWE-99,2019,1,0.01,0.0
CWE-99,2022,2,0.01,100.0
CWE-99,2025,14,0.03,600.0
CWE-99,2026,15,0.02,7.1
NVD-CWE-Other,1988,2,100.0,
NVD-CWE-Other,1989,3,100.0,50.0
NVD-CWE-Other,1990,11,100.0,266.7
NVD-CWE-Other,1991,15,100.0,36.4
NVD-CWE-Other,1992,13,92.86,-13.3
NVD-CWE-Other,1993,13,100.0,0.0
NVD-CWE-Other,1994,23,88.46,76.9
NVD-CWE-Other,1995,25,100.0,8.7
NVD-CWE-Other,1996,70,93.33,180.0
NVD-CWE-Other,1997,241,95.26,244.3
NVD-CWE-Other,1998,236,95.55,-2.1
NVD-CWE-Other,1999,835,90.47,253.8
NVD-CWE-Other,2000,983,96.37,17.7
NVD-CWE-Other,2001,1577,93.92,60.4
NVD-CWE-Other,2002,1850,85.25,17.3
NVD-CWE-Other,2003,1237,79.91,-33.1
NVD-CWE-Other,2004,2191,88.38,77.1
NVD-CWE-Other,2005,4424,88.3,101.9
NVD-CWE-Other,2006,5513,82.79,24.6
NVD-CWE-Other,2007,3798,57.58,-31.1
NVD-CWE-Other,2008,152,2.68,-96.0
NVD-CWE-Other,2009,244,4.22,60.5
NVD-CWE-Other,2010,273,5.85,11.9
NVD-CWE-Other,2011,165,3.95,-39.6
NVD-CWE-Other,2012,324,6.05,96.4
NVD-CWE-Other,2013,124,2.33,-61.7
NVD-CWE-Other,2014,330,4.12,166.1
NVD-CWE-Other,2015,543,8.23,64.5
NVD-CWE-Other,2016,271,4.16,-50.1
NVD-CWE-Other,2017,24,0.13,-91.1
NVD-CWE-Other,2018,20,0.11,-16.7
NVD-CWE-Other,2019,156,0.82,680.0
NVD-CWE-Other,2020,377,1.96,141.7
NVD-CWE-Other,2021,783,3.57,107.7
NVD-CWE-Other,2022,986,3.73,25.9
NVD-CWE-Other,2023,795,2.57,-19.4
NVD-CWE-Other,2024,766,1.88,-3.6
NVD-CWE-Other,2025,426,0.85,-44.4
NVD-CWE-Other,2026,142,0.21,-66.7
NVD-CWE-noinfo,1994,1,3.85,
NVD-CWE-noinfo,1996,1,1.33,0.0
NVD-CWE-noinfo,1997,3,1.19,200.0
NVD-CWE-noinfo,1999,5,0.54,66.7
NVD-CWE-noinfo,2000,5,0.49,0.0
NVD-CWE-noinfo,2001,3,0.18,-40.0
NVD-CWE-noinfo,2002,8,0.37,166.7
NVD-CWE-noinfo,2003,8,0.52,0.0
NVD-CWE-noinfo,2004,22,0.89,175.0
NVD-CWE-noinfo,2005,38,0.76,72.7
NVD-CWE-noinfo,2006,179,2.69,371.1
NVD-CWE-noinfo,2007,217,3.29,21.2
NVD-CWE-noinfo,2008,327,5.77,50.7
NVD-CWE-noinfo,2009,559,9.67,70.9
NVD-CWE-noinfo,2010,598,12.81,7.0
NVD-CWE-noinfo,2011,612,14.67,2.3
NVD-CWE-noinfo,2012,809,15.12,32.2
NVD-CWE-noinfo,2013,937,17.6,15.8
NVD-CWE-noinfo,2014,789,9.85,-15.8
NVD-CWE-noinfo,2015,755,11.45,-4.3
NVD-CWE-noinfo,2016,811,12.44,7.4
NVD-CWE-noinfo,2017,1703,9.4,110.0
NVD-CWE-noinfo,2018,2011,11.08,18.1
NVD-CWE-noinfo,2019,2338,12.35,16.3
NVD-CWE-noinfo,2020,3549,18.46,51.8
NVD-CWE-noinfo,2021,2792,12.72,-21.3
NVD-CWE-noinfo,2022,3305,12.5,18.4
NVD-CWE-noinfo,2023,4187,13.53,26.7
NVD-CWE-noinfo,2024,5016,12.32,19.8
NVD-CWE-noinfo,2025,2518,5.04,-49.8
NVD-CWE-noinfo,2026,1906,2.88,-24.3
